# Blender 5.1.1
# www.blender.org
mtllib fence.mtl
o fence
v 0.002000 0.000000 0.018868
v 0.002000 0.002000 0.020868
v 0.000000 0.002000 0.018868
v 0.002000 0.028000 0.020868
v 0.002000 0.030000 0.018868
v 0.000000 0.028000 0.018868
v 0.002000 0.000000 -0.018868
v 0.000000 0.002000 -0.018868
v 0.002000 0.002000 -0.020868
v 0.002000 0.030000 -0.018868
v 0.002000 0.028000 -0.020868
v 0.000000 0.028000 -0.018868
v 1.382070 0.000000 0.018868
v 1.384070 0.002000 0.018868
v 1.382070 0.002000 0.020868
v 1.382070 0.030000 0.018868
v 1.382070 0.028000 0.020868
v 1.384070 0.028000 0.018868
v 1.382070 0.000000 -0.018868
v 1.382070 0.002000 -0.020868
v 1.384070 0.002000 -0.018868
v 1.382070 0.030000 -0.018868
v 1.384070 0.028000 -0.018868
v 1.382070 0.028000 -0.020868
v 0.002000 0.995999 0.018868
v 0.002000 0.997999 0.020868
v 0.000000 0.997999 0.018868
v 0.002000 1.023999 0.020868
v 0.002000 1.025999 0.018868
v 0.000000 1.023999 0.018868
v 0.002000 0.995999 -0.018868
v 0.000000 0.997999 -0.018868
v 0.002000 0.997999 -0.020868
v 0.002000 1.025999 -0.018868
v 0.002000 1.023999 -0.020868
v 0.000000 1.023999 -0.018868
v 1.382070 0.995999 0.018868
v 1.384070 0.997999 0.018868
v 1.382070 0.997999 0.020868
v 1.382070 1.025999 0.018868
v 1.382070 1.023999 0.020868
v 1.384070 1.023999 0.018868
v 1.382070 0.995999 -0.018868
v 1.382070 0.997999 -0.020868
v 1.384070 0.997999 -0.018868
v 1.382070 1.025999 -0.018868
v 1.384070 1.023999 -0.018868
v 1.382070 1.023999 -0.020868
v 0.134035 0.025556 -0.010310
v 0.146035 0.025556 -0.010310
v 0.152035 0.025556 0.000082
v 0.146035 0.025556 0.010474
v 0.134035 0.025556 0.010474
v 0.128035 0.025556 0.000082
v 0.141155 1.304541 -0.003539
v 0.141705 1.302534 -0.004609
v 0.140753 1.302525 -0.004590
v 0.142183 1.302541 -0.003804
v 0.141709 1.302539 -0.002982
v 0.140757 1.302531 -0.002963
v 0.140279 1.302523 -0.003767
v 0.136645 1.236253 -0.005789
v 0.143425 1.236253 -0.005789
v 0.146815 1.236253 0.000082
v 0.143425 1.236253 0.005953
v 0.136645 1.236253 0.005953
v 0.133255 1.236253 0.000082
v 0.134035 1.174753 -0.010310
v 0.146035 1.174753 -0.010310
v 0.152035 1.174753 0.000082
v 0.146035 1.174753 0.010474
v 0.134035 1.174753 0.010474
v 0.128035 1.174753 0.000082
v 0.142328 1.273982 -0.004747
v 0.138873 1.273964 -0.004710
v 0.137149 1.273961 -0.001720
v 0.144059 1.273997 -0.001796
v 0.142335 1.273994 0.001193
v 0.138880 1.273975 0.001231
v 0.410035 0.025556 -0.010310
v 0.422035 0.025556 -0.010310
v 0.428035 0.025556 0.000082
v 0.422035 0.025556 0.010474
v 0.410035 0.025556 0.010474
v 0.404035 0.025556 0.000082
v 0.416200 1.303728 0.001662
v 0.416688 1.301713 0.000874
v 0.415742 1.301716 0.000880
v 0.417160 1.301707 0.001694
v 0.416687 1.301703 0.002519
v 0.415741 1.301706 0.002526
v 0.415269 1.301713 0.001706
v 0.412646 1.236259 -0.005793
v 0.419425 1.236257 -0.005792
v 0.422815 1.236256 0.000081
v 0.419425 1.236255 0.005952
v 0.412646 1.236257 0.005952
v 0.409256 1.236259 0.000079
v 0.410035 1.174753 -0.010310
v 0.422035 1.174753 -0.010310
v 0.428035 1.174753 0.000082
v 0.422035 1.174753 0.010474
v 0.410035 1.174753 0.010474
v 0.404035 1.174753 0.000082
v 0.417970 1.274617 -0.001995
v 0.414529 1.274632 -0.001976
v 0.412806 1.274618 0.001028
v 0.419688 1.274588 0.000991
v 0.417965 1.274575 0.003995
v 0.414524 1.274589 0.004014
v 0.686035 0.025556 -0.010310
v 0.698035 0.025556 -0.010310
v 0.704035 0.025556 0.000082
v 0.698035 0.025556 0.010474
v 0.686035 0.025556 0.010474
v 0.680035 0.025556 0.000082
v 0.692035 1.302806 0.000082
v 0.692508 1.300679 -0.000737
v 0.691562 1.300679 -0.000737
v 0.692981 1.300679 0.000082
v 0.692508 1.300679 0.000901
v 0.691562 1.300679 0.000901
v 0.691089 1.300679 0.000082
v 0.689614 1.236700 -0.002387
v 0.696420 1.236691 -0.002480
v 0.699887 1.236709 0.003521
v 0.696545 1.236737 0.009606
v 0.689732 1.236745 0.009692
v 0.686268 1.236728 0.003700
v 0.686037 1.174759 -0.010267
v 0.698036 1.174755 -0.010295
v 0.704036 1.174755 0.000095
v 0.698038 1.174758 0.010513
v 0.686039 1.174762 0.010550
v 0.680039 1.174763 0.000162
v 0.693760 1.273098 -0.002893
v 0.690316 1.273098 -0.002895
v 0.688596 1.273098 0.000090
v 0.695485 1.273099 0.000094
v 0.693765 1.273099 0.003079
v 0.690320 1.273099 0.003077
v 0.962035 0.025556 -0.010310
v 0.974035 0.025556 -0.010310
v 0.980035 0.025556 0.000082
v 0.974035 0.025556 0.010474
v 0.962035 0.025556 0.010474
v 0.956035 0.025556 0.000082
v 0.968035 1.302806 0.000082
v 0.968508 1.300679 -0.000737
v 0.967562 1.300679 -0.000737
v 0.968981 1.300679 0.000082
v 0.968508 1.300679 0.000901
v 0.967562 1.300679 0.000901
v 0.967089 1.300679 0.000082
v 0.965440 1.236470 -0.004291
v 0.972244 1.236476 -0.004246
v 0.975697 1.236493 0.001745
v 0.972348 1.236504 0.007693
v 0.965542 1.236497 0.007643
v 0.962088 1.236480 0.001651
v 0.962035 1.174753 -0.010310
v 0.974035 1.174753 -0.010310
v 0.980035 1.174753 0.000082
v 0.974035 1.174753 0.010474
v 0.962035 1.174753 0.010474
v 0.956035 1.174753 0.000082
v 0.970387 1.273269 -0.001712
v 0.966934 1.273266 -0.001731
v 0.965228 1.273270 0.001281
v 0.972135 1.273276 0.001320
v 0.970430 1.273280 0.004333
v 0.966976 1.273277 0.004313
v 1.238035 0.025556 -0.010310
v 1.250035 0.025556 -0.010310
v 1.256035 0.025556 0.000082
v 1.250035 0.025556 0.010474
v 1.238035 0.025556 0.010474
v 1.232035 0.025556 0.000082
v 1.245223 1.303073 0.002325
v 1.245751 1.300958 0.001610
v 1.244799 1.300957 0.001600
v 1.246226 1.300959 0.002434
v 1.245750 1.300958 0.003247
v 1.244798 1.300957 0.003236
v 1.244323 1.300956 0.002413
v 1.240645 1.236253 -0.005789
v 1.247425 1.236253 -0.005789
v 1.250815 1.236253 0.000082
v 1.247425 1.236253 0.005953
v 1.240645 1.236253 0.005953
v 1.237255 1.236253 0.000082
v 1.238035 1.174753 -0.010310
v 1.250035 1.174753 -0.010310
v 1.256035 1.174753 0.000082
v 1.250035 1.174753 0.010474
v 1.238035 1.174753 0.010474
v 1.232035 1.174753 0.000082
v 1.246211 1.273199 -0.002041
v 1.242759 1.273197 -0.002059
v 1.241032 1.273196 0.000913
v 1.247937 1.273200 0.000948
v 1.246209 1.273199 0.003919
v 1.242757 1.273197 0.003902
v 0.272035 0.025556 -0.010310
v 0.284035 0.025556 -0.010310
v 0.290035 0.025556 0.000082
v 0.284035 0.025556 0.010474
v 0.272035 0.025556 0.010474
v 0.266035 0.025556 0.000082
v 0.272035 1.061712 -0.010310
v 0.284035 1.061712 -0.010310
v 0.278035 1.135585 0.000082
v 0.290035 1.061712 0.000082
v 0.284035 1.061712 0.010474
v 0.272035 1.061712 0.010474
v 0.266035 1.061712 0.000082
v 0.284035 1.135183 -0.010310
v 0.272035 1.132168 -0.010310
v 0.290035 1.135183 0.000082
v 0.284035 1.135183 0.010474
v 0.272035 1.132168 0.010474
v 0.266035 1.132168 0.000082
v 0.545441 0.025556 0.008458
v 0.542485 0.025556 -0.003172
v 0.551078 0.025556 -0.011548
v 0.562629 0.025556 -0.008293
v 0.565585 0.025556 0.003337
v 0.556992 0.025556 0.011712
v 0.545441 1.061712 0.008458
v 0.542485 1.061712 -0.003172
v 0.554035 1.135585 0.000082
v 0.551078 1.061712 -0.011548
v 0.562629 1.061712 -0.008293
v 0.565585 1.061712 0.003337
v 0.556992 1.061712 0.011712
v 0.542485 1.135183 -0.003172
v 0.545441 1.132168 0.008458
v 0.551078 1.135183 -0.011548
v 0.562629 1.135183 -0.008293
v 0.565585 1.132168 0.003337
v 0.556992 1.132168 0.011712
v 0.841979 0.025556 0.001238
v 0.835006 0.025556 0.011004
v 0.823061 0.025556 0.009848
v 0.818091 0.025556 -0.001074
v 0.825064 0.025556 -0.010840
v 0.837008 0.025556 -0.009684
v 0.841979 1.061712 0.001238
v 0.835006 1.061712 0.011004
v 0.830035 1.135585 0.000082
v 0.823061 1.061712 0.009848
v 0.818091 1.061712 -0.001074
v 0.825064 1.061712 -0.010840
v 0.837008 1.061712 -0.009684
v 0.835006 1.135183 0.011004
v 0.841979 1.132168 0.001238
v 0.823061 1.135183 0.009848
v 0.818091 1.135183 -0.001074
v 0.825064 1.132168 -0.010840
v 0.837008 1.132168 -0.009684
v 1.100035 0.025556 -0.010310
v 1.112035 0.025556 -0.010310
v 1.118035 0.025556 0.000082
v 1.112035 0.025556 0.010474
v 1.100035 0.025556 0.010474
v 1.094035 0.025556 0.000082
v 1.100035 1.061712 -0.010310
v 1.112035 1.061712 -0.010310
v 1.106035 1.135585 0.000082
v 1.118035 1.061712 0.000082
v 1.112035 1.061712 0.010474
v 1.100035 1.061712 0.010474
v 1.094035 1.061712 0.000082
v 1.112035 1.135183 -0.010310
v 1.100035 1.132168 -0.010310
v 1.118035 1.135183 0.000082
v 1.112035 1.135183 0.010474
v 1.100035 1.132168 0.010474
v 1.094035 1.132168 0.000082
v 1.387557 0.025556 -0.010572
v 1.394023 0.025556 -0.000462
v 1.388500 0.025556 0.010191
v 1.376513 0.025556 0.010736
v 1.370048 0.025556 0.000626
v 1.375570 0.025556 -0.010028
v 1.387557 1.061712 -0.010572
v 1.394023 1.061712 -0.000462
v 1.382035 1.135585 0.000082
v 1.388500 1.061712 0.010191
v 1.376513 1.061712 0.010736
v 1.370048 1.061712 0.000626
v 1.375570 1.061712 -0.010028
v 1.394023 1.135183 -0.000462
v 1.387557 1.132168 -0.010572
v 1.388500 1.135183 0.010191
v 1.376513 1.135183 0.010736
v 1.370048 1.132168 0.000626
v 1.375570 1.132168 -0.010028
v 0.226730 1.090073 0.000515
v 0.226730 1.090073 -0.000351
v 0.226069 1.089718 -0.000783
v 0.225408 1.089364 -0.000351
v 0.225408 1.089364 0.000515
v 0.226069 1.089718 0.000948
v 0.185155 1.211738 0.000607
v 0.185155 1.211738 -0.000443
v 0.185816 1.211113 -0.000968
v 0.186478 1.210488 -0.000443
v 0.186478 1.210488 0.000607
v 0.185816 1.211113 0.001133
v 0.173762 1.198076 0.001164
v 0.173762 1.198076 -0.000999
v 0.175348 1.197077 -0.002081
v 0.176933 1.196078 -0.000999
v 0.176933 1.196078 0.001164
v 0.175348 1.197077 0.002246
v 0.161745 1.177260 0.001720
v 0.161745 1.177260 -0.001556
v 0.164352 1.176139 -0.003194
v 0.166958 1.175018 -0.001556
v 0.166958 1.175018 0.001720
v 0.164352 1.176139 0.003359
v 0.151967 1.151528 0.002277
v 0.151967 1.151528 -0.002112
v 0.155670 1.150669 -0.004307
v 0.159373 1.149811 -0.002112
v 0.159373 1.149811 0.002277
v 0.155670 1.150669 0.004472
v 0.147381 1.123167 0.002833
v 0.147381 1.123167 -0.002669
v 0.152145 1.123039 -0.005420
v 0.156908 1.122911 -0.002669
v 0.156908 1.122911 0.002833
v 0.152145 1.123039 0.005585
v 0.149712 1.091373 0.002833
v 0.149712 1.091373 -0.002669
v 0.154413 1.092153 -0.005420
v 0.159114 1.092934 -0.002669
v 0.159114 1.092934 0.002833
v 0.154413 1.092153 0.005585
v 0.158338 1.058550 0.002833
v 0.158338 1.058550 -0.002669
v 0.162685 1.060503 -0.005420
v 0.167032 1.062455 -0.002669
v 0.167032 1.062455 0.002833
v 0.162685 1.060503 0.005585
v 0.176206 1.032091 0.002833
v 0.176206 1.032091 -0.002669
v 0.179158 1.035832 -0.005420
v 0.182111 1.039572 -0.002669
v 0.182111 1.039572 0.002833
v 0.179158 1.035832 0.005585
v 0.205522 1.021149 0.002833
v 0.205522 1.021149 -0.002669
v 0.206031 1.025887 -0.005420
v 0.206541 1.030625 -0.002669
v 0.206541 1.030625 0.002833
v 0.206031 1.025887 0.005585
v 0.233335 1.025006 0.002833
v 0.233335 1.025006 -0.002669
v 0.231844 1.029532 -0.005420
v 0.230353 1.034058 -0.002669
v 0.230353 1.034058 0.002833
v 0.231844 1.029532 0.005585
v 0.252481 1.035398 0.002833
v 0.252481 1.035398 -0.002669
v 0.249402 1.039035 -0.005420
v 0.246324 1.042673 -0.002669
v 0.246324 1.042673 0.002833
v 0.249402 1.039035 0.005585
v 0.263963 1.050113 0.002833
v 0.263963 1.050113 -0.002669
v 0.259703 1.052248 -0.005420
v 0.255442 1.054383 -0.002669
v 0.255442 1.054383 0.002833
v 0.259703 1.052248 0.005585
v 0.268467 1.066404 0.002833
v 0.268467 1.066404 -0.002669
v 0.263741 1.067021 -0.005420
v 0.259016 1.067638 -0.002669
v 0.259016 1.067638 0.002833
v 0.263741 1.067021 0.005585
v 0.268394 1.078820 0.002833
v 0.268394 1.078820 -0.002669
v 0.263661 1.078268 -0.005420
v 0.258928 1.077716 -0.002669
v 0.258928 1.077716 0.002833
v 0.263661 1.078268 0.005585
v 0.265581 1.091041 0.002833
v 0.265581 1.091041 -0.002669
v 0.261119 1.089370 -0.005420
v 0.256656 1.087700 -0.002669
v 0.256656 1.087700 0.002833
v 0.261119 1.089370 0.005585
v 0.259313 1.102745 0.002833
v 0.259313 1.102745 -0.002669
v 0.255471 1.099926 -0.005420
v 0.251628 1.097108 -0.002669
v 0.251628 1.097108 0.002833
v 0.255471 1.099926 0.005585
v 0.248781 1.113456 0.002833
v 0.248781 1.113456 -0.002669
v 0.246073 1.109535 -0.005420
v 0.243366 1.105614 -0.002669
v 0.243366 1.105614 0.002833
v 0.246073 1.109535 0.005585
v 0.232752 1.120077 0.002664
v 0.232752 1.120077 -0.002499
v 0.232067 1.115659 -0.005080
v 0.231382 1.111240 -0.002499
v 0.231382 1.111240 0.002664
v 0.232067 1.115659 0.005245
v 0.216812 1.118103 0.002494
v 0.216812 1.118103 -0.002329
v 0.218346 1.114218 -0.004741
v 0.219880 1.110333 -0.002329
v 0.219880 1.110333 0.002494
v 0.218346 1.114218 0.004905
v 0.204778 1.108587 0.002324
v 0.204778 1.108587 -0.002159
v 0.207961 1.106365 -0.004401
v 0.211144 1.104142 -0.002159
v 0.211144 1.104142 0.002324
v 0.207961 1.106365 0.004565
v 0.200376 1.093133 0.002154
v 0.200376 1.093133 -0.001989
v 0.203962 1.093247 -0.004061
v 0.207549 1.093360 -0.001989
v 0.207549 1.093360 0.002154
v 0.203962 1.093247 0.004226
v 0.206504 1.079081 0.001744
v 0.206504 1.079081 -0.001580
v 0.208504 1.081151 -0.003242
v 0.210504 1.083221 -0.001580
v 0.210504 1.083221 0.001744
v 0.208504 1.081151 0.003406
v 0.217793 1.075897 0.001335
v 0.217793 1.075897 -0.001170
v 0.217676 1.078063 -0.002422
v 0.217559 1.080229 -0.001170
v 0.217559 1.080229 0.001335
v 0.217676 1.078063 0.002587
v 0.226720 1.080857 0.000925
v 0.226720 1.080857 -0.000760
v 0.225518 1.081685 -0.001603
v 0.224316 1.082513 -0.000760
v 0.224316 1.082513 0.000925
v 0.225518 1.081685 0.001767
v 0.053340 1.090073 0.000515
v 0.053340 1.090073 -0.000351
v 0.054001 1.089718 -0.000783
v 0.054662 1.089364 -0.000351
v 0.054662 1.089364 0.000515
v 0.054001 1.089718 0.000948
v 0.094915 1.211738 0.000607
v 0.094915 1.211738 -0.000443
v 0.094254 1.211113 -0.000968
v 0.093593 1.210488 -0.000443
v 0.093593 1.210488 0.000607
v 0.094254 1.211113 0.001133
v 0.106308 1.198076 0.001164
v 0.106308 1.198076 -0.000999
v 0.104722 1.197077 -0.002081
v 0.103137 1.196078 -0.000999
v 0.103137 1.196078 0.001164
v 0.104722 1.197077 0.002246
v 0.118325 1.177260 0.001720
v 0.118325 1.177260 -0.001556
v 0.115718 1.176139 -0.003194
v 0.113112 1.175018 -0.001556
v 0.113112 1.175018 0.001720
v 0.115718 1.176139 0.003359
v 0.128103 1.151528 0.002277
v 0.128103 1.151528 -0.002112
v 0.124400 1.150669 -0.004307
v 0.120697 1.149811 -0.002112
v 0.120697 1.149811 0.002277
v 0.124400 1.150669 0.004472
v 0.132689 1.123167 0.002833
v 0.132689 1.123167 -0.002669
v 0.127925 1.123039 -0.005420
v 0.123162 1.122911 -0.002669
v 0.123162 1.122911 0.002833
v 0.127925 1.123039 0.005585
v 0.130358 1.091373 0.002833
v 0.130358 1.091373 -0.002669
v 0.125657 1.092153 -0.005420
v 0.120956 1.092934 -0.002669
v 0.120956 1.092934 0.002833
v 0.125657 1.092153 0.005585
v 0.121732 1.058550 0.002833
v 0.121732 1.058550 -0.002669
v 0.117385 1.060503 -0.005420
v 0.113038 1.062455 -0.002669
v 0.113038 1.062455 0.002833
v 0.117385 1.060503 0.005585
v 0.103864 1.032091 0.002833
v 0.103864 1.032091 -0.002669
v 0.100912 1.035832 -0.005420
v 0.097959 1.039572 -0.002669
v 0.097959 1.039572 0.002833
v 0.100912 1.035832 0.005585
v 0.074548 1.021149 0.002833
v 0.074548 1.021149 -0.002669
v 0.074039 1.025887 -0.005420
v 0.073530 1.030625 -0.002669
v 0.073530 1.030625 0.002833
v 0.074039 1.025887 0.005585
v 0.046735 1.025006 0.002833
v 0.046735 1.025006 -0.002669
v 0.048226 1.029532 -0.005420
v 0.049717 1.034058 -0.002669
v 0.049717 1.034058 0.002833
v 0.048226 1.029532 0.005585
v 0.027589 1.035398 0.002833
v 0.027589 1.035398 -0.002669
v 0.030668 1.039035 -0.005420
v 0.033746 1.042673 -0.002669
v 0.033746 1.042673 0.002833
v 0.030668 1.039035 0.005585
v 0.016107 1.050113 0.002833
v 0.016107 1.050113 -0.002669
v 0.020367 1.052248 -0.005420
v 0.024628 1.054383 -0.002669
v 0.024628 1.054383 0.002833
v 0.020367 1.052248 0.005585
v 0.011603 1.066404 0.002833
v 0.011603 1.066404 -0.002669
v 0.016329 1.067021 -0.005420
v 0.021054 1.067638 -0.002669
v 0.021054 1.067638 0.002833
v 0.016329 1.067021 0.005585
v 0.011676 1.078820 0.002833
v 0.011676 1.078820 -0.002669
v 0.016409 1.078268 -0.005420
v 0.021142 1.077716 -0.002669
v 0.021142 1.077716 0.002833
v 0.016409 1.078268 0.005585
v 0.014489 1.091041 0.002833
v 0.014489 1.091041 -0.002669
v 0.018951 1.089370 -0.005420
v 0.023414 1.087700 -0.002669
v 0.023414 1.087700 0.002833
v 0.018951 1.089370 0.005585
v 0.020757 1.102745 0.002833
v 0.020757 1.102745 -0.002669
v 0.024599 1.099926 -0.005420
v 0.028442 1.097108 -0.002669
v 0.028442 1.097108 0.002833
v 0.024599 1.099926 0.005585
v 0.031289 1.113456 0.002833
v 0.031289 1.113456 -0.002669
v 0.033997 1.109535 -0.005420
v 0.036705 1.105614 -0.002669
v 0.036705 1.105614 0.002833
v 0.033997 1.109535 0.005585
v 0.047318 1.120077 0.002664
v 0.047318 1.120077 -0.002499
v 0.048003 1.115659 -0.005080
v 0.048688 1.111240 -0.002499
v 0.048688 1.111240 0.002664
v 0.048003 1.115659 0.005245
v 0.063258 1.118103 0.002494
v 0.063258 1.118103 -0.002329
v 0.061724 1.114218 -0.004741
v 0.060190 1.110333 -0.002329
v 0.060190 1.110333 0.002494
v 0.061724 1.114218 0.004905
v 0.075292 1.108587 0.002324
v 0.075292 1.108587 -0.002159
v 0.072109 1.106365 -0.004401
v 0.068926 1.104142 -0.002159
v 0.068926 1.104142 0.002324
v 0.072109 1.106365 0.004565
v 0.079694 1.093133 0.002154
v 0.079694 1.093133 -0.001989
v 0.076108 1.093247 -0.004061
v 0.072521 1.093360 -0.001989
v 0.072521 1.093360 0.002154
v 0.076108 1.093247 0.004226
v 0.073566 1.079081 0.001744
v 0.073566 1.079081 -0.001580
v 0.071566 1.081151 -0.003242
v 0.069566 1.083221 -0.001580
v 0.069566 1.083221 0.001744
v 0.071566 1.081151 0.003406
v 0.062277 1.075897 0.001335
v 0.062277 1.075897 -0.001170
v 0.062394 1.078063 -0.002422
v 0.062511 1.080229 -0.001170
v 0.062511 1.080229 0.001335
v 0.062394 1.078063 0.002587
v 0.053350 1.080857 0.000925
v 0.053350 1.080857 -0.000760
v 0.054552 1.081685 -0.001603
v 0.055754 1.082513 -0.000760
v 0.055754 1.082513 0.000925
v 0.054552 1.081685 0.001767
v 0.502730 1.090073 0.000515
v 0.502730 1.090073 -0.000351
v 0.502069 1.089718 -0.000783
v 0.501408 1.089364 -0.000351
v 0.501408 1.089364 0.000515
v 0.502069 1.089718 0.000948
v 0.461155 1.211738 0.000607
v 0.461155 1.211738 -0.000443
v 0.461816 1.211113 -0.000968
v 0.462478 1.210488 -0.000443
v 0.462478 1.210488 0.000607
v 0.461816 1.211113 0.001133
v 0.449762 1.198076 0.001164
v 0.449762 1.198076 -0.000999
v 0.451348 1.197077 -0.002081
v 0.452933 1.196078 -0.000999
v 0.452933 1.196078 0.001164
v 0.451348 1.197077 0.002246
v 0.437745 1.177260 0.001720
v 0.437745 1.177260 -0.001556
v 0.440352 1.176139 -0.003194
v 0.442958 1.175018 -0.001556
v 0.442958 1.175018 0.001720
v 0.440352 1.176139 0.003359
v 0.427967 1.151528 0.002277
v 0.427967 1.151528 -0.002112
v 0.431670 1.150669 -0.004307
v 0.435373 1.149811 -0.002112
v 0.435373 1.149811 0.002277
v 0.431670 1.150669 0.004472
v 0.423381 1.123167 0.002833
v 0.423381 1.123167 -0.002669
v 0.428145 1.123039 -0.005420
v 0.432908 1.122911 -0.002669
v 0.432908 1.122911 0.002833
v 0.428145 1.123039 0.005585
v 0.425712 1.091373 0.002833
v 0.425712 1.091373 -0.002669
v 0.430413 1.092153 -0.005420
v 0.435114 1.092934 -0.002669
v 0.435114 1.092934 0.002833
v 0.430413 1.092153 0.005585
v 0.434338 1.058550 0.002833
v 0.434338 1.058550 -0.002669
v 0.438685 1.060503 -0.005420
v 0.443032 1.062455 -0.002669
v 0.443032 1.062455 0.002833
v 0.438685 1.060503 0.005585
v 0.452206 1.032091 0.002833
v 0.452206 1.032091 -0.002669
v 0.455158 1.035832 -0.005420
v 0.458111 1.039572 -0.002669
v 0.458111 1.039572 0.002833
v 0.455158 1.035832 0.005585
v 0.481522 1.021149 0.002833
v 0.481522 1.021149 -0.002669
v 0.482031 1.025887 -0.005420
v 0.482540 1.030625 -0.002669
v 0.482540 1.030625 0.002833
v 0.482031 1.025887 0.005585
v 0.509335 1.025006 0.002833
v 0.509335 1.025006 -0.002669
v 0.507844 1.029532 -0.005420
v 0.506353 1.034058 -0.002669
v 0.506353 1.034058 0.002833
v 0.507844 1.029532 0.005585
v 0.528481 1.035398 0.002833
v 0.528481 1.035398 -0.002669
v 0.525402 1.039035 -0.005420
v 0.522324 1.042673 -0.002669
v 0.522324 1.042673 0.002833
v 0.525402 1.039035 0.005585
v 0.539963 1.050113 0.002833
v 0.539963 1.050113 -0.002669
v 0.535703 1.052248 -0.005420
v 0.531442 1.054383 -0.002669
v 0.531442 1.054383 0.002833
v 0.535703 1.052248 0.005585
v 0.544467 1.066404 0.002833
v 0.544467 1.066404 -0.002669
v 0.539741 1.067021 -0.005420
v 0.535016 1.067638 -0.002669
v 0.535016 1.067638 0.002833
v 0.539741 1.067021 0.005585
v 0.544394 1.078820 0.002833
v 0.544394 1.078820 -0.002669
v 0.539661 1.078268 -0.005420
v 0.534928 1.077716 -0.002669
v 0.534928 1.077716 0.002833
v 0.539661 1.078268 0.005585
v 0.541581 1.091041 0.002833
v 0.541581 1.091041 -0.002669
v 0.537119 1.089370 -0.005420
v 0.532656 1.087700 -0.002669
v 0.532656 1.087700 0.002833
v 0.537119 1.089370 0.005585
v 0.535313 1.102745 0.002833
v 0.535313 1.102745 -0.002669
v 0.531471 1.099926 -0.005420
v 0.527628 1.097108 -0.002669
v 0.527628 1.097108 0.002833
v 0.531471 1.099926 0.005585
v 0.524781 1.113456 0.002833
v 0.524781 1.113456 -0.002669
v 0.522073 1.109535 -0.005420
v 0.519365 1.105614 -0.002669
v 0.519365 1.105614 0.002833
v 0.522073 1.109535 0.005585
v 0.508752 1.120077 0.002664
v 0.508752 1.120077 -0.002499
v 0.508067 1.115659 -0.005080
v 0.507382 1.111240 -0.002499
v 0.507382 1.111240 0.002664
v 0.508067 1.115659 0.005245
v 0.492812 1.118103 0.002494
v 0.492812 1.118103 -0.002329
v 0.494346 1.114218 -0.004741
v 0.495880 1.110333 -0.002329
v 0.495880 1.110333 0.002494
v 0.494346 1.114218 0.004905
v 0.480778 1.108587 0.002324
v 0.480778 1.108587 -0.002159
v 0.483961 1.106365 -0.004401
v 0.487144 1.104142 -0.002159
v 0.487144 1.104142 0.002324
v 0.483961 1.106365 0.004565
v 0.476376 1.093133 0.002154
v 0.476376 1.093133 -0.001989
v 0.479962 1.093247 -0.004061
v 0.483549 1.093360 -0.001989
v 0.483549 1.093360 0.002154
v 0.479962 1.093247 0.004226
v 0.482504 1.079081 0.001744
v 0.482504 1.079081 -0.001580
v 0.484504 1.081151 -0.003242
v 0.486504 1.083221 -0.001580
v 0.486504 1.083221 0.001744
v 0.484504 1.081151 0.003406
v 0.493793 1.075897 0.001335
v 0.493793 1.075897 -0.001170
v 0.493676 1.078063 -0.002422
v 0.493559 1.080229 -0.001170
v 0.493559 1.080229 0.001335
v 0.493676 1.078063 0.002587
v 0.502720 1.080857 0.000925
v 0.502720 1.080857 -0.000760
v 0.501518 1.081685 -0.001603
v 0.500316 1.082513 -0.000760
v 0.500316 1.082513 0.000925
v 0.501518 1.081685 0.001767
v 0.329340 1.090073 0.000515
v 0.329340 1.090073 -0.000351
v 0.330001 1.089718 -0.000783
v 0.330662 1.089364 -0.000351
v 0.330662 1.089364 0.000515
v 0.330001 1.089718 0.000948
v 0.370915 1.211738 0.000607
v 0.370915 1.211738 -0.000443
v 0.370254 1.211113 -0.000968
v 0.369592 1.210488 -0.000443
v 0.369592 1.210488 0.000607
v 0.370254 1.211113 0.001133
v 0.382308 1.198076 0.001164
v 0.382308 1.198076 -0.000999
v 0.380722 1.197077 -0.002081
v 0.379137 1.196078 -0.000999
v 0.379137 1.196078 0.001164
v 0.380722 1.197077 0.002246
v 0.394325 1.177260 0.001720
v 0.394325 1.177260 -0.001556
v 0.391718 1.176139 -0.003194
v 0.389112 1.175018 -0.001556
v 0.389112 1.175018 0.001720
v 0.391718 1.176139 0.003359
v 0.404103 1.151528 0.002277
v 0.404103 1.151528 -0.002112
v 0.400400 1.150669 -0.004307
v 0.396697 1.149811 -0.002112
v 0.396697 1.149811 0.002277
v 0.400400 1.150669 0.004472
v 0.408689 1.123167 0.002833
v 0.408689 1.123167 -0.002669
v 0.403925 1.123039 -0.005420
v 0.399162 1.122911 -0.002669
v 0.399162 1.122911 0.002833
v 0.403925 1.123039 0.005585
v 0.406358 1.091373 0.002833
v 0.406358 1.091373 -0.002669
v 0.401657 1.092153 -0.005420
v 0.396956 1.092934 -0.002669
v 0.396956 1.092934 0.002833
v 0.401657 1.092153 0.005585
v 0.397732 1.058550 0.002833
v 0.397732 1.058550 -0.002669
v 0.393385 1.060503 -0.005420
v 0.389038 1.062455 -0.002669
v 0.389038 1.062455 0.002833
v 0.393385 1.060503 0.005585
v 0.379864 1.032091 0.002833
v 0.379864 1.032091 -0.002669
v 0.376912 1.035832 -0.005420
v 0.373959 1.039572 -0.002669
v 0.373959 1.039572 0.002833
v 0.376912 1.035832 0.005585
v 0.350548 1.021149 0.002833
v 0.350548 1.021149 -0.002669
v 0.350039 1.025887 -0.005420
v 0.349529 1.030625 -0.002669
v 0.349529 1.030625 0.002833
v 0.350039 1.025887 0.005585
v 0.322735 1.025006 0.002833
v 0.322735 1.025006 -0.002669
v 0.324226 1.029532 -0.005420
v 0.325717 1.034058 -0.002669
v 0.325717 1.034058 0.002833
v 0.324226 1.029532 0.005585
v 0.303589 1.035398 0.002833
v 0.303589 1.035398 -0.002669
v 0.306668 1.039035 -0.005420
v 0.309746 1.042673 -0.002669
v 0.309746 1.042673 0.002833
v 0.306668 1.039035 0.005585
v 0.292107 1.050113 0.002833
v 0.292107 1.050113 -0.002669
v 0.296367 1.052248 -0.005420
v 0.300628 1.054383 -0.002669
v 0.300628 1.054383 0.002833
v 0.296367 1.052248 0.005585
v 0.287603 1.066404 0.002833
v 0.287603 1.066404 -0.002669
v 0.292328 1.067021 -0.005420
v 0.297054 1.067638 -0.002669
v 0.297054 1.067638 0.002833
v 0.292328 1.067021 0.005585
v 0.287676 1.078820 0.002833
v 0.287676 1.078820 -0.002669
v 0.292409 1.078268 -0.005420
v 0.297142 1.077716 -0.002669
v 0.297142 1.077716 0.002833
v 0.292409 1.078268 0.005585
v 0.290489 1.091041 0.002833
v 0.290489 1.091041 -0.002669
v 0.294951 1.089370 -0.005420
v 0.299414 1.087700 -0.002669
v 0.299414 1.087700 0.002833
v 0.294951 1.089370 0.005585
v 0.296757 1.102745 0.002833
v 0.296757 1.102745 -0.002669
v 0.300599 1.099926 -0.005420
v 0.304442 1.097108 -0.002669
v 0.304442 1.097108 0.002833
v 0.300599 1.099926 0.005585
v 0.307289 1.113456 0.002833
v 0.307289 1.113456 -0.002669
v 0.309997 1.109535 -0.005420
v 0.312704 1.105614 -0.002669
v 0.312704 1.105614 0.002833
v 0.309997 1.109535 0.005585
v 0.323318 1.120077 0.002664
v 0.323318 1.120077 -0.002499
v 0.324003 1.115659 -0.005080
v 0.324688 1.111240 -0.002499
v 0.324688 1.111240 0.002664
v 0.324003 1.115659 0.005245
v 0.339258 1.118103 0.002494
v 0.339258 1.118103 -0.002329
v 0.337724 1.114218 -0.004741
v 0.336190 1.110333 -0.002329
v 0.336190 1.110333 0.002494
v 0.337724 1.114218 0.004905
v 0.351292 1.108587 0.002324
v 0.351292 1.108587 -0.002159
v 0.348109 1.106365 -0.004401
v 0.344926 1.104142 -0.002159
v 0.344926 1.104142 0.002324
v 0.348109 1.106365 0.004565
v 0.355694 1.093133 0.002154
v 0.355694 1.093133 -0.001989
v 0.352108 1.093247 -0.004061
v 0.348521 1.093360 -0.001989
v 0.348521 1.093360 0.002154
v 0.352108 1.093247 0.004226
v 0.349566 1.079081 0.001744
v 0.349566 1.079081 -0.001580
v 0.347566 1.081151 -0.003242
v 0.345566 1.083221 -0.001580
v 0.345566 1.083221 0.001744
v 0.347566 1.081151 0.003406
v 0.338277 1.075897 0.001335
v 0.338277 1.075897 -0.001170
v 0.338394 1.078063 -0.002422
v 0.338511 1.080229 -0.001170
v 0.338511 1.080229 0.001335
v 0.338394 1.078063 0.002587
v 0.329350 1.080857 0.000925
v 0.329350 1.080857 -0.000760
v 0.330552 1.081685 -0.001603
v 0.331754 1.082513 -0.000760
v 0.331754 1.082513 0.000925
v 0.330552 1.081685 0.001767
v 0.778730 1.090073 0.000515
v 0.778730 1.090073 -0.000351
v 0.778069 1.089718 -0.000783
v 0.777408 1.089364 -0.000351
v 0.777408 1.089364 0.000515
v 0.778069 1.089718 0.000948
v 0.737155 1.211738 0.000607
v 0.737155 1.211738 -0.000443
v 0.737816 1.211113 -0.000968
v 0.738477 1.210488 -0.000443
v 0.738477 1.210488 0.000607
v 0.737816 1.211113 0.001133
v 0.725762 1.198076 0.001164
v 0.725762 1.198076 -0.000999
v 0.727348 1.197077 -0.002081
v 0.728933 1.196078 -0.000999
v 0.728933 1.196078 0.001164
v 0.727348 1.197077 0.002246
v 0.713745 1.177260 0.001720
v 0.713745 1.177260 -0.001556
v 0.716352 1.176139 -0.003194
v 0.718958 1.175018 -0.001556
v 0.718958 1.175018 0.001720
v 0.716352 1.176139 0.003359
v 0.703967 1.151528 0.002277
v 0.703967 1.151528 -0.002112
v 0.707670 1.150669 -0.004307
v 0.711373 1.149811 -0.002112
v 0.711373 1.149811 0.002277
v 0.707670 1.150669 0.004472
v 0.699381 1.123167 0.002833
v 0.699381 1.123167 -0.002669
v 0.704145 1.123039 -0.005420
v 0.708908 1.122911 -0.002669
v 0.708908 1.122911 0.002833
v 0.704145 1.123039 0.005585
v 0.701712 1.091373 0.002833
v 0.701712 1.091373 -0.002669
v 0.706413 1.092153 -0.005420
v 0.711114 1.092934 -0.002669
v 0.711114 1.092934 0.002833
v 0.706413 1.092153 0.005585
v 0.710338 1.058550 0.002833
v 0.710338 1.058550 -0.002669
v 0.714685 1.060503 -0.005420
v 0.719032 1.062455 -0.002669
v 0.719032 1.062455 0.002833
v 0.714685 1.060503 0.005585
v 0.728206 1.032091 0.002833
v 0.728206 1.032091 -0.002669
v 0.731158 1.035832 -0.005420
v 0.734111 1.039572 -0.002669
v 0.734111 1.039572 0.002833
v 0.731158 1.035832 0.005585
v 0.757522 1.021149 0.002833
v 0.757522 1.021149 -0.002669
v 0.758031 1.025887 -0.005420
v 0.758540 1.030625 -0.002669
v 0.758540 1.030625 0.002833
v 0.758031 1.025887 0.005585
v 0.785335 1.025006 0.002833
v 0.785335 1.025006 -0.002669
v 0.783844 1.029532 -0.005420
v 0.782353 1.034058 -0.002669
v 0.782353 1.034058 0.002833
v 0.783844 1.029532 0.005585
v 0.804481 1.035398 0.002833
v 0.804481 1.035398 -0.002669
v 0.801402 1.039035 -0.005420
v 0.798324 1.042673 -0.002669
v 0.798324 1.042673 0.002833
v 0.801402 1.039035 0.005585
v 0.815963 1.050113 0.002833
v 0.815963 1.050113 -0.002669
v 0.811702 1.052248 -0.005420
v 0.807442 1.054383 -0.002669
v 0.807442 1.054383 0.002833
v 0.811702 1.052248 0.005585
v 0.820467 1.066404 0.002833
v 0.820467 1.066404 -0.002669
v 0.815741 1.067021 -0.005420
v 0.811016 1.067638 -0.002669
v 0.811016 1.067638 0.002833
v 0.815741 1.067021 0.005585
v 0.820394 1.078820 0.002833
v 0.820394 1.078820 -0.002669
v 0.815661 1.078268 -0.005420
v 0.810928 1.077716 -0.002669
v 0.810928 1.077716 0.002833
v 0.815661 1.078268 0.005585
v 0.817581 1.091041 0.002833
v 0.817581 1.091041 -0.002669
v 0.813119 1.089370 -0.005420
v 0.808656 1.087700 -0.002669
v 0.808656 1.087700 0.002833
v 0.813119 1.089370 0.005585
v 0.811313 1.102745 0.002833
v 0.811313 1.102745 -0.002669
v 0.807471 1.099926 -0.005420
v 0.803628 1.097108 -0.002669
v 0.803628 1.097108 0.002833
v 0.807471 1.099926 0.005585
v 0.800781 1.113456 0.002833
v 0.800781 1.113456 -0.002669
v 0.798073 1.109535 -0.005420
v 0.795365 1.105614 -0.002669
v 0.795365 1.105614 0.002833
v 0.798073 1.109535 0.005585
v 0.784752 1.120077 0.002664
v 0.784752 1.120077 -0.002499
v 0.784067 1.115659 -0.005080
v 0.783382 1.111240 -0.002499
v 0.783382 1.111240 0.002664
v 0.784067 1.115659 0.005245
v 0.768812 1.118103 0.002494
v 0.768812 1.118103 -0.002329
v 0.770346 1.114218 -0.004741
v 0.771880 1.110333 -0.002329
v 0.771880 1.110333 0.002494
v 0.770346 1.114218 0.004905
v 0.756778 1.108587 0.002324
v 0.756778 1.108587 -0.002159
v 0.759961 1.106365 -0.004401
v 0.763144 1.104142 -0.002159
v 0.763144 1.104142 0.002324
v 0.759961 1.106365 0.004565
v 0.752376 1.093133 0.002154
v 0.752376 1.093133 -0.001989
v 0.755962 1.093247 -0.004061
v 0.759549 1.093360 -0.001989
v 0.759549 1.093360 0.002154
v 0.755962 1.093247 0.004226
v 0.758504 1.079081 0.001744
v 0.758504 1.079081 -0.001580
v 0.760504 1.081151 -0.003242
v 0.762504 1.083221 -0.001580
v 0.762504 1.083221 0.001744
v 0.760504 1.081151 0.003406
v 0.769793 1.075897 0.001335
v 0.769793 1.075897 -0.001170
v 0.769676 1.078063 -0.002422
v 0.769559 1.080229 -0.001170
v 0.769559 1.080229 0.001335
v 0.769676 1.078063 0.002587
v 0.778720 1.080857 0.000925
v 0.778720 1.080857 -0.000760
v 0.777518 1.081685 -0.001603
v 0.776316 1.082513 -0.000760
v 0.776316 1.082513 0.000925
v 0.777518 1.081685 0.001767
v 0.605340 1.090073 0.000515
v 0.605340 1.090073 -0.000351
v 0.606001 1.089718 -0.000783
v 0.606662 1.089364 -0.000351
v 0.606662 1.089364 0.000515
v 0.606001 1.089718 0.000948
v 0.646915 1.211738 0.000607
v 0.646915 1.211738 -0.000443
v 0.646253 1.211113 -0.000968
v 0.645592 1.210488 -0.000443
v 0.645592 1.210488 0.000607
v 0.646253 1.211113 0.001133
v 0.658307 1.198076 0.001164
v 0.658307 1.198076 -0.000999
v 0.656722 1.197077 -0.002081
v 0.655137 1.196078 -0.000999
v 0.655137 1.196078 0.001164
v 0.656722 1.197077 0.002246
v 0.670325 1.177260 0.001720
v 0.670325 1.177260 -0.001556
v 0.667718 1.176139 -0.003194
v 0.665112 1.175018 -0.001556
v 0.665112 1.175018 0.001720
v 0.667718 1.176139 0.003359
v 0.680103 1.151528 0.002277
v 0.680103 1.151528 -0.002112
v 0.676400 1.150669 -0.004307
v 0.672697 1.149811 -0.002112
v 0.672697 1.149811 0.002277
v 0.676400 1.150669 0.004472
v 0.684689 1.123167 0.002833
v 0.684689 1.123167 -0.002669
v 0.679925 1.123039 -0.005420
v 0.675162 1.122911 -0.002669
v 0.675162 1.122911 0.002833
v 0.679925 1.123039 0.005585
v 0.682358 1.091373 0.002833
v 0.682358 1.091373 -0.002669
v 0.677657 1.092153 -0.005420
v 0.672956 1.092934 -0.002669
v 0.672956 1.092934 0.002833
v 0.677657 1.092153 0.005585
v 0.673732 1.058550 0.002833
v 0.673732 1.058550 -0.002669
v 0.669385 1.060503 -0.005420
v 0.665038 1.062455 -0.002669
v 0.665038 1.062455 0.002833
v 0.669385 1.060503 0.005585
v 0.655864 1.032091 0.002833
v 0.655864 1.032091 -0.002669
v 0.652912 1.035832 -0.005420
v 0.649959 1.039572 -0.002669
v 0.649959 1.039572 0.002833
v 0.652912 1.035832 0.005585
v 0.626548 1.021149 0.002833
v 0.626548 1.021149 -0.002669
v 0.626039 1.025887 -0.005420
v 0.625529 1.030625 -0.002669
v 0.625529 1.030625 0.002833
v 0.626039 1.025887 0.005585
v 0.598735 1.025006 0.002833
v 0.598735 1.025006 -0.002669
v 0.600226 1.029532 -0.005420
v 0.601717 1.034058 -0.002669
v 0.601717 1.034058 0.002833
v 0.600226 1.029532 0.005585
v 0.579589 1.035398 0.002833
v 0.579589 1.035398 -0.002669
v 0.582668 1.039035 -0.005420
v 0.585746 1.042673 -0.002669
v 0.585746 1.042673 0.002833
v 0.582668 1.039035 0.005585
v 0.568107 1.050113 0.002833
v 0.568107 1.050113 -0.002669
v 0.572367 1.052248 -0.005420
v 0.576628 1.054383 -0.002669
v 0.576628 1.054383 0.002833
v 0.572367 1.052248 0.005585
v 0.563603 1.066404 0.002833
v 0.563603 1.066404 -0.002669
v 0.568328 1.067021 -0.005420
v 0.573054 1.067638 -0.002669
v 0.573054 1.067638 0.002833
v 0.568328 1.067021 0.005585
v 0.563676 1.078820 0.002833
v 0.563676 1.078820 -0.002669
v 0.568409 1.078268 -0.005420
v 0.573142 1.077716 -0.002669
v 0.573142 1.077716 0.002833
v 0.568409 1.078268 0.005585
v 0.566489 1.091041 0.002833
v 0.566489 1.091041 -0.002669
v 0.570951 1.089370 -0.005420
v 0.575414 1.087700 -0.002669
v 0.575414 1.087700 0.002833
v 0.570951 1.089370 0.005585
v 0.572756 1.102745 0.002833
v 0.572756 1.102745 -0.002669
v 0.576599 1.099926 -0.005420
v 0.580442 1.097108 -0.002669
v 0.580442 1.097108 0.002833
v 0.576599 1.099926 0.005585
v 0.583289 1.113456 0.002833
v 0.583289 1.113456 -0.002669
v 0.585997 1.109535 -0.005420
v 0.588704 1.105614 -0.002669
v 0.588704 1.105614 0.002833
v 0.585997 1.109535 0.005585
v 0.599318 1.120077 0.002664
v 0.599318 1.120077 -0.002499
v 0.600003 1.115659 -0.005080
v 0.600688 1.111240 -0.002499
v 0.600688 1.111240 0.002664
v 0.600003 1.115659 0.005245
v 0.615258 1.118103 0.002494
v 0.615258 1.118103 -0.002329
v 0.613724 1.114218 -0.004741
v 0.612190 1.110333 -0.002329
v 0.612190 1.110333 0.002494
v 0.613724 1.114218 0.004905
v 0.627292 1.108587 0.002324
v 0.627292 1.108587 -0.002159
v 0.624109 1.106365 -0.004401
v 0.620926 1.104142 -0.002159
v 0.620926 1.104142 0.002324
v 0.624109 1.106365 0.004565
v 0.631694 1.093133 0.002154
v 0.631694 1.093133 -0.001989
v 0.628108 1.093247 -0.004061
v 0.624521 1.093360 -0.001989
v 0.624521 1.093360 0.002154
v 0.628108 1.093247 0.004226
v 0.625566 1.079081 0.001744
v 0.625566 1.079081 -0.001580
v 0.623566 1.081151 -0.003242
v 0.621566 1.083221 -0.001580
v 0.621566 1.083221 0.001744
v 0.623566 1.081151 0.003406
v 0.614277 1.075897 0.001335
v 0.614277 1.075897 -0.001170
v 0.614394 1.078063 -0.002422
v 0.614511 1.080229 -0.001170
v 0.614511 1.080229 0.001335
v 0.614394 1.078063 0.002587
v 0.605350 1.080857 0.000925
v 0.605350 1.080857 -0.000760
v 0.606552 1.081685 -0.001603
v 0.607754 1.082513 -0.000760
v 0.607754 1.082513 0.000925
v 0.606552 1.081685 0.001767
v 1.054729 1.090073 0.000515
v 1.054729 1.090073 -0.000351
v 1.054069 1.089718 -0.000783
v 1.053408 1.089364 -0.000351
v 1.053408 1.089364 0.000515
v 1.054069 1.089718 0.000948
v 1.013155 1.211738 0.000607
v 1.013155 1.211738 -0.000443
v 1.013816 1.211113 -0.000968
v 1.014477 1.210488 -0.000443
v 1.014477 1.210488 0.000607
v 1.013816 1.211113 0.001133
v 1.001762 1.198076 0.001164
v 1.001762 1.198076 -0.000999
v 1.003348 1.197077 -0.002081
v 1.004933 1.196078 -0.000999
v 1.004933 1.196078 0.001164
v 1.003348 1.197077 0.002246
v 0.989745 1.177260 0.001720
v 0.989745 1.177260 -0.001556
v 0.992351 1.176139 -0.003194
v 0.994958 1.175018 -0.001556
v 0.994958 1.175018 0.001720
v 0.992351 1.176139 0.003359
v 0.979967 1.151528 0.002277
v 0.979967 1.151528 -0.002112
v 0.983670 1.150669 -0.004307
v 0.987373 1.149811 -0.002112
v 0.987373 1.149811 0.002277
v 0.983670 1.150669 0.004472
v 0.975381 1.123167 0.002833
v 0.975381 1.123167 -0.002669
v 0.980145 1.123039 -0.005420
v 0.984908 1.122911 -0.002669
v 0.984908 1.122911 0.002833
v 0.980145 1.123039 0.005585
v 0.977712 1.091373 0.002833
v 0.977712 1.091373 -0.002669
v 0.982413 1.092153 -0.005420
v 0.987114 1.092934 -0.002669
v 0.987114 1.092934 0.002833
v 0.982413 1.092153 0.005585
v 0.986338 1.058550 0.002833
v 0.986338 1.058550 -0.002669
v 0.990685 1.060503 -0.005420
v 0.995032 1.062455 -0.002669
v 0.995032 1.062455 0.002833
v 0.990685 1.060503 0.005585
v 1.004205 1.032091 0.002833
v 1.004205 1.032091 -0.002669
v 1.007158 1.035832 -0.005420
v 1.010111 1.039572 -0.002669
v 1.010111 1.039572 0.002833
v 1.007158 1.035832 0.005585
v 1.033522 1.021149 0.002833
v 1.033522 1.021149 -0.002669
v 1.034031 1.025887 -0.005420
v 1.034540 1.030625 -0.002669
v 1.034540 1.030625 0.002833
v 1.034031 1.025887 0.005585
v 1.061335 1.025006 0.002833
v 1.061335 1.025006 -0.002669
v 1.059844 1.029532 -0.005420
v 1.058353 1.034058 -0.002669
v 1.058353 1.034058 0.002833
v 1.059844 1.029532 0.005585
v 1.080481 1.035398 0.002833
v 1.080481 1.035398 -0.002669
v 1.077402 1.039035 -0.005420
v 1.074324 1.042673 -0.002669
v 1.074324 1.042673 0.002833
v 1.077402 1.039035 0.005585
v 1.091963 1.050113 0.002833
v 1.091963 1.050113 -0.002669
v 1.087703 1.052248 -0.005420
v 1.083442 1.054383 -0.002669
v 1.083442 1.054383 0.002833
v 1.087703 1.052248 0.005585
v 1.096467 1.066404 0.002833
v 1.096467 1.066404 -0.002669
v 1.091741 1.067021 -0.005420
v 1.087016 1.067638 -0.002669
v 1.087016 1.067638 0.002833
v 1.091741 1.067021 0.005585
v 1.096394 1.078820 0.002833
v 1.096394 1.078820 -0.002669
v 1.091661 1.078268 -0.005420
v 1.086928 1.077716 -0.002669
v 1.086928 1.077716 0.002833
v 1.091661 1.078268 0.005585
v 1.093581 1.091041 0.002833
v 1.093581 1.091041 -0.002669
v 1.089118 1.089370 -0.005420
v 1.084656 1.087700 -0.002669
v 1.084656 1.087700 0.002833
v 1.089118 1.089370 0.005585
v 1.087313 1.102745 0.002833
v 1.087313 1.102745 -0.002669
v 1.083471 1.099926 -0.005420
v 1.079628 1.097108 -0.002669
v 1.079628 1.097108 0.002833
v 1.083471 1.099926 0.005585
v 1.076781 1.113456 0.002833
v 1.076781 1.113456 -0.002669
v 1.074073 1.109535 -0.005420
v 1.071365 1.105614 -0.002669
v 1.071365 1.105614 0.002833
v 1.074073 1.109535 0.005585
v 1.060752 1.120077 0.002664
v 1.060752 1.120077 -0.002499
v 1.060067 1.115659 -0.005080
v 1.059382 1.111240 -0.002499
v 1.059382 1.111240 0.002664
v 1.060067 1.115659 0.005245
v 1.044812 1.118103 0.002494
v 1.044812 1.118103 -0.002329
v 1.046346 1.114218 -0.004741
v 1.047880 1.110333 -0.002329
v 1.047880 1.110333 0.002494
v 1.046346 1.114218 0.004905
v 1.032777 1.108587 0.002324
v 1.032777 1.108587 -0.002159
v 1.035961 1.106365 -0.004401
v 1.039144 1.104142 -0.002159
v 1.039144 1.104142 0.002324
v 1.035961 1.106365 0.004565
v 1.028376 1.093133 0.002154
v 1.028376 1.093133 -0.001989
v 1.031962 1.093247 -0.004061
v 1.035549 1.093360 -0.001989
v 1.035549 1.093360 0.002154
v 1.031962 1.093247 0.004226
v 1.034504 1.079081 0.001744
v 1.034504 1.079081 -0.001580
v 1.036504 1.081151 -0.003242
v 1.038504 1.083221 -0.001580
v 1.038504 1.083221 0.001744
v 1.036504 1.081151 0.003406
v 1.045793 1.075897 0.001335
v 1.045793 1.075897 -0.001170
v 1.045676 1.078063 -0.002422
v 1.045559 1.080229 -0.001170
v 1.045559 1.080229 0.001335
v 1.045676 1.078063 0.002587
v 1.054719 1.080857 0.000925
v 1.054719 1.080857 -0.000760
v 1.053518 1.081685 -0.001603
v 1.052316 1.082513 -0.000760
v 1.052316 1.082513 0.000925
v 1.053518 1.081685 0.001767
v 0.881340 1.090073 0.000515
v 0.881340 1.090073 -0.000351
v 0.882001 1.089718 -0.000783
v 0.882662 1.089364 -0.000351
v 0.882662 1.089364 0.000515
v 0.882001 1.089718 0.000948
v 0.922915 1.211738 0.000607
v 0.922915 1.211738 -0.000443
v 0.922253 1.211113 -0.000968
v 0.921592 1.210488 -0.000443
v 0.921592 1.210488 0.000607
v 0.922253 1.211113 0.001133
v 0.934307 1.198076 0.001164
v 0.934307 1.198076 -0.000999
v 0.932722 1.197077 -0.002081
v 0.931137 1.196078 -0.000999
v 0.931137 1.196078 0.001164
v 0.932722 1.197077 0.002246
v 0.946325 1.177260 0.001720
v 0.946325 1.177260 -0.001556
v 0.943718 1.176139 -0.003194
v 0.941112 1.175018 -0.001556
v 0.941112 1.175018 0.001720
v 0.943718 1.176139 0.003359
v 0.956103 1.151528 0.002277
v 0.956103 1.151528 -0.002112
v 0.952400 1.150669 -0.004307
v 0.948697 1.149811 -0.002112
v 0.948697 1.149811 0.002277
v 0.952400 1.150669 0.004472
v 0.960689 1.123167 0.002833
v 0.960689 1.123167 -0.002669
v 0.955925 1.123039 -0.005420
v 0.951162 1.122911 -0.002669
v 0.951162 1.122911 0.002833
v 0.955925 1.123039 0.005585
v 0.958358 1.091373 0.002833
v 0.958358 1.091373 -0.002669
v 0.953657 1.092153 -0.005420
v 0.948956 1.092934 -0.002669
v 0.948956 1.092934 0.002833
v 0.953657 1.092153 0.005585
v 0.949732 1.058550 0.002833
v 0.949732 1.058550 -0.002669
v 0.945385 1.060503 -0.005420
v 0.941038 1.062455 -0.002669
v 0.941038 1.062455 0.002833
v 0.945385 1.060503 0.005585
v 0.931864 1.032091 0.002833
v 0.931864 1.032091 -0.002669
v 0.928912 1.035832 -0.005420
v 0.925959 1.039572 -0.002669
v 0.925959 1.039572 0.002833
v 0.928912 1.035832 0.005585
v 0.902548 1.021149 0.002833
v 0.902548 1.021149 -0.002669
v 0.902039 1.025887 -0.005420
v 0.901529 1.030625 -0.002669
v 0.901529 1.030625 0.002833
v 0.902039 1.025887 0.005585
v 0.874735 1.025006 0.002833
v 0.874735 1.025006 -0.002669
v 0.876226 1.029532 -0.005420
v 0.877717 1.034058 -0.002669
v 0.877717 1.034058 0.002833
v 0.876226 1.029532 0.005585
v 0.855589 1.035398 0.002833
v 0.855589 1.035398 -0.002669
v 0.858668 1.039035 -0.005420
v 0.861746 1.042673 -0.002669
v 0.861746 1.042673 0.002833
v 0.858668 1.039035 0.005585
v 0.844107 1.050113 0.002833
v 0.844107 1.050113 -0.002669
v 0.848367 1.052248 -0.005420
v 0.852628 1.054383 -0.002669
v 0.852628 1.054383 0.002833
v 0.848367 1.052248 0.005585
v 0.839603 1.066404 0.002833
v 0.839603 1.066404 -0.002669
v 0.844328 1.067021 -0.005420
v 0.849054 1.067638 -0.002669
v 0.849054 1.067638 0.002833
v 0.844328 1.067021 0.005585
v 0.839676 1.078820 0.002833
v 0.839676 1.078820 -0.002669
v 0.844409 1.078268 -0.005420
v 0.849142 1.077716 -0.002669
v 0.849142 1.077716 0.002833
v 0.844409 1.078268 0.005585
v 0.842488 1.091041 0.002833
v 0.842488 1.091041 -0.002669
v 0.846951 1.089370 -0.005420
v 0.851414 1.087700 -0.002669
v 0.851414 1.087700 0.002833
v 0.846951 1.089370 0.005585
v 0.848756 1.102745 0.002833
v 0.848756 1.102745 -0.002669
v 0.852599 1.099926 -0.005420
v 0.856442 1.097108 -0.002669
v 0.856442 1.097108 0.002833
v 0.852599 1.099926 0.005585
v 0.859289 1.113456 0.002833
v 0.859289 1.113456 -0.002669
v 0.861997 1.109535 -0.005420
v 0.864704 1.105614 -0.002669
v 0.864704 1.105614 0.002833
v 0.861997 1.109535 0.005585
v 0.875318 1.120077 0.002664
v 0.875318 1.120077 -0.002499
v 0.876003 1.115659 -0.005080
v 0.876688 1.111240 -0.002499
v 0.876688 1.111240 0.002664
v 0.876003 1.115659 0.005245
v 0.891258 1.118103 0.002494
v 0.891258 1.118103 -0.002329
v 0.889724 1.114218 -0.004741
v 0.888190 1.110333 -0.002329
v 0.888190 1.110333 0.002494
v 0.889724 1.114218 0.004905
v 0.903292 1.108587 0.002324
v 0.903292 1.108587 -0.002159
v 0.900109 1.106365 -0.004401
v 0.896926 1.104142 -0.002159
v 0.896926 1.104142 0.002324
v 0.900109 1.106365 0.004565
v 0.907694 1.093133 0.002154
v 0.907694 1.093133 -0.001989
v 0.904108 1.093247 -0.004061
v 0.900521 1.093360 -0.001989
v 0.900521 1.093360 0.002154
v 0.904108 1.093247 0.004226
v 0.901566 1.079081 0.001744
v 0.901566 1.079081 -0.001580
v 0.899566 1.081151 -0.003242
v 0.897566 1.083221 -0.001580
v 0.897566 1.083221 0.001744
v 0.899566 1.081151 0.003406
v 0.890277 1.075897 0.001335
v 0.890277 1.075897 -0.001170
v 0.890394 1.078063 -0.002422
v 0.890511 1.080229 -0.001170
v 0.890511 1.080229 0.001335
v 0.890394 1.078063 0.002587
v 0.881350 1.080857 0.000925
v 0.881350 1.080857 -0.000760
v 0.882552 1.081685 -0.001603
v 0.883754 1.082513 -0.000760
v 0.883754 1.082513 0.000925
v 0.882552 1.081685 0.001767
v 1.330729 1.090073 0.000515
v 1.330729 1.090073 -0.000351
v 1.330069 1.089718 -0.000783
v 1.329408 1.089364 -0.000351
v 1.329408 1.089364 0.000515
v 1.330069 1.089718 0.000948
v 1.289155 1.211738 0.000607
v 1.289155 1.211738 -0.000443
v 1.289816 1.211113 -0.000968
v 1.290477 1.210488 -0.000443
v 1.290477 1.210488 0.000607
v 1.289816 1.211113 0.001133
v 1.277762 1.198076 0.001164
v 1.277762 1.198076 -0.000999
v 1.279348 1.197077 -0.002081
v 1.280933 1.196078 -0.000999
v 1.280933 1.196078 0.001164
v 1.279348 1.197077 0.002246
v 1.265745 1.177260 0.001720
v 1.265745 1.177260 -0.001556
v 1.268351 1.176139 -0.003194
v 1.270958 1.175018 -0.001556
v 1.270958 1.175018 0.001720
v 1.268351 1.176139 0.003359
v 1.255967 1.151528 0.002277
v 1.255967 1.151528 -0.002112
v 1.259670 1.150669 -0.004307
v 1.263373 1.149811 -0.002112
v 1.263373 1.149811 0.002277
v 1.259670 1.150669 0.004472
v 1.251381 1.123167 0.002833
v 1.251381 1.123167 -0.002669
v 1.256145 1.123039 -0.005420
v 1.260908 1.122911 -0.002669
v 1.260908 1.122911 0.002833
v 1.256145 1.123039 0.005585
v 1.253712 1.091373 0.002833
v 1.253712 1.091373 -0.002669
v 1.258413 1.092153 -0.005420
v 1.263114 1.092934 -0.002669
v 1.263114 1.092934 0.002833
v 1.258413 1.092153 0.005585
v 1.262338 1.058550 0.002833
v 1.262338 1.058550 -0.002669
v 1.266685 1.060503 -0.005420
v 1.271032 1.062455 -0.002669
v 1.271032 1.062455 0.002833
v 1.266685 1.060503 0.005585
v 1.280205 1.032091 0.002833
v 1.280205 1.032091 -0.002669
v 1.283158 1.035832 -0.005420
v 1.286111 1.039572 -0.002669
v 1.286111 1.039572 0.002833
v 1.283158 1.035832 0.005585
v 1.309522 1.021149 0.002833
v 1.309522 1.021149 -0.002669
v 1.310031 1.025887 -0.005420
v 1.310540 1.030625 -0.002669
v 1.310540 1.030625 0.002833
v 1.310031 1.025887 0.005585
v 1.337335 1.025006 0.002833
v 1.337335 1.025006 -0.002669
v 1.335844 1.029532 -0.005420
v 1.334353 1.034058 -0.002669
v 1.334353 1.034058 0.002833
v 1.335844 1.029532 0.005585
v 1.356481 1.035398 0.002833
v 1.356481 1.035398 -0.002669
v 1.353402 1.039035 -0.005420
v 1.350324 1.042673 -0.002669
v 1.350324 1.042673 0.002833
v 1.353402 1.039035 0.005585
v 1.367963 1.050113 0.002833
v 1.367963 1.050113 -0.002669
v 1.363702 1.052248 -0.005420
v 1.359442 1.054383 -0.002669
v 1.359442 1.054383 0.002833
v 1.363702 1.052248 0.005585
v 1.372467 1.066404 0.002833
v 1.372467 1.066404 -0.002669
v 1.367741 1.067021 -0.005420
v 1.363016 1.067638 -0.002669
v 1.363016 1.067638 0.002833
v 1.367741 1.067021 0.005585
v 1.372394 1.078820 0.002833
v 1.372394 1.078820 -0.002669
v 1.367661 1.078268 -0.005420
v 1.362927 1.077716 -0.002669
v 1.362927 1.077716 0.002833
v 1.367661 1.078268 0.005585
v 1.369581 1.091041 0.002833
v 1.369581 1.091041 -0.002669
v 1.365119 1.089370 -0.005420
v 1.360656 1.087700 -0.002669
v 1.360656 1.087700 0.002833
v 1.365119 1.089370 0.005585
v 1.363313 1.102745 0.002833
v 1.363313 1.102745 -0.002669
v 1.359471 1.099926 -0.005420
v 1.355628 1.097108 -0.002669
v 1.355628 1.097108 0.002833
v 1.359471 1.099926 0.005585
v 1.352781 1.113456 0.002833
v 1.352781 1.113456 -0.002669
v 1.350073 1.109535 -0.005420
v 1.347365 1.105614 -0.002669
v 1.347365 1.105614 0.002833
v 1.350073 1.109535 0.005585
v 1.336752 1.120077 0.002664
v 1.336752 1.120077 -0.002499
v 1.336067 1.115659 -0.005080
v 1.335382 1.111240 -0.002499
v 1.335382 1.111240 0.002664
v 1.336067 1.115659 0.005245
v 1.320812 1.118103 0.002494
v 1.320812 1.118103 -0.002329
v 1.322346 1.114218 -0.004741
v 1.323880 1.110333 -0.002329
v 1.323880 1.110333 0.002494
v 1.322346 1.114218 0.004905
v 1.308777 1.108587 0.002324
v 1.308777 1.108587 -0.002159
v 1.311961 1.106365 -0.004401
v 1.315144 1.104142 -0.002159
v 1.315144 1.104142 0.002324
v 1.311961 1.106365 0.004565
v 1.304376 1.093133 0.002154
v 1.304376 1.093133 -0.001989
v 1.307962 1.093247 -0.004061
v 1.311549 1.093360 -0.001989
v 1.311549 1.093360 0.002154
v 1.307962 1.093247 0.004226
v 1.310504 1.079081 0.001744
v 1.310504 1.079081 -0.001580
v 1.312504 1.081151 -0.003242
v 1.314504 1.083221 -0.001580
v 1.314504 1.083221 0.001744
v 1.312504 1.081151 0.003406
v 1.321793 1.075897 0.001335
v 1.321793 1.075897 -0.001170
v 1.321676 1.078063 -0.002422
v 1.321559 1.080229 -0.001170
v 1.321559 1.080229 0.001335
v 1.321676 1.078063 0.002587
v 1.330719 1.080857 0.000925
v 1.330719 1.080857 -0.000760
v 1.329518 1.081685 -0.001603
v 1.328316 1.082513 -0.000760
v 1.328316 1.082513 0.000925
v 1.329518 1.081685 0.001767
v 1.157340 1.090073 0.000515
v 1.157340 1.090073 -0.000351
v 1.158001 1.089718 -0.000783
v 1.158662 1.089364 -0.000351
v 1.158662 1.089364 0.000515
v 1.158001 1.089718 0.000948
v 1.198915 1.211738 0.000607
v 1.198915 1.211738 -0.000443
v 1.198253 1.211113 -0.000968
v 1.197592 1.210488 -0.000443
v 1.197592 1.210488 0.000607
v 1.198253 1.211113 0.001133
v 1.210307 1.198076 0.001164
v 1.210307 1.198076 -0.000999
v 1.208722 1.197077 -0.002081
v 1.207137 1.196078 -0.000999
v 1.207137 1.196078 0.001164
v 1.208722 1.197077 0.002246
v 1.222325 1.177260 0.001720
v 1.222325 1.177260 -0.001556
v 1.219718 1.176139 -0.003194
v 1.217112 1.175018 -0.001556
v 1.217112 1.175018 0.001720
v 1.219718 1.176139 0.003359
v 1.232103 1.151528 0.002277
v 1.232103 1.151528 -0.002112
v 1.228400 1.150669 -0.004307
v 1.224697 1.149811 -0.002112
v 1.224697 1.149811 0.002277
v 1.228400 1.150669 0.004472
v 1.236689 1.123167 0.002833
v 1.236689 1.123167 -0.002669
v 1.231925 1.123039 -0.005420
v 1.227162 1.122911 -0.002669
v 1.227162 1.122911 0.002833
v 1.231925 1.123039 0.005585
v 1.234357 1.091373 0.002833
v 1.234357 1.091373 -0.002669
v 1.229656 1.092153 -0.005420
v 1.224956 1.092934 -0.002669
v 1.224956 1.092934 0.002833
v 1.229656 1.092153 0.005585
v 1.225732 1.058550 0.002833
v 1.225732 1.058550 -0.002669
v 1.221385 1.060503 -0.005420
v 1.217038 1.062455 -0.002669
v 1.217038 1.062455 0.002833
v 1.221385 1.060503 0.005585
v 1.207864 1.032091 0.002833
v 1.207864 1.032091 -0.002669
v 1.204912 1.035832 -0.005420
v 1.201959 1.039572 -0.002669
v 1.201959 1.039572 0.002833
v 1.204912 1.035832 0.005585
v 1.178548 1.021149 0.002833
v 1.178548 1.021149 -0.002669
v 1.178039 1.025887 -0.005420
v 1.177529 1.030625 -0.002669
v 1.177529 1.030625 0.002833
v 1.178039 1.025887 0.005585
v 1.150735 1.025006 0.002833
v 1.150735 1.025006 -0.002669
v 1.152226 1.029532 -0.005420
v 1.153717 1.034058 -0.002669
v 1.153717 1.034058 0.002833
v 1.152226 1.029532 0.005585
v 1.131589 1.035398 0.002833
v 1.131589 1.035398 -0.002669
v 1.134668 1.039035 -0.005420
v 1.137746 1.042673 -0.002669
v 1.137746 1.042673 0.002833
v 1.134668 1.039035 0.005585
v 1.120107 1.050113 0.002833
v 1.120107 1.050113 -0.002669
v 1.124367 1.052248 -0.005420
v 1.128628 1.054383 -0.002669
v 1.128628 1.054383 0.002833
v 1.124367 1.052248 0.005585
v 1.115603 1.066404 0.002833
v 1.115603 1.066404 -0.002669
v 1.120328 1.067021 -0.005420
v 1.125054 1.067638 -0.002669
v 1.125054 1.067638 0.002833
v 1.120328 1.067021 0.005585
v 1.115676 1.078820 0.002833
v 1.115676 1.078820 -0.002669
v 1.120409 1.078268 -0.005420
v 1.125142 1.077716 -0.002669
v 1.125142 1.077716 0.002833
v 1.120409 1.078268 0.005585
v 1.118488 1.091041 0.002833
v 1.118488 1.091041 -0.002669
v 1.122951 1.089370 -0.005420
v 1.127414 1.087700 -0.002669
v 1.127414 1.087700 0.002833
v 1.122951 1.089370 0.005585
v 1.124756 1.102745 0.002833
v 1.124756 1.102745 -0.002669
v 1.128599 1.099926 -0.005420
v 1.132442 1.097108 -0.002669
v 1.132442 1.097108 0.002833
v 1.128599 1.099926 0.005585
v 1.135289 1.113456 0.002833
v 1.135289 1.113456 -0.002669
v 1.137997 1.109535 -0.005420
v 1.140704 1.105614 -0.002669
v 1.140704 1.105614 0.002833
v 1.137997 1.109535 0.005585
v 1.151318 1.120077 0.002664
v 1.151318 1.120077 -0.002499
v 1.152003 1.115659 -0.005080
v 1.152688 1.111240 -0.002499
v 1.152688 1.111240 0.002664
v 1.152003 1.115659 0.005245
v 1.167258 1.118103 0.002494
v 1.167258 1.118103 -0.002329
v 1.165724 1.114218 -0.004741
v 1.164190 1.110333 -0.002329
v 1.164190 1.110333 0.002494
v 1.165724 1.114218 0.004905
v 1.179292 1.108587 0.002324
v 1.179292 1.108587 -0.002159
v 1.176109 1.106365 -0.004401
v 1.172926 1.104142 -0.002159
v 1.172926 1.104142 0.002324
v 1.176109 1.106365 0.004565
v 1.183694 1.093133 0.002154
v 1.183694 1.093133 -0.001989
v 1.180108 1.093247 -0.004061
v 1.176521 1.093360 -0.001989
v 1.176521 1.093360 0.002154
v 1.180108 1.093247 0.004226
v 1.177566 1.079081 0.001744
v 1.177566 1.079081 -0.001580
v 1.175566 1.081151 -0.003242
v 1.173566 1.083221 -0.001580
v 1.173566 1.083221 0.001744
v 1.175566 1.081151 0.003406
v 1.166277 1.075897 0.001335
v 1.166277 1.075897 -0.001170
v 1.166394 1.078063 -0.002422
v 1.166511 1.080229 -0.001170
v 1.166511 1.080229 0.001335
v 1.166394 1.078063 0.002587
v 1.157350 1.080857 0.000925
v 1.157350 1.080857 -0.000760
v 1.158552 1.081685 -0.001603
v 1.159754 1.082513 -0.000760
v 1.159754 1.082513 0.000925
v 1.158552 1.081685 0.001767
vn -0.3416 -0.8756 0.3416
vn -0.3416 -0.3416 0.8756
vn -0.8756 -0.3416 0.3416
vn -0.3416 0.3416 0.8756
vn -0.3416 0.8756 0.3416
vn -0.8756 0.3416 0.3416
vn -0.3416 -0.8756 -0.3416
vn -0.8756 -0.3416 -0.3416
vn -0.3416 -0.3416 -0.8756
vn -0.3416 0.8756 -0.3416
vn -0.3416 0.3416 -0.8756
vn -0.8756 0.3416 -0.3416
vn 0.3416 -0.8756 0.3416
vn 0.8756 -0.3416 0.3416
vn 0.3416 -0.3416 0.8756
vn 0.3416 0.8756 0.3416
vn 0.3416 0.3416 0.8756
vn 0.8756 0.3416 0.3416
vn 0.3416 -0.8756 -0.3416
vn 0.3416 -0.3416 -0.8756
vn 0.8756 -0.3416 -0.3416
vn 0.3416 0.8756 -0.3416
vn 0.8756 0.3416 -0.3416
vn 0.3416 0.3416 -0.8756
vn 0.4673 0.2541 -0.8468
vn -0.4760 0.2493 -0.8434
vn -0.0331 0.9941 0.1029
vn 0.9671 0.2526 -0.0313
vn 0.5091 0.2398 0.8267
vn -0.4817 0.2375 0.8435
vn -0.9693 0.2450 -0.0205
vn -0.4891 0.1471 0.8597
vn 0.4983 0.1290 0.8573
vn -0.9943 0.1064 0.0047
vn 0.9976 0.0696 -0.0005
vn 0.4946 0.0269 -0.8687
vn -0.5052 0.0457 -0.8618
vn -0.5000 -0.0000 -0.8660
vn -0.4996 0.0418 -0.8653
vn 0.4996 0.0418 -0.8653
vn 0.5000 -0.0000 -0.8660
vn -1.0000 -0.0000 -0.0000
vn -0.9991 0.0418 -0.0000
vn 0.9991 0.0418 -0.0000
vn 1.0000 -0.0000 -0.0000
vn 0.4996 0.0418 0.8653
vn 0.5000 -0.0000 0.8660
vn -0.4996 0.0418 0.8653
vn -0.5000 -0.0000 0.8660
vn 0.4992 0.0620 -0.8642
vn 0.9968 0.0793 0.0068
vn 0.4934 0.1031 0.8637
vn -0.4944 0.1099 0.8622
vn -0.9956 0.0938 0.0075
vn -0.5044 0.0698 -0.8606
vn 0.4853 0.2574 -0.8356
vn -0.4898 0.2534 -0.8342
vn -0.0055 0.9999 -0.0150
vn 0.9678 0.2516 0.0065
vn 0.4860 0.2446 0.8390
vn -0.4787 0.2431 0.8436
vn -0.9692 0.2463 0.0088
vn -0.4963 0.0690 0.8654
vn 0.5020 0.0667 0.8623
vn -0.9958 0.0913 0.0014
vn 0.9962 0.0868 -0.0000
vn 0.4971 0.1093 -0.8608
vn -0.4986 0.1114 -0.8596
vn -0.4996 0.0417 -0.8653
vn 0.4996 0.0417 -0.8653
vn 0.4955 0.0942 -0.8635
vn 0.9965 0.0830 -0.0035
vn 0.5002 0.0741 0.8628
vn -0.5004 0.0767 0.8624
vn -0.9961 0.0883 -0.0034
vn -0.4973 0.0969 -0.8622
vn 0.4855 0.2397 -0.8407
vn -0.4855 0.2397 -0.8407
vn -0.0000 1.0000 -0.0000
vn 0.9708 0.2399 -0.0003
vn 0.4854 0.2401 0.8406
vn -0.4856 0.2399 0.8406
vn -0.9708 0.2397 0.0001
vn -0.5058 0.1274 0.8532
vn 0.5038 0.1425 0.8520
vn -0.9970 0.0758 -0.0125
vn 0.9943 0.1043 -0.0200
vn 0.4874 0.0567 -0.8713
vn -0.5013 0.0431 -0.8642
vn -0.5009 -0.0000 -0.8655
vn -0.5007 0.0677 -0.8630
vn 0.4923 0.0601 -0.8683
vn 0.4995 -0.0000 -0.8663
vn -1.0000 -0.0000 0.0004
vn -0.9988 0.0493 -0.0060
vn 0.9994 0.0333 -0.0107
vn 1.0000 -0.0000 -0.0003
vn 0.5055 0.0126 0.8627
vn 0.5009 -0.0000 0.8655
vn -0.5041 0.0211 0.8634
vn -0.4993 -0.0000 0.8664
vn 0.5102 0.0757 -0.8567
vn 0.9955 0.0931 0.0167
vn 0.5004 0.1051 0.8594
vn -0.4783 0.1013 0.8723
vn -0.9961 0.0833 0.0301
vn -0.5124 0.0696 -0.8559
vn 0.4816 0.2270 -0.8465
vn -0.4884 0.2165 -0.8453
vn 0.9678 0.2514 -0.0099
vn 0.4828 0.2659 0.8344
vn -0.4917 0.2531 0.8331
vn -0.9736 0.2283 -0.0061
vn -0.4962 0.1075 0.8616
vn 0.4973 0.1225 0.8589
vn -0.9970 0.0770 0.0084
vn 0.9944 0.1053 0.0005
vn 0.5050 0.0754 -0.8598
vn -0.5004 0.0618 -0.8636
vn -0.4994 0.0551 -0.8646
vn 0.4969 0.0488 -0.8665
vn -0.9988 0.0480 -0.0030
vn 0.9994 0.0346 -0.0050
vn 0.5003 0.0264 0.8655
vn -0.5038 0.0336 0.8632
vn 0.5045 0.0919 -0.8585
vn 0.9966 0.0826 0.0029
vn 0.4992 0.0783 0.8629
vn -0.4953 0.0821 0.8648
vn -0.9958 0.0912 0.0086
vn -0.4988 0.0966 -0.8613
vn 0.5003 0.2454 -0.8303
vn -0.4791 0.2520 -0.8408
vn -0.0211 0.9990 -0.0395
vn 0.9716 0.2359 0.0173
vn 0.4807 0.2297 0.8463
vn -0.4781 0.2335 0.8467
vn -0.9692 0.2460 0.0119
vn -0.5042 0.0674 0.8610
vn 0.4969 0.0469 0.8666
vn -0.9939 0.1099 -0.0051
vn 0.9975 0.0701 -0.0029
vn 0.4955 0.1123 -0.8613
vn -0.4929 0.1316 -0.8601
vn 0.4953 0.0938 -0.8636
vn 0.9967 0.0813 -0.0032
vn 0.4982 0.0746 0.8639
vn -0.5015 0.0806 0.8614
vn -0.9957 0.0930 -0.0035
vn -0.4969 0.0995 -0.8621
vn 0.8000 0.6001 -0.0000
vn 0.3436 0.6258 0.7002
vn -0.8515 0.5243 -0.0000
vn -0.4703 0.4920 -0.7326
vn -0.4703 0.4920 0.7326
vn 0.3436 0.6258 -0.7002
vn -0.1608 0.9870 -0.0000
vn 0.7161 -0.0000 -0.6980
vn -0.2464 -0.0000 -0.9692
vn -0.1971 0.6001 -0.7753
vn 0.5940 0.6258 -0.5055
vn -0.7161 -0.0000 0.6980
vn 0.2464 -0.0000 0.9692
vn 0.2098 0.5243 0.8253
vn -0.5942 0.4920 0.6363
vn 0.9625 -0.0000 0.2712
vn 0.8259 0.4920 0.2753
vn -0.9625 -0.0000 -0.2712
vn -0.7633 0.6258 -0.1605
vn 0.0396 0.9870 0.1559
vn -0.9953 -0.0000 -0.0964
vn -0.5811 -0.0000 0.8138
vn -0.4649 0.6001 0.6510
vn -0.7695 0.6258 -0.1273
vn 0.9953 -0.0000 0.0964
vn 0.5811 -0.0000 -0.8138
vn 0.4949 0.5243 -0.6930
vn 0.8695 0.4920 0.0430
vn -0.4142 -0.0000 -0.9102
vn -0.3229 0.4920 -0.8085
vn 0.4142 -0.0000 0.9102
vn 0.3702 0.6258 0.6865
vn 0.0935 0.9870 -0.1309
vn -0.4602 -0.0000 0.8878
vn 0.5388 -0.0000 0.8424
vn 0.4310 0.6001 0.6739
vn -0.4048 0.6258 0.6667
vn 0.4602 -0.0000 -0.8878
vn -0.5388 -0.0000 -0.8425
vn -0.4588 0.5243 -0.7174
vn 0.3638 0.4920 -0.7910
vn -0.9990 -0.0000 0.0454
vn -0.8706 0.4920 -0.0015
vn 0.9990 -0.0000 -0.0454
vn 0.7750 0.6258 -0.0878
vn -0.0866 0.9870 -0.1355
vn -0.1189 0.6077 0.7852
vn -0.7848 0.4997 -0.3667
vn -0.7848 0.4996 0.3667
vn -0.1189 0.6077 -0.7853
vn 0.5165 0.7696 0.3754
vn 0.5164 0.7696 -0.3755
vn 0.4089 0.4825 -0.7746
vn 0.9210 0.0533 0.3858
vn 0.9211 0.0532 -0.3857
vn 0.4088 0.4826 0.7746
vn -0.1035 0.9160 -0.3876
vn -0.1036 0.9160 0.3875
vn -0.7085 0.5092 0.4886
vn 0.0081 0.0598 0.9982
vn -0.7085 0.5092 -0.4886
vn 0.0081 0.0598 -0.9982
vn 0.7563 -0.4094 -0.5102
vn 0.7563 -0.4094 0.5102
vn -0.7838 0.3830 0.4888
vn -0.0057 0.0503 0.9987
vn -0.7838 0.3830 -0.4888
vn -0.0057 0.0503 -0.9987
vn 0.8068 -0.2974 -0.5105
vn 0.8068 -0.2974 0.5105
vn -0.8418 0.2345 0.4861
vn -0.0226 0.0467 0.9987
vn -0.8418 0.2345 -0.4861
vn -0.0226 0.0467 -0.9987
vn 0.8440 -0.1522 -0.5143
vn 0.8440 -0.1522 0.5143
vn -0.8722 0.0422 0.4873
vn -0.0297 0.0206 0.9993
vn -0.8722 0.0422 -0.4873
vn -0.0297 0.0206 -0.9993
vn 0.8581 -0.0022 -0.5135
vn 0.8581 -0.0022 0.5135
vn -0.8614 -0.1435 0.4873
vn -0.0286 -0.0049 0.9996
vn -0.8614 -0.1435 -0.4873
vn -0.0286 -0.0049 -0.9996
vn 0.8473 0.1402 -0.5123
vn 0.8473 0.1402 0.5123
vn -0.8006 -0.3626 0.4771
vn -0.0480 -0.0227 0.9986
vn -0.8006 -0.3626 -0.4771
vn -0.0480 -0.0227 -0.9986
vn 0.7787 0.3473 -0.5226
vn 0.7787 0.3473 0.5226
vn -0.5479 -0.6958 0.4644
vn -0.0603 -0.0772 0.9952
vn -0.5479 -0.6958 -0.4644
vn -0.0603 -0.0772 -0.9952
vn 0.5172 0.6542 -0.5519
vn 0.5172 0.6542 0.5519
vn -0.0967 -0.8780 0.4688
vn -0.0093 -0.0778 0.9969
vn -0.0967 -0.8780 -0.4688
vn -0.0093 -0.0778 -0.9969
vn 0.0884 0.8391 -0.5368
vn 0.0884 0.8391 0.5368
vn 0.2746 -0.8355 0.4760
vn 0.0175 -0.0539 0.9984
vn 0.2746 -0.8355 -0.4760
vn 0.0175 -0.0539 -0.9984
vn -0.2667 0.8084 -0.5247
vn -0.2667 0.8084 0.5247
vn 0.5690 -0.6719 0.4741
vn 0.0423 -0.0498 0.9979
vn 0.5690 -0.6719 -0.4741
vn 0.0423 -0.0498 -0.9979
vn -0.5472 0.6470 -0.5310
vn -0.5472 0.6470 0.5310
vn 0.7861 -0.3953 0.4752
vn 0.0557 -0.0285 0.9980
vn 0.7861 -0.3953 -0.4752
vn 0.0557 -0.0285 -0.9980
vn -0.7588 0.3788 -0.5298
vn -0.7588 0.3788 0.5298
vn 0.8688 -0.1151 0.4817
vn 0.0431 -0.0063 0.9991
vn 0.8688 -0.1151 -0.4817
vn 0.0431 -0.0063 -0.9991
vn -0.8476 0.1089 -0.5193
vn -0.8476 0.1089 0.5193
vn 0.8686 0.1012 0.4851
vn 0.0344 0.0040 0.9994
vn 0.8686 0.1012 -0.4851
vn 0.0344 0.0040 -0.9994
vn -0.8514 -0.0994 -0.5150
vn -0.8514 -0.0994 0.5150
vn 0.8200 0.3076 0.4827
vn 0.0395 0.0151 0.9991
vn 0.8200 0.3076 -0.4827
vn 0.0395 0.0151 -0.9991
vn -0.8005 -0.2990 -0.5194
vn -0.8005 -0.2990 0.5194
vn 0.7062 0.5194 0.4810
vn 0.0360 0.0270 0.9990
vn 0.7062 0.5194 -0.4810
vn 0.0360 0.0270 -0.9990
vn -0.6896 -0.5041 -0.5199
vn -0.6896 -0.5041 0.5199
vn 0.4900 0.7304 0.4758
vn 0.0237 0.0552 0.9982
vn 0.4900 0.7304 -0.4758
vn 0.0237 0.0552 -0.9982
vn -0.4956 -0.6906 -0.5268
vn -0.4956 -0.6906 0.5268
vn 0.1147 0.8760 0.4684
vn -0.0107 0.0838 0.9964
vn 0.1147 0.8760 -0.4684
vn -0.0107 0.0838 -0.9964
vn -0.1579 -0.8271 -0.5394
vn -0.1579 -0.8271 0.5394
vn -0.3449 0.8150 0.4657
vn -0.0547 0.0706 0.9960
vn -0.3449 0.8150 -0.4657
vn -0.0547 0.0706 -0.9960
vn 0.2793 -0.7941 -0.5399
vn 0.2793 -0.7941 0.5399
vn -0.7391 0.4903 0.4619
vn -0.0954 0.0364 0.9948
vn -0.7391 0.4903 -0.4619
vn -0.0954 0.0364 -0.9948
vn 0.6666 -0.5046 -0.5486
vn 0.6666 -0.5046 0.5486
vn -0.8855 -0.0647 0.4602
vn -0.0968 -0.0458 0.9942
vn -0.8855 -0.0647 -0.4602
vn -0.0968 -0.0458 -0.9942
vn 0.8388 -0.0291 -0.5437
vn 0.8388 -0.0291 0.5437
vn -0.5809 -0.6769 0.4521
vn -0.0461 -0.1443 0.9885
vn -0.5809 -0.6769 -0.4521
vn -0.0461 -0.1443 -0.9885
vn 0.6302 0.5225 -0.5743
vn 0.6302 0.5225 0.5743
vn 0.1126 -0.8866 0.4487
vn 0.0883 -0.1181 0.9891
vn 0.1126 -0.8866 -0.4487
vn 0.0883 -0.1181 -0.9891
vn 0.0618 0.8329 -0.5499
vn 0.0618 0.8329 0.5499
vn 0.7765 -0.4499 0.4411
vn 0.1889 -0.0231 0.9817
vn 0.7765 -0.4499 -0.4411
vn 0.1889 -0.0231 -0.9817
vn -0.5901 0.5465 -0.5942
vn -0.5901 0.5465 0.5942
vn 0.1189 0.6077 0.7852
vn 0.7848 0.4996 0.3667
vn 0.7848 0.4997 -0.3667
vn 0.1189 0.6077 -0.7853
vn -0.5165 0.7696 0.3754
vn -0.5164 0.7696 -0.3755
vn -0.4089 0.4825 -0.7746
vn -0.9211 0.0532 -0.3857
vn -0.9210 0.0533 0.3858
vn -0.4088 0.4826 0.7746
vn 0.1035 0.9160 -0.3876
vn 0.1036 0.9160 0.3875
vn -0.0081 0.0598 0.9982
vn 0.7085 0.5092 0.4886
vn 0.7085 0.5092 -0.4886
vn -0.0081 0.0598 -0.9982
vn -0.7563 -0.4094 -0.5102
vn -0.7563 -0.4094 0.5102
vn 0.0057 0.0503 0.9987
vn 0.7838 0.3830 0.4888
vn 0.7838 0.3830 -0.4888
vn 0.0057 0.0503 -0.9987
vn -0.8068 -0.2974 -0.5105
vn -0.8068 -0.2974 0.5105
vn 0.0226 0.0467 0.9987
vn 0.8418 0.2345 0.4861
vn 0.8418 0.2345 -0.4861
vn 0.0226 0.0467 -0.9987
vn -0.8440 -0.1522 -0.5143
vn -0.8440 -0.1522 0.5143
vn 0.0297 0.0206 0.9993
vn 0.8722 0.0422 0.4873
vn 0.8722 0.0422 -0.4873
vn 0.0297 0.0206 -0.9993
vn -0.8581 -0.0022 -0.5135
vn -0.8581 -0.0022 0.5135
vn 0.0286 -0.0049 0.9996
vn 0.8614 -0.1435 0.4873
vn 0.8614 -0.1435 -0.4873
vn 0.0286 -0.0049 -0.9996
vn -0.8473 0.1402 -0.5123
vn -0.8473 0.1402 0.5123
vn 0.0480 -0.0227 0.9986
vn 0.8006 -0.3626 0.4771
vn 0.8006 -0.3626 -0.4771
vn 0.0480 -0.0227 -0.9986
vn -0.7787 0.3473 -0.5226
vn -0.7787 0.3473 0.5226
vn 0.0603 -0.0772 0.9952
vn 0.5479 -0.6958 0.4644
vn 0.5479 -0.6958 -0.4644
vn 0.0603 -0.0772 -0.9952
vn -0.5172 0.6542 -0.5519
vn -0.5172 0.6542 0.5519
vn 0.0093 -0.0778 0.9969
vn 0.0967 -0.8780 0.4688
vn 0.0967 -0.8780 -0.4688
vn 0.0093 -0.0778 -0.9969
vn -0.0884 0.8391 -0.5368
vn -0.0884 0.8391 0.5368
vn -0.0175 -0.0539 0.9984
vn -0.2746 -0.8355 0.4760
vn -0.2746 -0.8355 -0.4760
vn -0.0175 -0.0539 -0.9984
vn 0.2668 0.8084 -0.5247
vn 0.2668 0.8084 0.5247
vn -0.0423 -0.0498 0.9979
vn -0.5690 -0.6719 0.4741
vn -0.5690 -0.6719 -0.4741
vn -0.0423 -0.0498 -0.9979
vn 0.5472 0.6470 -0.5310
vn 0.5472 0.6470 0.5310
vn -0.0557 -0.0285 0.9980
vn -0.7861 -0.3953 0.4752
vn -0.7861 -0.3953 -0.4752
vn -0.0557 -0.0285 -0.9980
vn 0.7588 0.3788 -0.5298
vn 0.7588 0.3788 0.5298
vn -0.0431 -0.0063 0.9991
vn -0.8688 -0.1151 0.4817
vn -0.8688 -0.1151 -0.4817
vn -0.0431 -0.0063 -0.9991
vn 0.8476 0.1089 -0.5193
vn 0.8476 0.1089 0.5193
vn -0.0344 0.0040 0.9994
vn -0.8685 0.1012 0.4852
vn -0.8686 0.1012 -0.4852
vn -0.0344 0.0040 -0.9994
vn 0.8514 -0.0994 -0.5150
vn 0.8514 -0.0994 0.5150
vn -0.0395 0.0151 0.9991
vn -0.8200 0.3076 0.4827
vn -0.8200 0.3076 -0.4827
vn -0.0395 0.0151 -0.9991
vn 0.8005 -0.2990 -0.5194
vn 0.8005 -0.2990 0.5194
vn -0.0360 0.0270 0.9990
vn -0.7062 0.5194 0.4810
vn -0.7062 0.5194 -0.4810
vn -0.0360 0.0270 -0.9990
vn 0.6896 -0.5041 -0.5199
vn 0.6896 -0.5041 0.5199
vn -0.0237 0.0552 0.9982
vn -0.4900 0.7304 0.4758
vn -0.4900 0.7304 -0.4758
vn -0.0237 0.0552 -0.9982
vn 0.4956 -0.6906 -0.5268
vn 0.4956 -0.6906 0.5268
vn 0.0107 0.0838 0.9964
vn -0.1147 0.8760 0.4684
vn -0.1147 0.8760 -0.4684
vn 0.0107 0.0838 -0.9964
vn 0.1579 -0.8271 -0.5394
vn 0.1579 -0.8271 0.5394
vn 0.0547 0.0706 0.9960
vn 0.3449 0.8150 0.4657
vn 0.3449 0.8150 -0.4657
vn 0.0547 0.0706 -0.9960
vn -0.2793 -0.7941 -0.5399
vn -0.2793 -0.7941 0.5399
vn 0.0954 0.0364 0.9948
vn 0.7391 0.4903 0.4619
vn 0.7391 0.4903 -0.4619
vn 0.0954 0.0364 -0.9948
vn -0.6666 -0.5046 -0.5486
vn -0.6666 -0.5046 0.5486
vn 0.0968 -0.0458 0.9942
vn 0.8855 -0.0647 0.4602
vn 0.8855 -0.0647 -0.4602
vn 0.0968 -0.0458 -0.9942
vn -0.8388 -0.0291 -0.5437
vn -0.8388 -0.0291 0.5437
vn 0.0461 -0.1443 0.9885
vn 0.5809 -0.6769 0.4521
vn 0.5809 -0.6769 -0.4521
vn 0.0461 -0.1443 -0.9885
vn -0.6302 0.5225 -0.5743
vn -0.6302 0.5225 0.5743
vn -0.0883 -0.1181 0.9891
vn -0.1126 -0.8866 0.4487
vn -0.1126 -0.8866 -0.4487
vn -0.0883 -0.1181 -0.9891
vn -0.0618 0.8329 -0.5499
vn -0.0618 0.8329 0.5499
vn -0.1889 -0.0231 0.9817
vn -0.7765 -0.4499 0.4411
vn -0.7765 -0.4499 -0.4411
vn -0.1889 -0.0231 -0.9817
vn 0.5901 0.5465 -0.5942
vn 0.5901 0.5465 0.5942
vn -0.1189 0.6077 0.7853
vn 0.5164 0.7697 -0.3755
vn 0.9211 0.0532 -0.3858
vn -0.1034 0.9160 -0.3876
vn -0.1035 0.9160 0.3875
vn 0.8685 0.1012 0.4852
vn 0.1189 0.6077 -0.7852
vn -0.4089 0.4826 0.7746
vn -0.8685 0.1012 -0.4852
vn -0.2668 0.8084 -0.5247
vn -0.2668 0.8084 0.5247
vn 0.7063 0.5194 0.4810
vn 0.7063 0.5194 -0.4810
vn 0.1188 0.6077 0.7852
vn 0.1188 0.6077 -0.7852
vn -0.9211 0.0532 -0.3858
vn -0.8686 0.1012 0.4851
vn -0.8686 0.1012 -0.4851
vn -0.7848 0.4997 -0.3666
vn -0.7849 0.4996 0.3666
vn -0.1189 0.6076 -0.7853
vn 0.5165 0.7696 0.3755
vn 0.5163 0.7697 -0.3755
vn 0.0080 0.0598 0.9982
vn 0.0080 0.0598 -0.9982
vn 0.7861 -0.3954 -0.4752
vn 0.8685 0.1012 -0.4852
vn 0.0395 0.0150 -0.9991
vn 0.1888 -0.0231 -0.9817
vn -0.5902 0.5465 -0.5942
vn -0.5902 0.5465 0.5942
vn -0.5164 0.7697 -0.3755
vn 0.1034 0.9160 -0.3876
vn 0.1035 0.9160 0.3875
vn -0.1189 0.6076 0.7853
vn 0.4089 0.4826 0.7746
vn -0.0296 0.0206 0.9993
vn -0.0296 0.0206 -0.9993
vn -0.0479 -0.0227 0.9986
vn -0.0479 -0.0227 -0.9986
vn 0.0395 0.0150 0.9991
vn 0.1189 0.6077 0.7853
vn 0.0479 -0.0227 0.9986
vn 0.0479 -0.0227 -0.9986
vn -0.7063 0.5194 0.4810
vn -0.7063 0.5194 -0.4810
vn 0.0546 0.0706 -0.9960
vt 0.151815 0.997070
vt 0.150222 0.995388
vt 0.152222 0.995023
vt 0.150744 0.977006
vt 0.152412 0.975434
vt 0.152800 0.977414
vt 0.177805 0.997070
vt 0.177417 0.995090
vt 0.179473 0.995498
vt 0.178402 0.975434
vt 0.179994 0.977116
vt 0.177995 0.977481
vt 0.153225 0.002930
vt 0.153584 0.005057
vt 0.151455 0.004583
vt 0.152412 0.024915
vt 0.150808 0.023216
vt 0.152829 0.022859
vt 0.179246 0.003633
vt 0.180739 0.005229
vt 0.178811 0.005534
vt 0.178402 0.024915
vt 0.178025 0.022942
vt 0.180059 0.023360
vt 0.200205 0.024915
vt 0.200206 0.975434
vt 0.198257 0.975434
vt 0.198257 0.024915
vt 0.180350 0.024915
vt 0.180350 0.975434
vt 0.130608 0.975434
vt 0.130608 0.024915
vt 0.132556 0.024915
vt 0.132556 0.975434
vt 0.150464 0.975434
vt 0.150464 0.024915
vt 0.104618 0.975434
vt 0.104618 0.024915
vt 0.031707 0.002930
vt 0.033299 0.004612
vt 0.031300 0.004977
vt 0.032778 0.022994
vt 0.031110 0.024566
vt 0.030722 0.022586
vt 0.005717 0.002930
vt 0.006104 0.004910
vt 0.004048 0.004502
vt 0.005119 0.024566
vt 0.003527 0.022884
vt 0.005526 0.022519
vt 0.030512 0.996725
vt 0.030125 0.994745
vt 0.032181 0.995153
vt 0.031109 0.975088
vt 0.032702 0.976771
vt 0.030702 0.977135
vt 0.004522 0.996725
vt 0.002930 0.995042
vt 0.004929 0.994678
vt 0.005119 0.975088
vt 0.005507 0.977069
vt 0.003451 0.976661
vt 0.078903 0.975088
vt 0.078903 0.024566
vt 0.080851 0.024566
vt 0.080851 0.975088
vt 0.003171 0.975088
vt 0.003171 0.024566
vt 0.052913 0.024566
vt 0.052913 0.975088
vt 0.050965 0.975088
vt 0.050965 0.024566
vt 0.033058 0.024566
vt 0.033058 0.975088
vt 0.098759 0.024566
vt 0.098759 0.975088
vt 0.230001 0.879502
vt 0.230568 0.879278
vt 0.231189 0.880838
vt 0.229435 0.879937
vt 0.232332 0.879551
vt 0.232911 0.879964
vt 0.231737 0.879306
vt 0.231148 0.879216
vt 0.233683 0.860274
vt 0.236110 0.860660
vt 0.231256 0.860267
vt 0.238460 0.861354
vt 0.226304 0.860943
vt 0.228791 0.860541
vt 0.222770 0.002930
vt 0.222865 0.790970
vt 0.214691 0.791487
vt 0.214418 0.002931
vt 0.231122 0.002930
vt 0.230999 0.790797
vt 0.206385 0.792366
vt 0.206065 0.002933
vt 0.256070 0.002937
vt 0.255727 0.792377
vt 0.247426 0.791504
vt 0.247827 0.002934
vt 0.239170 0.790971
vt 0.239474 0.002931
vt 0.223981 0.861393
vt 0.221519 0.834319
vt 0.216750 0.835257
vt 0.245415 0.835158
vt 0.240699 0.834045
vt 0.235933 0.833423
vt 0.231131 0.833325
vt 0.226318 0.833662
vt 0.341811 0.878771
vt 0.342397 0.878541
vt 0.342970 0.880090
vt 0.341252 0.879195
vt 0.344135 0.878760
vt 0.344718 0.879197
vt 0.343554 0.878537
vt 0.342981 0.878468
vt 0.345365 0.860911
vt 0.347803 0.861237
vt 0.342893 0.860769
vt 0.350133 0.861744
vt 0.337990 0.861187
vt 0.340417 0.860847
vt 0.334566 0.002930
vt 0.334708 0.790992
vt 0.326496 0.791507
vt 0.326214 0.002931
vt 0.342918 0.002930
vt 0.342873 0.790812
vt 0.318195 0.792382
vt 0.317861 0.002934
vt 0.367867 0.002937
vt 0.367538 0.792381
vt 0.359207 0.791488
vt 0.359624 0.002933
vt 0.351017 0.790977
vt 0.351270 0.002931
vt 0.335606 0.861796
vt 0.333262 0.834165
vt 0.328524 0.835216
vt 0.357202 0.835233
vt 0.352459 0.834287
vt 0.347662 0.833670
vt 0.342847 0.833409
vt 0.338038 0.833558
vt 0.285955 0.878218
vt 0.286551 0.877992
vt 0.287145 0.879625
vt 0.285362 0.878645
vt 0.288319 0.878213
vt 0.288888 0.878628
vt 0.287729 0.877988
vt 0.287139 0.877918
vt 0.289649 0.859720
vt 0.292144 0.860047
vt 0.287148 0.859719
vt 0.294556 0.860718
vt 0.282257 0.860224
vt 0.284683 0.859917
vt 0.278719 0.002930
vt 0.278785 0.789995
vt 0.270662 0.790550
vt 0.270324 0.002932
vt 0.287134 0.002930
vt 0.286869 0.790008
vt 0.262403 0.791623
vt 0.261930 0.002936
vt 0.312002 0.002937
vt 0.311723 0.791676
vt 0.303363 0.791011
vt 0.303766 0.002934
vt 0.295021 0.790418
vt 0.295499 0.002931
vt 0.279917 0.860684
vt 0.277281 0.834256
vt 0.272347 0.835229
vt 0.301763 0.835039
vt 0.296960 0.833967
vt 0.292224 0.833418
vt 0.287319 0.833342
vt 0.282264 0.833650
vt 0.453410 0.878094
vt 0.453992 0.877881
vt 0.454569 0.879482
vt 0.452822 0.878500
vt 0.455739 0.878081
vt 0.456299 0.878502
vt 0.455147 0.877860
vt 0.454565 0.877802
vt 0.457143 0.859878
vt 0.459576 0.860192
vt 0.454636 0.859830
vt 0.461959 0.860819
vt 0.449677 0.860292
vt 0.452136 0.859979
vt 0.446362 0.002930
vt 0.446482 0.790789
vt 0.438303 0.791362
vt 0.437975 0.002931
vt 0.454731 0.002930
vt 0.454599 0.790690
vt 0.429992 0.792361
vt 0.429602 0.002934
vt 0.479615 0.002936
vt 0.479327 0.792362
vt 0.471005 0.791570
vt 0.471371 0.002933
vt 0.462751 0.790986
vt 0.463061 0.002931
vt 0.447312 0.860792
vt 0.444950 0.834324
vt 0.440132 0.835407
vt 0.469123 0.835391
vt 0.464343 0.834389
vt 0.459544 0.833762
vt 0.454630 0.833510
vt 0.449774 0.833686
vt 0.397872 0.878157
vt 0.398456 0.877918
vt 0.399035 0.879501
vt 0.397309 0.878576
vt 0.400195 0.878136
vt 0.400771 0.878545
vt 0.399624 0.877916
vt 0.399044 0.877843
vt 0.401318 0.859771
vt 0.403775 0.860152
vt 0.398867 0.859562
vt 0.406092 0.860636
vt 0.394029 0.860033
vt 0.396439 0.859629
vt 0.390435 0.002930
vt 0.390560 0.791128
vt 0.382354 0.791657
vt 0.382082 0.002931
vt 0.398789 0.002930
vt 0.398725 0.790953
vt 0.374058 0.792546
vt 0.373726 0.002934
vt 0.423743 0.002937
vt 0.423410 0.792547
vt 0.415094 0.791656
vt 0.415498 0.002934
vt 0.406887 0.791128
vt 0.407143 0.002931
vt 0.391680 0.860716
vt 0.389250 0.834204
vt 0.384534 0.835297
vt 0.413072 0.835210
vt 0.408354 0.834243
vt 0.403583 0.833620
vt 0.398794 0.833372
vt 0.394010 0.833554
vt 0.582233 0.716462
vt 0.590497 0.716462
vt 0.590497 0.767057
vt 0.582233 0.767057
vt 0.557442 0.716462
vt 0.565706 0.716462
vt 0.565706 0.764981
vt 0.557442 0.764981
vt 0.573970 0.716462
vt 0.573970 0.764981
vt 0.540915 0.716462
vt 0.549179 0.716462
vt 0.549179 0.767057
vt 0.540915 0.767057
vt 0.557442 0.002930
vt 0.549179 0.002930
vt 0.565706 0.002930
vt 0.540915 0.002930
vt 0.590497 0.002930
vt 0.582233 0.002930
vt 0.573970 0.002930
vt 0.859396 0.323487
vt 0.852261 0.327611
vt 0.852076 0.319040
vt 0.859485 0.331728
vt 0.866619 0.327456
vt 0.866619 0.318883
vt 0.859304 0.314922
vt 0.629411 0.716462
vt 0.637674 0.716462
vt 0.637674 0.767057
vt 0.629411 0.767057
vt 0.604620 0.716462
vt 0.612883 0.716462
vt 0.612883 0.764981
vt 0.604620 0.764981
vt 0.621147 0.716462
vt 0.621147 0.764981
vt 0.645938 0.716462
vt 0.645938 0.767057
vt 0.604620 0.002930
vt 0.596356 0.716462
vt 0.596356 0.002930
vt 0.612883 0.002930
vt 0.645938 0.002930
vt 0.637674 0.002930
vt 0.629411 0.002930
vt 0.621147 0.002930
vt 0.596356 0.767057
vt 0.859396 0.346152
vt 0.852261 0.350276
vt 0.852076 0.341705
vt 0.859485 0.354393
vt 0.866619 0.350121
vt 0.866619 0.341548
vt 0.859304 0.337587
vt 0.651797 0.716462
vt 0.660061 0.716462
vt 0.660061 0.767057
vt 0.651797 0.767057
vt 0.676588 0.716462
vt 0.684852 0.716462
vt 0.684852 0.764981
vt 0.676588 0.764981
vt 0.693115 0.716462
vt 0.701379 0.716462
vt 0.701379 0.767057
vt 0.693115 0.764981
vt 0.668325 0.716462
vt 0.668325 0.767057
vt 0.676588 0.002930
vt 0.668325 0.002930
vt 0.684852 0.002930
vt 0.660061 0.002930
vt 0.651797 0.002930
vt 0.701379 0.002930
vt 0.693115 0.002930
vt 0.859396 0.368494
vt 0.866619 0.364524
vt 0.866619 0.373097
vt 0.859485 0.360252
vt 0.852261 0.364369
vt 0.852076 0.372940
vt 0.859304 0.377058
vt 0.526792 0.716462
vt 0.535056 0.716462
vt 0.535056 0.767057
vt 0.526792 0.767057
vt 0.502001 0.716462
vt 0.510265 0.716462
vt 0.510265 0.764981
vt 0.502001 0.764981
vt 0.518528 0.716462
vt 0.518528 0.764981
vt 0.485474 0.716462
vt 0.493737 0.716462
vt 0.493737 0.767057
vt 0.485474 0.767057
vt 0.502001 0.002930
vt 0.493737 0.002930
vt 0.510265 0.002930
vt 0.485474 0.002930
vt 0.535056 0.002930
vt 0.526792 0.002930
vt 0.518528 0.002930
vt 0.859299 0.391482
vt 0.852076 0.395451
vt 0.852076 0.386878
vt 0.859210 0.399723
vt 0.866434 0.395606
vt 0.866619 0.387035
vt 0.859391 0.382917
vt 0.715502 0.716462
vt 0.723766 0.716462
vt 0.723766 0.767057
vt 0.715502 0.767057
vt 0.740293 0.716462
vt 0.748557 0.716462
vt 0.748557 0.764981
vt 0.740293 0.764981
vt 0.707239 0.716462
vt 0.707239 0.764981
vt 0.732029 0.716462
vt 0.732029 0.767057
vt 0.756820 0.716462
vt 0.756820 0.764981
vt 0.740293 0.002930
vt 0.732029 0.002930
vt 0.748557 0.002930
vt 0.723766 0.002930
vt 0.715502 0.002930
vt 0.707238 0.002930
vt 0.756820 0.002930
vt 0.859396 0.413824
vt 0.866619 0.409854
vt 0.866619 0.418427
vt 0.859485 0.405582
vt 0.852261 0.409700
vt 0.852076 0.418271
vt 0.859304 0.422388
vt 0.852593 0.551862
vt 0.853109 0.550967
vt 0.853109 0.551564
vt 0.852593 0.550669
vt 0.852076 0.551564
vt 0.852076 0.550967
vt 0.853329 0.451250
vt 0.852703 0.450165
vt 0.853329 0.450527
vt 0.852076 0.450527
vt 0.852703 0.451612
vt 0.852076 0.451250
vt 0.830800 0.308653
vt 0.829576 0.297722
vt 0.830924 0.297633
vt 0.831455 0.308533
vt 0.830156 0.308745
vt 0.828253 0.297885
vt 0.833385 0.308629
vt 0.834985 0.297820
vt 0.836311 0.298027
vt 0.834010 0.308809
vt 0.832746 0.308488
vt 0.833634 0.297686
vt 0.832104 0.308456
vt 0.832280 0.297622
vt 0.828464 0.282991
vt 0.830492 0.282883
vt 0.826430 0.283195
vt 0.836581 0.283116
vt 0.838598 0.283377
vt 0.834565 0.282947
vt 0.832514 0.282865
vt 0.827154 0.266052
vt 0.829955 0.265925
vt 0.824433 0.266288
vt 0.838368 0.266218
vt 0.841095 0.266527
vt 0.835556 0.266015
vt 0.832770 0.265910
vt 0.826252 0.248550
vt 0.829623 0.248504
vt 0.822825 0.248651
vt 0.839799 0.248757
vt 0.843167 0.248954
vt 0.836405 0.248624
vt 0.833001 0.248533
vt 0.826499 0.229393
vt 0.829883 0.229422
vt 0.823148 0.229377
vt 0.840090 0.229606
vt 0.843467 0.229693
vt 0.836717 0.229532
vt 0.833259 0.229468
vt 0.826465 0.208623
vt 0.830015 0.208594
vt 0.822986 0.208680
vt 0.840798 0.208805
vt 0.844299 0.208975
vt 0.837237 0.208650
vt 0.833586 0.208583
vt 0.826008 0.188268
vt 0.829793 0.188277
vt 0.822435 0.188288
vt 0.841762 0.188446
vt 0.845407 0.188502
vt 0.837779 0.188399
vt 0.833757 0.188299
vt 0.826528 0.168337
vt 0.830103 0.168423
vt 0.822968 0.168293
vt 0.841400 0.168411
vt 0.844926 0.168299
vt 0.837684 0.168537
vt 0.833812 0.168504
vt 0.826891 0.151244
vt 0.830275 0.151234
vt 0.823394 0.151236
vt 0.841040 0.151234
vt 0.844413 0.151251
vt 0.837535 0.151210
vt 0.833776 0.151215
vt 0.826580 0.138311
vt 0.830106 0.138308
vt 0.823370 0.138279
vt 0.841326 0.138301
vt 0.844737 0.138301
vt 0.837587 0.138300
vt 0.833851 0.138299
vt 0.826833 0.127538
vt 0.830124 0.127596
vt 0.823665 0.127484
vt 0.841107 0.127513
vt 0.844385 0.127346
vt 0.837507 0.127690
vt 0.833714 0.127671
vt 0.827080 0.118192
vt 0.830244 0.118212
vt 0.824036 0.118150
vt 0.840674 0.118123
vt 0.843782 0.117987
vt 0.837267 0.118233
vt 0.833672 0.118229
vt 0.827180 0.111544
vt 0.830256 0.111532
vt 0.824191 0.111575
vt 0.840533 0.111562
vt 0.843519 0.111561
vt 0.837229 0.111567
vt 0.833607 0.111523
vt 0.826985 0.104830
vt 0.830153 0.104762
vt 0.823983 0.104955
vt 0.840699 0.104911
vt 0.843786 0.105064
vt 0.837264 0.104775
vt 0.833620 0.104691
vt 0.826736 0.097517
vt 0.830048 0.097423
vt 0.823604 0.097683
vt 0.840995 0.097652
vt 0.844231 0.097873
vt 0.837419 0.097459
vt 0.833649 0.097345
vt 0.826380 0.088880
vt 0.829863 0.088787
vt 0.823068 0.089034
vt 0.841505 0.089069
vt 0.844937 0.089308
vt 0.837707 0.088836
vt 0.833669 0.088693
vt 0.826107 0.078220
vt 0.829682 0.078113
vt 0.822734 0.078325
vt 0.842032 0.078395
vt 0.845526 0.078622
vt 0.838034 0.078099
vt 0.833692 0.077923
vt 0.825994 0.067558
vt 0.829670 0.067492
vt 0.822534 0.067624
vt 0.842339 0.067785
vt 0.845888 0.067976
vt 0.838239 0.067505
vt 0.833790 0.067323
vt 0.826087 0.056477
vt 0.829766 0.056490
vt 0.822435 0.056351
vt 0.842625 0.056813
vt 0.846217 0.056930
vt 0.838463 0.056574
vt 0.833925 0.056373
vt 0.826596 0.043955
vt 0.830204 0.044084
vt 0.823068 0.043613
vt 0.842527 0.044289
vt 0.846114 0.044212
vt 0.838499 0.044181
vt 0.834189 0.044044
vt 0.827576 0.031139
vt 0.830771 0.031476
vt 0.824823 0.030694
vt 0.841817 0.031332
vt 0.844867 0.030883
vt 0.838141 0.031565
vt 0.834391 0.031530
vt 0.829564 0.021366
vt 0.831810 0.021680
vt 0.827261 0.020956
vt 0.839949 0.021450
vt 0.842206 0.020921
vt 0.837429 0.021812
vt 0.834325 0.021818
vt 0.830703 0.012173
vt 0.832357 0.012371
vt 0.829039 0.011841
vt 0.838441 0.011957
vt 0.840028 0.011541
vt 0.836500 0.012190
vt 0.834269 0.012306
vt 0.832847 0.003194
vt 0.833627 0.003824
vt 0.831875 0.002930
vt 0.835828 0.003625
vt 0.836406 0.002971
vt 0.835157 0.004220
vt 0.834385 0.004299
vt 0.852593 0.516603
vt 0.852076 0.516305
vt 0.852076 0.515709
vt 0.852593 0.515411
vt 0.853109 0.516305
vt 0.853109 0.515709
vt 0.853329 0.435915
vt 0.853329 0.436638
vt 0.852703 0.437000
vt 0.852076 0.436638
vt 0.852703 0.435553
vt 0.852076 0.435915
vt 0.806098 0.620716
vt 0.805450 0.620591
vt 0.806060 0.609798
vt 0.807391 0.609896
vt 0.806735 0.620813
vt 0.808714 0.610064
vt 0.803538 0.620667
vt 0.802917 0.620840
vt 0.800734 0.610146
vt 0.802046 0.609953
vt 0.804172 0.620534
vt 0.803382 0.609831
vt 0.804808 0.620509
vt 0.804720 0.609778
vt 0.806594 0.595252
vt 0.808590 0.595372
vt 0.810569 0.595579
vt 0.798607 0.595676
vt 0.800596 0.595434
vt 0.802583 0.595283
vt 0.804603 0.595222
vt 0.807225 0.578594
vt 0.809975 0.578741
vt 0.812644 0.578994
vt 0.796269 0.579092
vt 0.798953 0.578809
vt 0.801718 0.578630
vt 0.804457 0.578558
vt 0.807721 0.561477
vt 0.811042 0.561558
vt 0.814364 0.561704
vt 0.794371 0.561797
vt 0.797691 0.561630
vt 0.801037 0.561529
vt 0.804392 0.561472
vt 0.807645 0.542631
vt 0.810993 0.542638
vt 0.814357 0.542668
vt 0.794211 0.542784
vt 0.797550 0.542726
vt 0.800884 0.542684
vt 0.804304 0.542642
vt 0.807737 0.521963
vt 0.811258 0.522020
vt 0.814711 0.522105
vt 0.793572 0.522264
vt 0.797044 0.522121
vt 0.800576 0.521996
vt 0.804198 0.521924
vt 0.808080 0.501817
vt 0.811836 0.501831
vt 0.815381 0.501872
vt 0.792590 0.501954
vt 0.796206 0.501920
vt 0.800157 0.501895
vt 0.804148 0.501817
vt 0.807889 0.482116
vt 0.811436 0.482057
vt 0.814963 0.482035
vt 0.793176 0.481914
vt 0.796677 0.482044
vt 0.800365 0.482189
vt 0.804209 0.482177
vt 0.807874 0.465051
vt 0.811247 0.465100
vt 0.814650 0.465153
vt 0.793774 0.464979
vt 0.797135 0.464989
vt 0.800624 0.465000
vt 0.804377 0.464991
vt 0.808206 0.452149
vt 0.811724 0.452204
vt 0.815010 0.452262
vt 0.793557 0.452032
vt 0.796977 0.452059
vt 0.800729 0.452095
vt 0.804470 0.452091
vt 0.808320 0.441386
vt 0.811637 0.441359
vt 0.814837 0.441336
vt 0.793976 0.441029
vt 0.797271 0.441219
vt 0.800891 0.441422
vt 0.804705 0.441431
vt 0.808274 0.431935
vt 0.811462 0.431936
vt 0.814533 0.431913
vt 0.794643 0.431611
vt 0.797772 0.431769
vt 0.801203 0.431903
vt 0.804822 0.431928
vt 0.808300 0.425214
vt 0.811396 0.425237
vt 0.814414 0.425278
vt 0.794951 0.425137
vt 0.797960 0.425155
vt 0.801296 0.425174
vt 0.804938 0.425193
vt 0.808405 0.418406
vt 0.811581 0.418483
vt 0.814637 0.418581
vt 0.794713 0.418591
vt 0.797816 0.418457
vt 0.801257 0.418339
vt 0.804913 0.418323
vt 0.808566 0.411029
vt 0.811892 0.411144
vt 0.814994 0.411309
vt 0.794331 0.411368
vt 0.797578 0.411175
vt 0.801167 0.411010
vt 0.804951 0.410927
vt 0.808804 0.402387
vt 0.812286 0.402507
vt 0.815590 0.402684
vt 0.793703 0.402780
vt 0.797144 0.402570
vt 0.800950 0.402370
vt 0.804995 0.402262
vt 0.809079 0.391716
vt 0.812647 0.391856
vt 0.816013 0.391991
vt 0.793206 0.392070
vt 0.796712 0.391873
vt 0.800722 0.391615
vt 0.805072 0.391485
vt 0.809213 0.381109
vt 0.812873 0.381218
vt 0.816306 0.381323
vt 0.792921 0.381390
vt 0.796501 0.381214
vt 0.800653 0.380954
vt 0.805113 0.380904
vt 0.809252 0.370094
vt 0.812998 0.370144
vt 0.816530 0.370192
vt 0.792590 0.370220
vt 0.796226 0.370124
vt 0.800423 0.369916
vt 0.805016 0.369912
vt 0.809033 0.357443
vt 0.812742 0.357381
vt 0.816526 0.357130
vt 0.792807 0.357298
vt 0.796463 0.357420
vt 0.800572 0.357372
vt 0.804968 0.357320
vt 0.808711 0.344443
vt 0.812009 0.344152
vt 0.814859 0.343724
vt 0.794229 0.343639
vt 0.797358 0.344137
vt 0.801128 0.344428
vt 0.804986 0.344447
vt 0.807760 0.334374
vt 0.810075 0.334064
vt 0.812454 0.333656
vt 0.797082 0.333415
vt 0.799402 0.333971
vt 0.802006 0.334364
vt 0.805180 0.334496
vt 0.807195 0.324751
vt 0.808911 0.324554
vt 0.810634 0.324218
vt 0.799291 0.323785
vt 0.800919 0.324211
vt 0.802905 0.324443
vt 0.805206 0.324689
vt 0.805945 0.315870
vt 0.806758 0.315222
vt 0.807769 0.314955
vt 0.803084 0.315021
vt 0.803672 0.315697
vt 0.804356 0.316311
vt 0.805157 0.316360
vt 0.852076 0.544512
vt 0.853109 0.544512
vt 0.852593 0.544810
vt 0.853109 0.543916
vt 0.852076 0.543916
vt 0.852593 0.543618
vt 0.853329 0.473168
vt 0.852703 0.472083
vt 0.853329 0.472445
vt 0.852076 0.472445
vt 0.852703 0.473530
vt 0.852076 0.473168
vt 0.861400 0.308927
vt 0.860129 0.298123
vt 0.861462 0.298027
vt 0.862047 0.308805
vt 0.860764 0.309022
vt 0.858822 0.298291
vt 0.863957 0.308888
vt 0.865479 0.298190
vt 0.866791 0.298387
vt 0.864576 0.309063
vt 0.863324 0.308753
vt 0.864142 0.298065
vt 0.862689 0.308725
vt 0.862802 0.298009
vt 0.858950 0.283561
vt 0.860955 0.283443
vt 0.856940 0.283773
vt 0.866978 0.283641
vt 0.868973 0.283888
vt 0.864983 0.283485
vt 0.862954 0.283415
vt 0.857564 0.266818
vt 0.860332 0.266676
vt 0.854877 0.267066
vt 0.868655 0.266921
vt 0.871355 0.267213
vt 0.865872 0.266735
vt 0.863116 0.266646
vt 0.856541 0.249523
vt 0.859883 0.249454
vt 0.853197 0.249659
vt 0.869976 0.249632
vt 0.873317 0.249812
vt 0.866607 0.249519
vt 0.863232 0.249460
vt 0.856664 0.230481
vt 0.860035 0.230485
vt 0.853278 0.230501
vt 0.870197 0.230597
vt 0.873558 0.230667
vt 0.866841 0.230543
vt 0.863400 0.230508
vt 0.856448 0.209724
vt 0.859992 0.209674
vt 0.852971 0.209801
vt 0.870756 0.209858
vt 0.874250 0.210010
vt 0.867201 0.209724
vt 0.863555 0.209644
vt 0.855914 0.189398
vt 0.859695 0.189394
vt 0.852345 0.189431
vt 0.871647 0.189526
vt 0.875286 0.189569
vt 0.867670 0.189491
vt 0.863653 0.189403
vt 0.856371 0.169489
vt 0.859943 0.169564
vt 0.852815 0.169457
vt 0.871224 0.169522
vt 0.874745 0.169400
vt 0.867514 0.169657
vt 0.863647 0.169635
vt 0.856679 0.152411
vt 0.860062 0.152384
vt 0.853186 0.152420
vt 0.870818 0.152379
vt 0.874185 0.152379
vt 0.867323 0.152375
vt 0.863564 0.152346
vt 0.856288 0.139497
vt 0.859803 0.139478
vt 0.853084 0.139480
vt 0.871008 0.139461
vt 0.874417 0.139443
vt 0.867266 0.139479
vt 0.863533 0.139451
vt 0.856507 0.128744
vt 0.859791 0.128793
vt 0.853344 0.128698
vt 0.870758 0.128682
vt 0.874031 0.128506
vt 0.867162 0.128868
vt 0.863376 0.128859
vt 0.856730 0.119416
vt 0.859886 0.119428
vt 0.853693 0.119380
vt 0.870299 0.119304
vt 0.873404 0.119160
vt 0.866895 0.119424
vt 0.863306 0.119435
vt 0.856817 0.112786
vt 0.859881 0.112772
vt 0.853837 0.112820
vt 0.870138 0.112742
vt 0.873125 0.112738
vt 0.866826 0.112750
vt 0.863213 0.112759
vt 0.856625 0.106093
vt 0.859785 0.106026
vt 0.853631 0.106218
vt 0.870312 0.106089
vt 0.873397 0.106242
vt 0.866881 0.105949
vt 0.863243 0.105959
vt 0.856376 0.098798
vt 0.859687 0.098699
vt 0.853249 0.098969
vt 0.870609 0.098843
vt 0.873836 0.099054
vt 0.867052 0.098658
vt 0.863295 0.098616
vt 0.855998 0.090170
vt 0.859475 0.090070
vt 0.852682 0.090330
vt 0.871072 0.090295
vt 0.874490 0.090514
vt 0.867292 0.090083
vt 0.863270 0.089963
vt 0.855778 0.079550
vt 0.859300 0.079441
vt 0.852332 0.079580
vt 0.871536 0.079678
vt 0.875007 0.079880
vt 0.867568 0.079405
vt 0.863265 0.079246
vt 0.855596 0.069043
vt 0.859213 0.068948
vt 0.852310 0.069093
vt 0.871763 0.069163
vt 0.875284 0.069329
vt 0.867694 0.068912
vt 0.863283 0.068754
vt 0.855503 0.058194
vt 0.859156 0.058137
vt 0.852076 0.058242
vt 0.871965 0.058285
vt 0.875548 0.058378
vt 0.867812 0.058088
vt 0.863286 0.057944
vt 0.855612 0.045724
vt 0.859305 0.045766
vt 0.852076 0.045616
vt 0.871781 0.045730
vt 0.875410 0.045627
vt 0.867701 0.045672
vt 0.863337 0.045622
vt 0.856281 0.032517
vt 0.859585 0.032785
vt 0.853263 0.032159
vt 0.870970 0.032464
vt 0.874110 0.031982
vt 0.867188 0.032745
vt 0.863325 0.032770
vt 0.858118 0.022246
vt 0.860475 0.022541
vt 0.855694 0.021856
vt 0.868956 0.022220
vt 0.871301 0.021652
vt 0.866337 0.022620
vt 0.863104 0.022656
vt 0.859209 0.012612
vt 0.860943 0.012803
vt 0.857464 0.012280
vt 0.867301 0.012317
vt 0.868956 0.011870
vt 0.865273 0.012578
vt 0.862942 0.012717
vt 0.861377 0.003198
vt 0.862198 0.003851
vt 0.860357 0.002930
vt 0.864499 0.003625
vt 0.865099 0.002936
vt 0.863803 0.004252
vt 0.862995 0.004342
vt 0.852076 0.502201
vt 0.852076 0.501605
vt 0.852593 0.501307
vt 0.853109 0.501605
vt 0.852593 0.502499
vt 0.853109 0.502201
vt 0.853329 0.479751
vt 0.853329 0.480474
vt 0.852703 0.480836
vt 0.852076 0.480474
vt 0.852703 0.479389
vt 0.852076 0.479751
vt 0.806509 0.308958
vt 0.805865 0.308837
vt 0.806434 0.298107
vt 0.807757 0.298200
vt 0.807143 0.309052
vt 0.809073 0.298363
vt 0.803964 0.308921
vt 0.803347 0.309095
vt 0.801140 0.298469
vt 0.802444 0.298273
vt 0.804594 0.308786
vt 0.803772 0.298148
vt 0.805226 0.308758
vt 0.805102 0.298091
vt 0.806923 0.283646
vt 0.808908 0.283760
vt 0.810875 0.283961
vt 0.798985 0.284090
vt 0.800960 0.283844
vt 0.802936 0.283688
vt 0.804944 0.283622
vt 0.807507 0.267086
vt 0.810241 0.267226
vt 0.812894 0.267471
vt 0.796618 0.267608
vt 0.799285 0.267320
vt 0.802034 0.267136
vt 0.804756 0.267057
vt 0.807961 0.250072
vt 0.811262 0.250144
vt 0.814564 0.250282
vt 0.794691 0.250419
vt 0.797991 0.250245
vt 0.801316 0.250138
vt 0.804651 0.250073
vt 0.807845 0.231339
vt 0.811173 0.231339
vt 0.814516 0.231363
vt 0.794492 0.231519
vt 0.797810 0.231454
vt 0.801125 0.231406
vt 0.804524 0.231357
vt 0.807897 0.210796
vt 0.811396 0.210847
vt 0.814828 0.210925
vt 0.793817 0.211120
vt 0.797268 0.210972
vt 0.800779 0.210841
vt 0.804379 0.210764
vt 0.808204 0.190773
vt 0.811937 0.190781
vt 0.815460 0.190815
vt 0.792808 0.190933
vt 0.796402 0.190893
vt 0.800330 0.190862
vt 0.804296 0.190778
vt 0.807986 0.171193
vt 0.811511 0.171129
vt 0.815016 0.171103
vt 0.793362 0.171011
vt 0.796842 0.171136
vt 0.800507 0.171275
vt 0.804328 0.171258
vt 0.807949 0.154233
vt 0.811301 0.154276
vt 0.814683 0.154325
vt 0.793936 0.154178
vt 0.797276 0.154185
vt 0.800744 0.154191
vt 0.804474 0.154178
vt 0.808263 0.141409
vt 0.811758 0.141460
vt 0.815024 0.141514
vt 0.793704 0.141312
vt 0.797103 0.141335
vt 0.800831 0.141365
vt 0.804549 0.141356
vt 0.808361 0.130713
vt 0.811658 0.130682
vt 0.814839 0.130655
vt 0.794106 0.130378
vt 0.797381 0.130562
vt 0.800978 0.130758
vt 0.804769 0.130762
vt 0.808306 0.121318
vt 0.811475 0.121317
vt 0.814526 0.121293
vt 0.794755 0.121018
vt 0.797864 0.121170
vt 0.801274 0.121298
vt 0.804872 0.121315
vt 0.808332 0.114627
vt 0.811413 0.114656
vt 0.814408 0.114703
vt 0.795051 0.114585
vt 0.798040 0.114602
vt 0.801349 0.114624
vt 0.804976 0.114599
vt 0.808472 0.107847
vt 0.811644 0.107932
vt 0.814650 0.108073
vt 0.794815 0.108078
vt 0.797909 0.107940
vt 0.801349 0.107822
vt 0.805000 0.107757
vt 0.808616 0.100496
vt 0.811933 0.100609
vt 0.815068 0.100792
vt 0.794407 0.100873
vt 0.797649 0.100668
vt 0.801233 0.100493
vt 0.805010 0.100399
vt 0.808850 0.091848
vt 0.812336 0.091961
vt 0.815651 0.092134
vt 0.793743 0.092289
vt 0.797184 0.092066
vt 0.800990 0.091853
vt 0.805037 0.091732
vt 0.809098 0.081157
vt 0.812675 0.081291
vt 0.816047 0.081419
vt 0.793205 0.081572
vt 0.796713 0.081363
vt 0.800726 0.081089
vt 0.805082 0.080939
vt 0.809210 0.070514
vt 0.812884 0.070628
vt 0.816325 0.070735
vt 0.792888 0.070877
vt 0.796465 0.070702
vt 0.800599 0.070448
vt 0.805078 0.070301
vt 0.809323 0.059462
vt 0.813060 0.059529
vt 0.816575 0.059589
vt 0.792590 0.059713
vt 0.796245 0.059614
vt 0.800483 0.059410
vt 0.805103 0.059263
vt 0.809178 0.046813
vt 0.812957 0.046770
vt 0.816575 0.046659
vt 0.792711 0.046682
vt 0.796421 0.046783
vt 0.800592 0.046722
vt 0.805055 0.046667
vt 0.808887 0.033542
vt 0.812263 0.033264
vt 0.815350 0.032894
vt 0.794030 0.032719
vt 0.797243 0.033211
vt 0.801111 0.033499
vt 0.805064 0.033528
vt 0.807956 0.023097
vt 0.810363 0.022778
vt 0.812843 0.022362
vt 0.796897 0.022142
vt 0.799301 0.022707
vt 0.801996 0.023103
vt 0.805280 0.023229
vt 0.807351 0.013108
vt 0.809134 0.012899
vt 0.810924 0.012544
vt 0.799140 0.012139
vt 0.800833 0.012574
vt 0.802895 0.012806
vt 0.805285 0.013051
vt 0.806016 0.003889
vt 0.806859 0.003212
vt 0.807908 0.002930
vt 0.803041 0.003019
vt 0.803655 0.003719
vt 0.804367 0.004354
vt 0.805200 0.004401
vt 0.852592 0.523655
vt 0.853109 0.522760
vt 0.853109 0.523357
vt 0.852592 0.522462
vt 0.852076 0.523357
vt 0.852076 0.522760
vt 0.853329 0.465862
vt 0.852703 0.464777
vt 0.853329 0.465139
vt 0.852076 0.465139
vt 0.852703 0.466224
vt 0.852076 0.465862
vt 0.831283 0.932635
vt 0.830058 0.921877
vt 0.831384 0.921786
vt 0.831928 0.932516
vt 0.830650 0.932727
vt 0.828756 0.922039
vt 0.833828 0.932606
vt 0.835382 0.921962
vt 0.836688 0.922163
vt 0.834444 0.932783
vt 0.833199 0.932469
vt 0.834052 0.921833
vt 0.832567 0.932439
vt 0.832719 0.921773
vt 0.828935 0.907378
vt 0.830930 0.907267
vt 0.826933 0.907582
vt 0.836925 0.907485
vt 0.838911 0.907738
vt 0.834940 0.907323
vt 0.832921 0.907246
vt 0.827610 0.890709
vt 0.830366 0.890577
vt 0.824935 0.890947
vt 0.838649 0.890848
vt 0.841335 0.891146
vt 0.835880 0.890653
vt 0.833137 0.890556
vt 0.826645 0.873492
vt 0.829972 0.873431
vt 0.823317 0.873618
vt 0.840018 0.873645
vt 0.843343 0.873833
vt 0.836667 0.873524
vt 0.833307 0.873446
vt 0.826808 0.854541
vt 0.830162 0.854554
vt 0.823439 0.854552
vt 0.840274 0.854710
vt 0.843617 0.854788
vt 0.836934 0.854648
vt 0.833508 0.854586
vt 0.826663 0.833890
vt 0.830190 0.833852
vt 0.823204 0.833955
vt 0.840900 0.834072
vt 0.844377 0.834234
vt 0.837362 0.833926
vt 0.833735 0.833834
vt 0.826197 0.813667
vt 0.829958 0.813674
vt 0.822647 0.813689
vt 0.841851 0.813841
vt 0.845472 0.813896
vt 0.837893 0.813795
vt 0.833897 0.813695
vt 0.826703 0.793866
vt 0.830255 0.793945
vt 0.823171 0.793827
vt 0.841485 0.793931
vt 0.844992 0.793818
vt 0.837790 0.794057
vt 0.833941 0.794024
vt 0.826981 0.776886
vt 0.830358 0.776855
vt 0.823573 0.776921
vt 0.841113 0.776848
vt 0.844479 0.776854
vt 0.837619 0.776840
vt 0.833861 0.776813
vt 0.826570 0.763970
vt 0.830093 0.763933
vt 0.823279 0.764011
vt 0.841338 0.763901
vt 0.844762 0.763891
vt 0.837580 0.763917
vt 0.833834 0.763894
vt 0.826714 0.753111
vt 0.830035 0.753155
vt 0.823510 0.753071
vt 0.841098 0.753045
vt 0.844398 0.752872
vt 0.837473 0.753230
vt 0.833654 0.753219
vt 0.826938 0.743677
vt 0.830130 0.743693
vt 0.823864 0.743638
vt 0.840646 0.743580
vt 0.843779 0.743438
vt 0.837210 0.743698
vt 0.833587 0.743704
vt 0.827040 0.736970
vt 0.830139 0.736964
vt 0.824018 0.736996
vt 0.840490 0.736959
vt 0.843503 0.736956
vt 0.837151 0.736961
vt 0.833505 0.736961
vt 0.826892 0.730207
vt 0.830072 0.730148
vt 0.823830 0.730288
vt 0.840670 0.730256
vt 0.843774 0.730406
vt 0.837227 0.730120
vt 0.833568 0.730084
vt 0.826623 0.722857
vt 0.829954 0.722763
vt 0.823514 0.723003
vt 0.840945 0.722972
vt 0.844191 0.723181
vt 0.837357 0.722788
vt 0.833573 0.722683
vt 0.826291 0.714202
vt 0.829779 0.714113
vt 0.822970 0.714352
vt 0.841425 0.714374
vt 0.844859 0.714600
vt 0.837627 0.714152
vt 0.833588 0.714018
vt 0.826100 0.703550
vt 0.829634 0.703449
vt 0.822644 0.703572
vt 0.841913 0.703715
vt 0.845397 0.703924
vt 0.837931 0.703432
vt 0.833613 0.703263
vt 0.825942 0.693010
vt 0.829570 0.692922
vt 0.822646 0.693053
vt 0.842162 0.693164
vt 0.845695 0.693337
vt 0.838080 0.692903
vt 0.833654 0.692736
vt 0.825872 0.682127
vt 0.829536 0.682077
vt 0.822435 0.682168
vt 0.842385 0.682250
vt 0.845979 0.682349
vt 0.838219 0.682045
vt 0.833679 0.681892
vt 0.826009 0.669621
vt 0.829711 0.669674
vt 0.822464 0.669503
vt 0.842221 0.669654
vt 0.845861 0.669558
vt 0.838131 0.669591
vt 0.833753 0.669536
vt 0.826726 0.656393
vt 0.830029 0.656682
vt 0.823703 0.656015
vt 0.841431 0.656330
vt 0.844589 0.655868
vt 0.837612 0.656589
vt 0.833753 0.656693
vt 0.828668 0.646109
vt 0.831037 0.646420
vt 0.826236 0.645705
vt 0.839538 0.646023
vt 0.841891 0.645470
vt 0.836922 0.646397
vt 0.833695 0.646559
vt 0.829759 0.636430
vt 0.831500 0.636620
vt 0.828007 0.636099
vt 0.837876 0.636114
vt 0.839535 0.635664
vt 0.835844 0.636378
vt 0.833507 0.636528
vt 0.831920 0.626976
vt 0.832746 0.627629
vt 0.830895 0.626708
vt 0.835054 0.627400
vt 0.835655 0.626708
vt 0.834357 0.628030
vt 0.833546 0.628121
vt 0.852076 0.509253
vt 0.852076 0.508657
vt 0.852593 0.508359
vt 0.853109 0.508657
vt 0.852593 0.509551
vt 0.853109 0.509253
vt 0.853329 0.458556
vt 0.852703 0.458918
vt 0.852076 0.458556
vt 0.852076 0.457833
vt 0.853329 0.457833
vt 0.852703 0.457471
vt 0.776061 0.308663
vt 0.775415 0.308539
vt 0.776027 0.297771
vt 0.777355 0.297869
vt 0.776697 0.308760
vt 0.778675 0.298038
vt 0.773506 0.308616
vt 0.772887 0.308789
vt 0.770712 0.298115
vt 0.772021 0.297923
vt 0.774139 0.308483
vt 0.773355 0.297803
vt 0.774774 0.308457
vt 0.774691 0.297750
vt 0.776570 0.283257
vt 0.778562 0.283378
vt 0.780536 0.283588
vt 0.768601 0.283676
vt 0.770584 0.283437
vt 0.772567 0.283289
vt 0.774583 0.283224
vt 0.777228 0.266636
vt 0.779971 0.266787
vt 0.782633 0.267042
vt 0.766299 0.267129
vt 0.768976 0.266849
vt 0.771736 0.266674
vt 0.774469 0.266596
vt 0.777736 0.249563
vt 0.781048 0.249646
vt 0.784362 0.249794
vt 0.764417 0.249873
vt 0.767729 0.249709
vt 0.771067 0.249611
vt 0.774414 0.249555
vt 0.777672 0.230762
vt 0.781012 0.230771
vt 0.784368 0.230803
vt 0.764271 0.230906
vt 0.767601 0.230851
vt 0.770927 0.230811
vt 0.774339 0.230771
vt 0.777777 0.210143
vt 0.781289 0.210203
vt 0.784734 0.210290
vt 0.763646 0.210435
vt 0.767109 0.210295
vt 0.770633 0.210172
vt 0.774246 0.210103
vt 0.778132 0.190047
vt 0.781878 0.190063
vt 0.785414 0.190106
vt 0.762680 0.190175
vt 0.766287 0.190142
vt 0.770228 0.190120
vt 0.774209 0.190044
vt 0.777952 0.170394
vt 0.781490 0.170337
vt 0.785009 0.170317
vt 0.763275 0.170184
vt 0.766767 0.170316
vt 0.770446 0.170463
vt 0.774281 0.170452
vt 0.777947 0.153372
vt 0.781310 0.153421
vt 0.784705 0.153476
vt 0.763882 0.153291
vt 0.767234 0.153304
vt 0.770715 0.153316
vt 0.774458 0.153310
vt 0.778285 0.140502
vt 0.781793 0.140559
vt 0.785071 0.140619
vt 0.763673 0.140377
vt 0.767084 0.140406
vt 0.770826 0.140443
vt 0.774558 0.140442
vt 0.778404 0.129767
vt 0.781713 0.129742
vt 0.784904 0.129721
vt 0.764097 0.129402
vt 0.767384 0.129593
vt 0.770994 0.129798
vt 0.774799 0.129809
vt 0.778368 0.120340
vt 0.781547 0.120345
vt 0.784607 0.120326
vt 0.764766 0.120006
vt 0.767889 0.120165
vt 0.771313 0.120301
vt 0.774924 0.120330
vt 0.778407 0.113635
vt 0.781493 0.113666
vt 0.784496 0.113716
vt 0.765075 0.113545
vt 0.768080 0.113563
vt 0.771412 0.113585
vt 0.775050 0.113608
vt 0.778537 0.106834
vt 0.781724 0.106923
vt 0.784741 0.107067
vt 0.764834 0.107005
vt 0.767937 0.106870
vt 0.771381 0.106753
vt 0.775039 0.106742
vt 0.778702 0.099449
vt 0.782031 0.099571
vt 0.785177 0.099763
vt 0.764444 0.099775
vt 0.767698 0.099580
vt 0.771293 0.099417
vt 0.775083 0.099339
vt 0.778964 0.090770
vt 0.782462 0.090895
vt 0.785788 0.091078
vt 0.763808 0.091161
vt 0.767260 0.090949
vt 0.771080 0.090749
vt 0.775140 0.090642
vt 0.779247 0.080050
vt 0.782833 0.080192
vt 0.786215 0.080329
vt 0.763305 0.080407
vt 0.766825 0.080209
vt 0.770852 0.079949
vt 0.775222 0.079818
vt 0.779381 0.069394
vt 0.783059 0.069503
vt 0.786508 0.069608
vt 0.763015 0.069680
vt 0.766611 0.069502
vt 0.770781 0.069240
vt 0.775262 0.069189
vt 0.779419 0.058328
vt 0.783183 0.058377
vt 0.786731 0.058425
vt 0.762680 0.058458
vt 0.766332 0.058361
vt 0.770548 0.058151
vt 0.775163 0.058145
vt 0.779196 0.045617
vt 0.782922 0.045554
vt 0.786724 0.045301
vt 0.762893 0.045476
vt 0.766567 0.045597
vt 0.770695 0.045548
vt 0.775112 0.045494
vt 0.778869 0.032557
vt 0.782182 0.032263
vt 0.785045 0.031833
vt 0.764319 0.031753
vt 0.767462 0.032252
vt 0.771251 0.032543
vt 0.775126 0.032561
vt 0.777911 0.022440
vt 0.780237 0.022128
vt 0.782627 0.021718
vt 0.767182 0.021479
vt 0.769514 0.022037
vt 0.772130 0.022432
vt 0.775319 0.022564
vt 0.777341 0.012772
vt 0.779065 0.012574
vt 0.780796 0.012236
vt 0.769400 0.011804
vt 0.771035 0.012231
vt 0.773031 0.012463
vt 0.775342 0.012710
vt 0.776083 0.003850
vt 0.776900 0.003199
vt 0.777915 0.002930
vt 0.773209 0.002998
vt 0.773800 0.003677
vt 0.774486 0.004293
vt 0.775291 0.004343
vt 0.852592 0.565965
vt 0.853109 0.565071
vt 0.853109 0.565667
vt 0.852592 0.564773
vt 0.852076 0.565667
vt 0.852076 0.565071
vt 0.853329 0.495086
vt 0.852703 0.494001
vt 0.853329 0.494363
vt 0.852076 0.494363
vt 0.852703 0.495448
vt 0.852076 0.495086
vt 0.831663 0.620712
vt 0.830409 0.609920
vt 0.831739 0.609827
vt 0.832308 0.620590
vt 0.831027 0.620806
vt 0.829103 0.610086
vt 0.834215 0.620674
vt 0.835750 0.609995
vt 0.837060 0.610194
vt 0.834833 0.620849
vt 0.833584 0.620539
vt 0.834415 0.609869
vt 0.832949 0.620511
vt 0.833078 0.609810
vt 0.829256 0.595378
vt 0.831258 0.595263
vt 0.827248 0.595586
vt 0.837271 0.595471
vt 0.839263 0.595721
vt 0.835279 0.595312
vt 0.833254 0.595239
vt 0.827900 0.578659
vt 0.830664 0.578521
vt 0.825216 0.578902
vt 0.838973 0.578780
vt 0.841668 0.579075
vt 0.836195 0.578589
vt 0.833444 0.578496
vt 0.826906 0.561390
vt 0.830242 0.561326
vt 0.823567 0.561521
vt 0.840319 0.561519
vt 0.843655 0.561704
vt 0.836955 0.561401
vt 0.833586 0.561337
vt 0.827057 0.542380
vt 0.830423 0.542389
vt 0.823676 0.542395
vt 0.840568 0.542515
vt 0.843923 0.542589
vt 0.837218 0.542456
vt 0.833781 0.542416
vt 0.826868 0.521658
vt 0.830407 0.521613
vt 0.823398 0.521731
vt 0.841152 0.521810
vt 0.844641 0.521966
vt 0.837603 0.521671
vt 0.833964 0.521587
vt 0.826358 0.501369
vt 0.830132 0.501368
vt 0.822795 0.501397
vt 0.842063 0.501511
vt 0.845697 0.501558
vt 0.838093 0.501473
vt 0.834083 0.501381
vt 0.826832 0.481497
vt 0.830397 0.481574
vt 0.823283 0.481461
vt 0.841658 0.481540
vt 0.845173 0.481421
vt 0.837955 0.481672
vt 0.834095 0.481647
vt 0.827152 0.464450
vt 0.830529 0.464426
vt 0.823666 0.464456
vt 0.841264 0.464429
vt 0.844625 0.464431
vt 0.837776 0.464422
vt 0.834025 0.464391
vt 0.826772 0.451560
vt 0.830281 0.451544
vt 0.823574 0.451541
vt 0.841463 0.451536
vt 0.844865 0.451520
vt 0.837729 0.451551
vt 0.834003 0.451520
vt 0.826999 0.440828
vt 0.830279 0.440880
vt 0.823842 0.440779
vt 0.841222 0.440780
vt 0.844487 0.440606
vt 0.837634 0.440962
vt 0.833856 0.440949
vt 0.827233 0.431515
vt 0.830385 0.431531
vt 0.824198 0.431475
vt 0.840773 0.431426
vt 0.843867 0.431284
vt 0.837379 0.431542
vt 0.833800 0.431544
vt 0.827332 0.424891
vt 0.830394 0.424881
vt 0.824348 0.424918
vt 0.840617 0.424893
vt 0.843590 0.424885
vt 0.837329 0.424904
vt 0.833727 0.424869
vt 0.827174 0.418215
vt 0.830303 0.418157
vt 0.824155 0.418296
vt 0.840768 0.418272
vt 0.843841 0.418421
vt 0.837343 0.418135
vt 0.833728 0.418094
vt 0.826922 0.410974
vt 0.830212 0.410883
vt 0.823856 0.411117
vt 0.841071 0.411055
vt 0.844281 0.411268
vt 0.837532 0.410864
vt 0.833796 0.410810
vt 0.826575 0.402434
vt 0.830017 0.402331
vt 0.823309 0.402594
vt 0.841542 0.402559
vt 0.844941 0.402782
vt 0.837781 0.402344
vt 0.833783 0.402223
vt 0.826261 0.391904
vt 0.829790 0.391777
vt 0.822934 0.392027
vt 0.842015 0.391992
vt 0.845478 0.392200
vt 0.838053 0.391718
vt 0.833754 0.391566
vt 0.826065 0.381383
vt 0.829691 0.381275
vt 0.822671 0.381485
vt 0.842267 0.381471
vt 0.845797 0.381645
vt 0.838188 0.381217
vt 0.833768 0.381068
vt 0.825903 0.370433
vt 0.829589 0.370371
vt 0.822435 0.370488
vt 0.842491 0.370530
vt 0.846096 0.370630
vt 0.838311 0.370326
vt 0.833753 0.370178
vt 0.826019 0.357848
vt 0.829745 0.357897
vt 0.822450 0.357732
vt 0.842325 0.357872
vt 0.845984 0.357776
vt 0.838214 0.357810
vt 0.833811 0.357756
vt 0.826736 0.344537
vt 0.830059 0.344827
vt 0.823694 0.344157
vt 0.841530 0.344471
vt 0.844707 0.344007
vt 0.837688 0.344732
vt 0.833806 0.344837
vt 0.828688 0.334188
vt 0.831073 0.334501
vt 0.826241 0.333782
vt 0.839625 0.334102
vt 0.841992 0.333545
vt 0.836993 0.334479
vt 0.833747 0.334641
vt 0.829786 0.324450
vt 0.831538 0.324641
vt 0.828023 0.324117
vt 0.837953 0.324132
vt 0.839622 0.323679
vt 0.835908 0.324398
vt 0.833557 0.324548
vt 0.831960 0.314937
vt 0.832791 0.315595
vt 0.830929 0.314668
vt 0.835114 0.315364
vt 0.835718 0.314668
vt 0.834412 0.315998
vt 0.833596 0.316089
vt 0.852076 0.529812
vt 0.852593 0.529514
vt 0.853109 0.529812
vt 0.853109 0.530408
vt 0.852076 0.530408
vt 0.852593 0.530706
vt 0.853329 0.487780
vt 0.852703 0.488142
vt 0.852076 0.487780
vt 0.852076 0.487057
vt 0.853329 0.487057
vt 0.852703 0.486695
vt 0.777287 0.932348
vt 0.776643 0.932226
vt 0.777207 0.921492
vt 0.778532 0.921584
vt 0.777922 0.932442
vt 0.779848 0.921746
vt 0.774741 0.932310
vt 0.774125 0.932483
vt 0.771913 0.921858
vt 0.773216 0.921661
vt 0.775371 0.932175
vt 0.774545 0.921535
vt 0.776004 0.932147
vt 0.775876 0.921477
vt 0.777681 0.907026
vt 0.779666 0.907137
vt 0.781635 0.907335
vt 0.769741 0.907480
vt 0.771717 0.907231
vt 0.773693 0.907072
vt 0.775701 0.907004
vt 0.778240 0.890460
vt 0.780976 0.890595
vt 0.783630 0.890835
vt 0.767350 0.891000
vt 0.770017 0.890707
vt 0.772766 0.890518
vt 0.775489 0.890435
vt 0.778664 0.873440
vt 0.781966 0.873506
vt 0.785269 0.873638
vt 0.765392 0.873812
vt 0.768692 0.873633
vt 0.772018 0.873519
vt 0.775354 0.873448
vt 0.778510 0.854703
vt 0.781839 0.854696
vt 0.785183 0.854712
vt 0.765156 0.854911
vt 0.768474 0.854840
vt 0.771789 0.854784
vt 0.775189 0.854728
vt 0.778515 0.834155
vt 0.782015 0.834198
vt 0.785448 0.834267
vt 0.764435 0.834514
vt 0.767885 0.834358
vt 0.771396 0.834218
vt 0.774996 0.834132
vt 0.778770 0.814128
vt 0.782504 0.814125
vt 0.786028 0.814151
vt 0.763374 0.814330
vt 0.766968 0.814280
vt 0.770895 0.814239
vt 0.774862 0.814144
vt 0.778496 0.794546
vt 0.782021 0.794471
vt 0.785526 0.794434
vt 0.763871 0.794408
vt 0.767351 0.794523
vt 0.771017 0.794651
vt 0.774838 0.794622
vt 0.778407 0.777585
vt 0.781758 0.777619
vt 0.785141 0.777656
vt 0.764393 0.777574
vt 0.767733 0.777570
vt 0.771201 0.777565
vt 0.774931 0.777541
vt 0.778680 0.764761
vt 0.782176 0.764801
vt 0.785442 0.764845
vt 0.764122 0.764709
vt 0.767521 0.764721
vt 0.771249 0.764740
vt 0.774967 0.764720
vt 0.778746 0.754065
vt 0.782042 0.754024
vt 0.785223 0.753987
vt 0.764491 0.753774
vt 0.767766 0.753948
vt 0.771364 0.754134
vt 0.775154 0.754126
vt 0.778661 0.744671
vt 0.781830 0.744661
vt 0.784881 0.744627
vt 0.765112 0.744414
vt 0.768221 0.744556
vt 0.771631 0.744673
vt 0.775228 0.744679
vt 0.778667 0.737982
vt 0.781747 0.738002
vt 0.784741 0.738039
vt 0.765388 0.737981
vt 0.768377 0.737989
vt 0.771685 0.738000
vt 0.775311 0.737965
vt 0.778786 0.731203
vt 0.781957 0.731278
vt 0.784963 0.731410
vt 0.765133 0.731475
vt 0.768225 0.731329
vt 0.771665 0.731200
vt 0.775314 0.731124
vt 0.778907 0.723855
vt 0.782223 0.723957
vt 0.785358 0.724130
vt 0.764703 0.724273
vt 0.767944 0.724059
vt 0.771527 0.723873
vt 0.775302 0.723769
vt 0.779114 0.715209
vt 0.782599 0.715312
vt 0.785912 0.715474
vt 0.764015 0.715693
vt 0.767454 0.715461
vt 0.771259 0.715237
vt 0.775303 0.715105
vt 0.779331 0.704529
vt 0.782903 0.704650
vt 0.786272 0.704765
vt 0.763446 0.704980
vt 0.766954 0.704760
vt 0.770966 0.704477
vt 0.775320 0.704321
vt 0.779409 0.693913
vt 0.783070 0.694005
vt 0.786502 0.694093
vt 0.763089 0.694286
vt 0.766676 0.694087
vt 0.770836 0.693802
vt 0.775305 0.693728
vt 0.779416 0.682885
vt 0.783159 0.682935
vt 0.786672 0.682980
vt 0.762680 0.683080
vt 0.766335 0.682962
vt 0.770555 0.682733
vt 0.775170 0.682710
vt 0.779271 0.670205
vt 0.783052 0.670163
vt 0.786672 0.670054
vt 0.762804 0.670051
vt 0.766513 0.670155
vt 0.770682 0.670097
vt 0.775145 0.670053
vt 0.778991 0.656919
vt 0.782372 0.656646
vt 0.785461 0.656280
vt 0.764130 0.656094
vt 0.767342 0.656588
vt 0.771211 0.656876
vt 0.775164 0.656902
vt 0.778082 0.646436
vt 0.780494 0.646135
vt 0.782975 0.645735
vt 0.767004 0.645525
vt 0.769403 0.646107
vt 0.772083 0.646516
vt 0.775391 0.646553
vt 0.777604 0.636471
vt 0.779378 0.636275
vt 0.781164 0.635936
vt 0.769404 0.635515
vt 0.771098 0.635973
vt 0.773173 0.636240
vt 0.775559 0.636382
vt 0.776320 0.627308
vt 0.777161 0.626640
vt 0.778205 0.626366
vt 0.773352 0.626373
vt 0.773965 0.627078
vt 0.774678 0.627720
vt 0.775505 0.627811
vt 0.852076 0.536864
vt 0.852593 0.537758
vt 0.852076 0.537460
vt 0.853109 0.537460
vt 0.852593 0.536566
vt 0.853109 0.536864
vt 0.853329 0.443221
vt 0.852076 0.443221
vt 0.852703 0.442859
vt 0.852076 0.443944
vt 0.853329 0.443944
vt 0.852703 0.444306
vt 0.801808 0.932972
vt 0.800550 0.922085
vt 0.801893 0.921992
vt 0.802460 0.932849
vt 0.801166 0.933066
vt 0.799233 0.922252
vt 0.804383 0.932936
vt 0.805938 0.922165
vt 0.807259 0.922366
vt 0.805007 0.933112
vt 0.803746 0.932799
vt 0.804592 0.922036
vt 0.803106 0.932770
vt 0.803243 0.921977
vt 0.799397 0.907415
vt 0.801417 0.907301
vt 0.797372 0.907624
vt 0.807483 0.907515
vt 0.809492 0.907768
vt 0.805474 0.907353
vt 0.803431 0.907277
vt 0.798043 0.890546
vt 0.800832 0.890411
vt 0.795333 0.890789
vt 0.809212 0.890679
vt 0.811929 0.890979
vt 0.806411 0.890485
vt 0.803636 0.890389
vt 0.797099 0.873115
vt 0.800457 0.873063
vt 0.793682 0.873223
vt 0.810588 0.873287
vt 0.813940 0.873474
vt 0.807209 0.873164
vt 0.803821 0.873083
vt 0.797358 0.854029
vt 0.800712 0.854058
vt 0.793964 0.853998
vt 0.810833 0.854239
vt 0.814181 0.854315
vt 0.807489 0.854173
vt 0.804060 0.854101
vt 0.797283 0.833499
vt 0.800785 0.833465
vt 0.793887 0.833549
vt 0.811433 0.833680
vt 0.814891 0.833838
vt 0.807915 0.833538
vt 0.804308 0.833446
vt 0.796834 0.813453
vt 0.800562 0.813458
vt 0.793317 0.813475
vt 0.812354 0.813608
vt 0.815946 0.813657
vt 0.808429 0.813567
vt 0.804466 0.813473
vt 0.797314 0.793827
vt 0.800834 0.793900
vt 0.793813 0.793791
vt 0.811965 0.793870
vt 0.815441 0.793754
vt 0.808303 0.794000
vt 0.804487 0.793973
vt 0.797566 0.776996
vt 0.800914 0.776960
vt 0.794188 0.777035
vt 0.811574 0.776939
vt 0.814910 0.776941
vt 0.808110 0.776936
vt 0.804385 0.776914
vt 0.797142 0.764194
vt 0.800633 0.764153
vt 0.793879 0.764240
vt 0.811778 0.764106
vt 0.815172 0.764091
vt 0.808055 0.764127
vt 0.804341 0.764109
vt 0.797269 0.753430
vt 0.800561 0.753469
vt 0.794092 0.753395
vt 0.811527 0.753347
vt 0.814797 0.753171
vt 0.807934 0.753534
vt 0.804149 0.753529
vt 0.797478 0.744077
vt 0.800643 0.744088
vt 0.794429 0.744043
vt 0.811067 0.743968
vt 0.814171 0.743823
vt 0.807663 0.744087
vt 0.804071 0.744095
vt 0.797566 0.737426
vt 0.800642 0.737411
vt 0.794570 0.737457
vt 0.810905 0.737411
vt 0.813888 0.737401
vt 0.807604 0.737426
vt 0.803988 0.737395
vt 0.797399 0.730722
vt 0.800542 0.730659
vt 0.794368 0.730806
vt 0.811050 0.730764
vt 0.814135 0.730911
vt 0.807611 0.730630
vt 0.803981 0.730593
vt 0.797139 0.723450
vt 0.800443 0.723355
vt 0.794060 0.723597
vt 0.811348 0.723517
vt 0.814571 0.723728
vt 0.807794 0.723329
vt 0.804042 0.723278
vt 0.796782 0.714873
vt 0.800238 0.714767
vt 0.793502 0.715038
vt 0.811813 0.714985
vt 0.815227 0.715205
vt 0.808036 0.714773
vt 0.804020 0.714655
vt 0.796455 0.704298
vt 0.800000 0.704167
vt 0.793114 0.704425
vt 0.812278 0.704371
vt 0.815757 0.704578
vt 0.808299 0.704100
vt 0.803981 0.703951
vt 0.796249 0.693731
vt 0.799890 0.693619
vt 0.792839 0.693837
vt 0.812522 0.693804
vt 0.816068 0.693976
vt 0.808425 0.693552
vt 0.803986 0.693406
vt 0.796075 0.682731
vt 0.799778 0.682665
vt 0.792590 0.682790
vt 0.812739 0.682814
vt 0.816361 0.682913
vt 0.808539 0.682613
vt 0.803960 0.682467
vt 0.796177 0.670085
vt 0.799922 0.670128
vt 0.792590 0.669975
vt 0.812564 0.670100
vt 0.816240 0.670001
vt 0.808432 0.670038
vt 0.804009 0.669984
vt 0.796865 0.656694
vt 0.800214 0.656968
vt 0.793804 0.656328
vt 0.811756 0.656654
vt 0.814940 0.656169
vt 0.807922 0.656935
vt 0.804006 0.656956
vt 0.798737 0.646282
vt 0.801126 0.646583
vt 0.796279 0.645883
vt 0.809726 0.646267
vt 0.812103 0.645692
vt 0.807070 0.646669
vt 0.803792 0.646702
vt 0.799854 0.636515
vt 0.801611 0.636710
vt 0.798084 0.636177
vt 0.808058 0.636224
vt 0.809737 0.635773
vt 0.806002 0.636486
vt 0.803638 0.636625
vt 0.802061 0.626972
vt 0.802894 0.627634
vt 0.801027 0.626699
vt 0.805227 0.627408
vt 0.805835 0.626711
vt 0.804520 0.628044
vt 0.803701 0.628133
vt 0.852592 0.558913
vt 0.852076 0.558615
vt 0.852076 0.558019
vt 0.852592 0.557721
vt 0.853109 0.558615
vt 0.853109 0.558019
vt 0.853329 0.428609
vt 0.853329 0.429332
vt 0.852703 0.429694
vt 0.852076 0.429332
vt 0.852703 0.428247
vt 0.852076 0.428609
vt 0.778628 0.620352
vt 0.777981 0.620234
vt 0.778482 0.609460
vt 0.779811 0.609544
vt 0.779265 0.620442
vt 0.781133 0.609699
vt 0.776073 0.620329
vt 0.775456 0.620507
vt 0.773172 0.609859
vt 0.774479 0.609653
vt 0.776704 0.620190
vt 0.775811 0.609519
vt 0.777339 0.620158
vt 0.777146 0.609453
vt 0.778871 0.594942
vt 0.780864 0.595041
vt 0.782840 0.595229
vt 0.770907 0.595444
vt 0.772888 0.595183
vt 0.774870 0.595012
vt 0.776885 0.594931
vt 0.779335 0.578316
vt 0.782081 0.578436
vt 0.784746 0.578661
vt 0.768410 0.578921
vt 0.771085 0.578612
vt 0.773842 0.578406
vt 0.776574 0.578307
vt 0.779661 0.561234
vt 0.782975 0.561281
vt 0.786291 0.561395
vt 0.766345 0.561685
vt 0.769656 0.561485
vt 0.772993 0.561352
vt 0.776340 0.561261
vt 0.779398 0.542432
vt 0.782739 0.542406
vt 0.786095 0.542403
vt 0.765998 0.542719
vt 0.769328 0.542628
vt 0.772654 0.542553
vt 0.776065 0.542477
vt 0.779285 0.521812
vt 0.782798 0.521835
vt 0.786244 0.521885
vt 0.765157 0.522253
vt 0.768619 0.522076
vt 0.772142 0.521916
vt 0.775754 0.521809
vt 0.779428 0.501711
vt 0.783175 0.501688
vt 0.786712 0.501694
vt 0.763977 0.502002
vt 0.767584 0.501931
vt 0.771525 0.501868
vt 0.775505 0.501750
vt 0.779043 0.482060
vt 0.782580 0.481965
vt 0.786098 0.481909
vt 0.764363 0.482004
vt 0.767856 0.482100
vt 0.771537 0.482207
vt 0.775371 0.482157
vt 0.778858 0.465037
vt 0.782223 0.465052
vt 0.785618 0.465071
vt 0.764792 0.465104
vt 0.768145 0.465081
vt 0.771626 0.465057
vt 0.775370 0.465012
vt 0.779062 0.452163
vt 0.782571 0.452183
vt 0.785850 0.452209
vt 0.764448 0.452191
vt 0.767860 0.452185
vt 0.771603 0.452183
vt 0.775334 0.452142
vt 0.779069 0.441426
vt 0.782377 0.441367
vt 0.785569 0.441312
vt 0.764757 0.441212
vt 0.768046 0.441368
vt 0.771659 0.441535
vt 0.775464 0.441507
vt 0.778934 0.432000
vt 0.782113 0.431971
vt 0.785174 0.431920
vt 0.765328 0.431808
vt 0.768452 0.431934
vt 0.771878 0.432034
vt 0.775490 0.432025
vt 0.778902 0.425294
vt 0.781990 0.425293
vt 0.784993 0.425311
vt 0.765569 0.425343
vt 0.768574 0.425330
vt 0.771907 0.425317
vt 0.775545 0.425302
vt 0.778961 0.418491
vt 0.782149 0.418546
vt 0.785168 0.418659
vt 0.765260 0.418806
vt 0.768361 0.418638
vt 0.771804 0.418485
vt 0.775463 0.418436
vt 0.779049 0.411103
vt 0.782380 0.411190
vt 0.785528 0.411350
vt 0.764794 0.411580
vt 0.768045 0.411351
vt 0.771639 0.411149
vt 0.775428 0.411032
vt 0.779220 0.402420
vt 0.782720 0.402508
vt 0.786048 0.402657
vt 0.764066 0.402973
vt 0.767516 0.402725
vt 0.771334 0.402483
vt 0.775393 0.402333
vt 0.779388 0.391691
vt 0.782979 0.391796
vt 0.786365 0.391900
vt 0.763449 0.392226
vt 0.766965 0.391991
vt 0.770988 0.391686
vt 0.775357 0.391503
vt 0.779412 0.381010
vt 0.783103 0.381090
vt 0.786561 0.381167
vt 0.763055 0.381506
vt 0.766637 0.381305
vt 0.770775 0.381017
vt 0.775264 0.380833
vt 0.779405 0.369922
vt 0.783161 0.369937
vt 0.786712 0.369952
vt 0.762680 0.370336
vt 0.766328 0.370207
vt 0.770558 0.369964
vt 0.775174 0.369774
vt 0.779010 0.357252
vt 0.782730 0.357137
vt 0.786526 0.356830
vt 0.762713 0.357355
vt 0.766388 0.357424
vt 0.770515 0.357314
vt 0.774929 0.357189
vt 0.778496 0.344209
vt 0.781801 0.343869
vt 0.784655 0.343399
vt 0.763939 0.343614
vt 0.767090 0.344069
vt 0.770882 0.344305
vt 0.774756 0.344267
vt 0.777400 0.334113
vt 0.779718 0.333772
vt 0.782099 0.333332
vt 0.766657 0.333296
vt 0.768998 0.333826
vt 0.771622 0.334186
vt 0.774813 0.334271
vt 0.776715 0.324463
vt 0.778435 0.324249
vt 0.780159 0.323895
vt 0.768763 0.323576
vt 0.770406 0.323992
vt 0.772407 0.324213
vt 0.774719 0.324412
vt 0.775398 0.315578
vt 0.776208 0.314923
vt 0.777217 0.314648
vt 0.772519 0.314702
vt 0.773117 0.315380
vt 0.773811 0.315994
vt 0.774612 0.316073
s 1
usemtl metal
f 1/1/1 2/2/2 3/3/3
f 4/4/4 5/5/5 6/6/6
f 7/7/7 8/8/8 9/9/9
f 10/10/10 11/11/11 12/12/12
f 13/13/13 14/14/14 15/15/15
f 16/16/16 17/17/17 18/18/18
f 19/19/19 20/20/20 21/21/21
f 22/22/22 23/23/23 24/24/24
f 7/7/7 1/1/1 3/3/3 8/8/8
f 2/2/2 4/4/4 6/6/6 3/3/3
f 5/5/5 10/10/10 12/12/12 6/6/6
f 11/11/11 9/9/9 8/8/8 12/12/12
f 19/25/19 7/26/7 9/27/9 20/28/20
f 10/10/10 22/22/22 24/29/24 11/30/11
f 23/23/23 21/21/21 20/20/20 24/24/24
f 13/13/13 19/19/19 21/21/21 14/14/14
f 22/22/22 16/16/16 18/18/18 23/23/23
f 17/17/17 15/15/15 14/14/14 18/18/18
f 1/31/1 13/32/13 15/33/15 2/34/2
f 16/16/16 5/5/5 4/35/4 17/36/17
f 7/37/7 19/38/19 13/32/13 1/31/1
f 3/3/3 6/6/6 12/12/12 8/8/8
f 15/33/15 17/36/17 4/35/4 2/34/2
f 22/22/22 10/10/10 5/5/5 16/16/16
f 9/27/9 11/30/11 24/29/24 20/28/20
f 21/21/21 23/23/23 18/18/18 14/14/14
f 25/39/1 26/40/2 27/41/3
f 28/42/4 29/43/5 30/44/6
f 31/45/7 32/46/8 33/47/9
f 34/48/10 35/49/11 36/50/12
f 37/51/13 38/52/14 39/53/15
f 40/54/16 41/55/17 42/56/18
f 43/57/19 44/58/20 45/59/21
f 46/60/22 47/61/23 48/62/24
f 31/45/7 25/39/1 27/41/3 32/46/8
f 26/40/2 28/42/4 30/44/6 27/41/3
f 29/43/5 34/48/10 36/50/12 30/44/6
f 35/49/11 33/47/9 32/46/8 36/50/12
f 43/63/19 31/64/7 33/65/9 44/66/20
f 34/48/10 46/60/22 48/67/24 35/68/11
f 47/61/23 45/59/21 44/58/20 48/62/24
f 37/51/13 43/57/19 45/59/21 38/52/14
f 46/60/22 40/54/16 42/56/18 47/61/23
f 41/55/17 39/53/15 38/52/14 42/56/18
f 25/69/1 37/70/13 39/71/15 26/72/2
f 40/54/16 29/43/5 28/73/4 41/74/17
f 31/64/7 43/63/19 37/70/13 25/69/1
f 27/41/3 30/44/6 36/50/12 32/46/8
f 39/71/15 41/74/17 28/73/4 26/72/2
f 46/60/22 34/48/10 29/43/5 40/54/16
f 33/65/9 35/75/11 48/76/24 44/66/20
f 45/59/21 47/61/23 42/56/18 38/52/14
f 56/77/25 57/78/26 55/79/27
f 58/80/28 56/77/25 55/79/27
f 59/81/29 58/82/28 55/79/27
f 60/83/30 59/81/29 55/79/27
f 61/84/31 60/83/30 55/79/27
f 57/78/26 61/84/31 55/79/27
f 79/85/32 78/86/33 59/81/29 60/83/30
f 76/87/34 79/85/32 60/83/30 61/84/31
f 78/86/33 77/88/35 58/82/28 59/81/29
f 74/89/36 75/90/37 57/78/26 56/77/25
f 75/90/37 76/87/34 61/84/31 57/78/26
f 49/91/38 68/92/39 69/93/40 50/94/41
f 54/95/42 73/96/43 68/92/39 49/91/38
f 50/94/41 69/93/40 70/97/44 51/98/45
f 51/99/45 70/100/44 71/101/46 52/102/47
f 52/102/47 71/101/46 72/103/48 53/104/49
f 53/104/49 72/103/48 73/96/43 54/95/42
f 77/105/35 74/89/36 56/77/25 58/80/28
f 63/106/50 64/107/51 70/97/44 69/93/40
f 64/108/51 65/109/52 71/101/46 70/100/44
f 65/109/52 66/110/53 72/103/48 71/101/46
f 66/110/53 67/111/54 73/96/43 72/103/48
f 67/111/54 62/112/55 68/92/39 73/96/43
f 62/112/55 63/106/50 69/93/40 68/92/39
f 64/107/51 63/106/50 74/89/36 77/105/35
f 62/112/55 67/111/54 76/87/34 75/90/37
f 63/106/50 62/112/55 75/90/37 74/89/36
f 65/109/52 64/108/51 77/88/35 78/86/33
f 67/111/54 66/110/53 79/85/32 76/87/34
f 66/110/53 65/109/52 78/86/33 79/85/32
f 87/113/56 88/114/57 86/115/58
f 89/116/59 87/113/56 86/115/58
f 90/117/60 89/118/59 86/115/58
f 91/119/61 90/117/60 86/115/58
f 92/120/62 91/119/61 86/115/58
f 88/114/57 92/120/62 86/115/58
f 110/121/63 109/122/64 90/117/60 91/119/61
f 107/123/65 110/121/63 91/119/61 92/120/62
f 109/122/64 108/124/66 89/118/59 90/117/60
f 105/125/67 106/126/68 88/114/57 87/113/56
f 106/126/68 107/123/65 92/120/62 88/114/57
f 80/127/38 99/128/69 100/129/70 81/130/41
f 85/131/42 104/132/43 99/128/69 80/127/38
f 81/130/41 100/129/70 101/133/44 82/134/45
f 82/135/45 101/136/44 102/137/46 83/138/47
f 83/138/47 102/137/46 103/139/48 84/140/49
f 84/140/49 103/139/48 104/132/43 85/131/42
f 108/141/66 105/125/67 87/113/56 89/116/59
f 94/142/71 95/143/72 101/133/44 100/129/70
f 95/144/72 96/145/73 102/137/46 101/136/44
f 96/145/73 97/146/74 103/139/48 102/137/46
f 97/146/74 98/147/75 104/132/43 103/139/48
f 98/147/75 93/148/76 99/128/69 104/132/43
f 93/148/76 94/142/71 100/129/70 99/128/69
f 95/143/72 94/142/71 105/125/67 108/141/66
f 93/148/76 98/147/75 107/123/65 106/126/68
f 94/142/71 93/148/76 106/126/68 105/125/67
f 96/145/73 95/144/72 108/124/66 109/122/64
f 98/147/75 97/146/74 110/121/63 107/123/65
f 97/146/74 96/145/73 109/122/64 110/121/63
f 118/149/77 119/150/78 117/151/79
f 120/152/80 118/149/77 117/151/79
f 121/153/81 120/154/80 117/151/79
f 122/155/82 121/153/81 117/151/79
f 123/156/83 122/155/82 117/151/79
f 119/150/78 123/156/83 117/151/79
f 141/157/84 140/158/85 121/153/81 122/155/82
f 138/159/86 141/157/84 122/155/82 123/156/83
f 140/158/85 139/160/87 120/154/80 121/153/81
f 136/161/88 137/162/89 119/150/78 118/149/77
f 137/162/89 138/159/86 123/156/83 119/150/78
f 111/163/90 130/164/91 131/165/92 112/166/93
f 116/167/94 135/168/95 130/164/91 111/163/90
f 112/166/93 131/165/92 132/169/96 113/170/97
f 113/171/97 132/172/96 133/173/98 114/174/99
f 114/174/99 133/173/98 134/175/100 115/176/101
f 115/176/101 134/175/100 135/168/95 116/167/94
f 139/177/87 136/161/88 118/149/77 120/152/80
f 125/178/102 126/179/103 132/169/96 131/165/92
f 126/180/103 127/181/104 133/173/98 132/172/96
f 127/181/104 128/182/105 134/175/100 133/173/98
f 128/182/105 129/183/106 135/168/95 134/175/100
f 129/183/106 124/184/107 130/164/91 135/168/95
f 124/184/107 125/178/102 131/165/92 130/164/91
f 126/179/103 125/178/102 136/161/88 139/177/87
f 124/184/107 129/183/106 138/159/86 137/162/89
f 125/178/102 124/184/107 137/162/89 136/161/88
f 127/181/104 126/180/103 139/160/87 140/158/85
f 129/183/106 128/182/105 141/157/84 138/159/86
f 128/182/105 127/181/104 140/158/85 141/157/84
f 149/185/108 150/186/109 148/187/79
f 151/188/110 149/185/108 148/187/79
f 152/189/111 151/190/110 148/187/79
f 153/191/112 152/189/111 148/187/79
f 154/192/113 153/191/112 148/187/79
f 150/186/109 154/192/113 148/187/79
f 172/193/114 171/194/115 152/189/111 153/191/112
f 169/195/116 172/193/114 153/191/112 154/192/113
f 171/194/115 170/196/117 151/190/110 152/189/111
f 167/197/118 168/198/119 150/186/109 149/185/108
f 168/198/119 169/195/116 154/192/113 150/186/109
f 142/199/38 161/200/120 162/201/121 143/202/41
f 147/203/42 166/204/122 161/200/120 142/199/38
f 143/202/41 162/201/121 163/205/123 144/206/45
f 144/207/45 163/208/123 164/209/124 145/210/47
f 145/210/47 164/209/124 165/211/125 146/212/49
f 146/212/49 165/211/125 166/204/122 147/203/42
f 170/213/117 167/197/118 149/185/108 151/188/110
f 156/214/126 157/215/127 163/205/123 162/201/121
f 157/216/127 158/217/128 164/209/124 163/208/123
f 158/217/128 159/218/129 165/211/125 164/209/124
f 159/218/129 160/219/130 166/204/122 165/211/125
f 160/219/130 155/220/131 161/200/120 166/204/122
f 155/220/131 156/214/126 162/201/121 161/200/120
f 157/215/127 156/214/126 167/197/118 170/213/117
f 155/220/131 160/219/130 169/195/116 168/198/119
f 156/214/126 155/220/131 168/198/119 167/197/118
f 158/217/128 157/216/127 170/196/117 171/194/115
f 160/219/130 159/218/129 172/193/114 169/195/116
f 159/218/129 158/217/128 171/194/115 172/193/114
f 180/221/132 181/222/133 179/223/134
f 182/224/135 180/221/132 179/223/134
f 183/225/136 182/226/135 179/223/134
f 184/227/137 183/225/136 179/223/134
f 185/228/138 184/227/137 179/223/134
f 181/222/133 185/228/138 179/223/134
f 203/229/139 202/230/140 183/225/136 184/227/137
f 200/231/141 203/229/139 184/227/137 185/228/138
f 202/230/140 201/232/142 182/226/135 183/225/136
f 198/233/143 199/234/144 181/222/133 180/221/132
f 199/234/144 200/231/141 185/228/138 181/222/133
f 173/235/38 192/236/39 193/237/40 174/238/41
f 178/239/42 197/240/43 192/236/39 173/235/38
f 174/238/41 193/237/40 194/241/44 175/242/45
f 175/243/45 194/244/44 195/245/46 176/246/47
f 176/246/47 195/245/46 196/247/48 177/248/49
f 177/248/49 196/247/48 197/240/43 178/239/42
f 201/249/142 198/233/143 180/221/132 182/224/135
f 187/250/145 188/251/146 194/241/44 193/237/40
f 188/252/146 189/253/147 195/245/46 194/244/44
f 189/253/147 190/254/148 196/247/48 195/245/46
f 190/254/148 191/255/149 197/240/43 196/247/48
f 191/255/149 186/256/150 192/236/39 197/240/43
f 186/256/150 187/250/145 193/237/40 192/236/39
f 188/251/146 187/250/145 198/233/143 201/249/142
f 186/256/150 191/255/149 200/231/141 199/234/144
f 187/250/145 186/256/150 199/234/144 198/233/143
f 189/253/147 188/252/146 201/232/142 202/230/140
f 191/255/149 190/254/148 203/229/139 200/231/141
f 190/254/148 189/253/147 202/230/140 203/229/139
f 214/257/47 213/258/45 219/259/151 220/260/152
f 210/261/38 216/262/42 222/263/153 218/264/154
f 215/265/49 214/257/47 220/260/152 221/266/155
f 213/267/45 211/268/41 217/269/156 219/270/151
f 216/262/42 215/265/49 221/266/155 222/263/153
f 204/271/38 210/261/38 211/268/41 205/272/41
f 209/273/42 216/262/42 210/261/38 204/271/38
f 205/272/41 211/268/41 213/267/45 206/274/45
f 206/275/45 213/258/45 214/257/47 207/276/47
f 207/276/47 214/257/47 215/265/49 208/277/49
f 208/277/49 215/265/49 216/262/42 209/273/42
f 211/268/41 210/261/38 218/264/154 217/269/156
f 212/278/157 217/279/156 218/280/154
f 212/278/157 219/281/151 217/279/156
f 212/278/157 220/282/152 219/281/151
f 212/278/157 221/283/155 220/282/152
f 212/278/157 222/284/153 221/283/155
f 212/278/157 218/280/154 222/284/153
f 233/285/158 232/286/159 238/287/160 239/288/161
f 229/289/162 235/290/163 241/291/164 237/292/165
f 234/293/166 233/285/158 239/288/161 240/294/167
f 232/286/159 230/295/168 236/296/169 238/287/160
f 235/290/163 234/293/166 240/294/167 241/291/164
f 223/297/162 229/289/162 230/298/168 224/299/168
f 228/300/163 235/290/163 229/289/162 223/297/162
f 224/301/168 230/295/168 232/286/159 225/302/159
f 225/302/159 232/286/159 233/285/158 226/303/158
f 226/303/158 233/285/158 234/293/166 227/304/166
f 227/304/166 234/293/166 235/290/163 228/300/163
f 230/298/168 229/289/162 237/292/165 236/305/169
f 231/306/170 236/307/169 237/308/165
f 231/306/170 238/309/160 236/307/169
f 231/306/170 239/310/161 238/309/160
f 231/306/170 240/311/167 239/310/161
f 231/306/170 241/312/164 240/311/167
f 231/306/170 237/308/165 241/312/164
f 252/313/171 251/314/172 257/315/173 258/316/174
f 248/317/175 254/318/176 260/319/177 256/320/178
f 253/321/179 252/322/171 258/323/174 259/324/180
f 251/314/172 249/325/181 255/326/182 257/315/173
f 254/318/176 253/321/179 259/324/180 260/319/177
f 242/327/175 248/317/175 249/325/181 243/328/181
f 247/329/176 254/318/176 248/317/175 242/327/175
f 243/328/181 249/325/181 251/314/172 244/330/172
f 244/330/172 251/314/172 252/313/171 245/331/171
f 245/332/171 252/322/171 253/321/179 246/333/179
f 246/333/179 253/321/179 254/318/176 247/329/176
f 249/325/181 248/317/175 256/320/178 255/326/182
f 250/334/183 255/335/182 256/336/178
f 250/334/183 257/337/173 255/335/182
f 250/334/183 258/338/174 257/337/173
f 250/334/183 259/339/180 258/338/174
f 250/334/183 260/340/177 259/339/180
f 250/334/183 256/336/178 260/340/177
f 271/341/47 270/342/45 276/343/151 277/344/152
f 267/345/38 273/346/42 279/347/153 275/348/154
f 272/349/49 271/341/47 277/344/152 278/350/155
f 270/351/45 268/352/41 274/353/156 276/354/151
f 273/346/42 272/349/49 278/350/155 279/347/153
f 261/355/38 267/345/38 268/352/41 262/356/41
f 266/357/42 273/346/42 267/345/38 261/355/38
f 262/356/41 268/352/41 270/351/45 263/358/45
f 263/359/45 270/342/45 271/341/47 264/360/47
f 264/360/47 271/341/47 272/349/49 265/361/49
f 265/361/49 272/349/49 273/346/42 266/357/42
f 268/352/41 267/345/38 275/348/154 274/353/156
f 269/362/157 274/363/156 275/364/154
f 269/362/157 276/365/151 274/363/156
f 269/362/157 277/366/152 276/365/151
f 269/362/157 278/367/155 277/366/152
f 269/362/157 279/368/153 278/367/155
f 269/362/157 275/364/154 279/368/153
f 290/369/184 289/370/185 295/371/186 296/372/187
f 286/373/188 292/374/189 298/375/190 294/376/191
f 291/377/192 290/369/184 296/372/187 297/378/193
f 289/370/185 287/379/194 293/380/195 295/371/186
f 292/374/189 291/381/192 297/382/193 298/375/190
f 280/383/188 286/373/188 287/379/194 281/384/194
f 285/385/189 292/374/189 286/373/188 280/383/188
f 281/384/194 287/379/194 289/370/185 282/386/185
f 282/386/185 289/370/185 290/369/184 283/387/184
f 283/387/184 290/369/184 291/377/192 284/388/192
f 284/389/192 291/381/192 292/374/189 285/385/189
f 287/379/194 286/373/188 294/376/191 293/380/195
f 288/390/196 293/391/195 294/392/191
f 288/390/196 295/393/186 293/391/195
f 288/390/196 296/394/187 295/393/186
f 288/390/196 297/395/193 296/394/187
f 288/390/196 298/396/190 297/395/193
f 288/390/196 294/392/191 298/396/190
f 304/397/197 302/398/198 303/399/199
f 304/397/197 301/400/200 302/398/198
f 299/401/201 301/400/200 304/397/197
f 299/401/201 300/402/202 301/400/200
f 307/403/203 309/404/204 308/405/205
f 307/403/203 310/406/206 309/404/204
f 306/407/207 310/406/206 307/403/203
f 306/407/207 305/408/208 310/406/206
f 305/409/208 311/410/209 316/411/210 310/412/206
f 306/413/207 312/414/211 311/410/209 305/409/208
f 307/415/203 313/416/212 312/417/211 306/418/207
f 308/419/205 314/420/213 313/416/212 307/415/203
f 309/421/204 315/422/214 314/420/213 308/419/205
f 310/412/206 316/411/210 315/422/214 309/421/204
f 311/410/209 317/423/215 322/424/216 316/411/210
f 312/414/211 318/425/217 317/423/215 311/410/209
f 313/416/212 319/426/218 318/427/217 312/417/211
f 314/420/213 320/428/219 319/426/218 313/416/212
f 315/422/214 321/429/220 320/428/219 314/420/213
f 316/411/210 322/424/216 321/429/220 315/422/214
f 317/423/215 323/430/221 328/431/222 322/424/216
f 318/425/217 324/432/223 323/430/221 317/423/215
f 319/426/218 325/433/224 324/434/223 318/427/217
f 320/428/219 326/435/225 325/433/224 319/426/218
f 321/429/220 327/436/226 326/435/225 320/428/219
f 322/424/216 328/431/222 327/436/226 321/429/220
f 323/430/221 329/437/227 334/438/228 328/431/222
f 324/432/223 330/439/229 329/437/227 323/430/221
f 325/433/224 331/440/230 330/441/229 324/434/223
f 326/435/225 332/442/231 331/440/230 325/433/224
f 327/436/226 333/443/232 332/442/231 326/435/225
f 328/431/222 334/438/228 333/443/232 327/436/226
f 329/437/227 335/444/233 340/445/234 334/438/228
f 330/439/229 336/446/235 335/444/233 329/437/227
f 331/440/230 337/447/236 336/448/235 330/441/229
f 332/442/231 338/449/237 337/447/236 331/440/230
f 333/443/232 339/450/238 338/449/237 332/442/231
f 334/438/228 340/445/234 339/450/238 333/443/232
f 335/444/233 341/451/239 346/452/240 340/445/234
f 336/446/235 342/453/241 341/451/239 335/444/233
f 337/447/236 343/454/242 342/455/241 336/448/235
f 338/449/237 344/456/243 343/454/242 337/447/236
f 339/450/238 345/457/244 344/456/243 338/449/237
f 340/445/234 346/452/240 345/457/244 339/450/238
f 341/451/239 347/458/245 352/459/246 346/452/240
f 342/453/241 348/460/247 347/458/245 341/451/239
f 343/454/242 349/461/248 348/462/247 342/455/241
f 344/456/243 350/463/249 349/461/248 343/454/242
f 345/457/244 351/464/250 350/463/249 344/456/243
f 346/452/240 352/459/246 351/464/250 345/457/244
f 347/458/245 353/465/251 358/466/252 352/459/246
f 348/460/247 354/467/253 353/465/251 347/458/245
f 349/461/248 355/468/254 354/469/253 348/462/247
f 350/463/249 356/470/255 355/468/254 349/461/248
f 351/464/250 357/471/256 356/470/255 350/463/249
f 352/459/246 358/466/252 357/471/256 351/464/250
f 353/465/251 359/472/257 364/473/258 358/466/252
f 354/467/253 360/474/259 359/472/257 353/465/251
f 355/468/254 361/475/260 360/476/259 354/469/253
f 356/470/255 362/477/261 361/475/260 355/468/254
f 357/471/256 363/478/262 362/477/261 356/470/255
f 358/466/252 364/473/258 363/478/262 357/471/256
f 359/472/257 365/479/263 370/480/264 364/473/258
f 360/474/259 366/481/265 365/479/263 359/472/257
f 361/475/260 367/482/266 366/483/265 360/476/259
f 362/477/261 368/484/267 367/482/266 361/475/260
f 363/478/262 369/485/268 368/484/267 362/477/261
f 364/473/258 370/480/264 369/485/268 363/478/262
f 365/479/263 371/486/269 376/487/270 370/480/264
f 366/481/265 372/488/271 371/486/269 365/479/263
f 367/482/266 373/489/272 372/490/271 366/483/265
f 368/484/267 374/491/273 373/489/272 367/482/266
f 369/485/268 375/492/274 374/491/273 368/484/267
f 370/480/264 376/487/270 375/492/274 369/485/268
f 371/486/269 377/493/275 382/494/276 376/487/270
f 372/488/271 378/495/277 377/493/275 371/486/269
f 373/489/272 379/496/278 378/497/277 372/490/271
f 374/491/273 380/498/279 379/496/278 373/489/272
f 375/492/274 381/499/280 380/498/279 374/491/273
f 376/487/270 382/494/276 381/499/280 375/492/274
f 377/493/275 383/500/281 388/501/282 382/494/276
f 378/495/277 384/502/283 383/500/281 377/493/275
f 379/496/278 385/503/284 384/504/283 378/497/277
f 380/498/279 386/505/285 385/503/284 379/496/278
f 381/499/280 387/506/286 386/505/285 380/498/279
f 382/494/276 388/501/282 387/506/286 381/499/280
f 383/500/281 389/507/287 394/508/288 388/501/282
f 384/502/283 390/509/289 389/507/287 383/500/281
f 385/503/284 391/510/290 390/511/289 384/504/283
f 386/505/285 392/512/291 391/510/290 385/503/284
f 387/506/286 393/513/292 392/512/291 386/505/285
f 388/501/282 394/508/288 393/513/292 387/506/286
f 389/507/287 395/514/293 400/515/294 394/508/288
f 390/509/289 396/516/295 395/514/293 389/507/287
f 391/510/290 397/517/296 396/518/295 390/511/289
f 392/512/291 398/519/297 397/517/296 391/510/290
f 393/513/292 399/520/298 398/519/297 392/512/291
f 394/508/288 400/515/294 399/520/298 393/513/292
f 395/514/293 401/521/299 406/522/300 400/515/294
f 396/516/295 402/523/301 401/521/299 395/514/293
f 397/517/296 403/524/302 402/525/301 396/518/295
f 398/519/297 404/526/303 403/524/302 397/517/296
f 399/520/298 405/527/304 404/526/303 398/519/297
f 400/515/294 406/522/300 405/527/304 399/520/298
f 401/521/299 407/528/305 412/529/306 406/522/300
f 402/523/301 408/530/307 407/528/305 401/521/299
f 403/524/302 409/531/308 408/532/307 402/525/301
f 404/526/303 410/533/309 409/531/308 403/524/302
f 405/527/304 411/534/310 410/533/309 404/526/303
f 406/522/300 412/529/306 411/534/310 405/527/304
f 407/528/305 413/535/311 418/536/312 412/529/306
f 408/530/307 414/537/313 413/535/311 407/528/305
f 409/531/308 415/538/314 414/539/313 408/532/307
f 410/533/309 416/540/315 415/538/314 409/531/308
f 411/534/310 417/541/316 416/540/315 410/533/309
f 412/529/306 418/536/312 417/541/316 411/534/310
f 413/535/311 419/542/317 424/543/318 418/536/312
f 414/537/313 420/544/319 419/542/317 413/535/311
f 415/538/314 421/545/320 420/546/319 414/539/313
f 416/540/315 422/547/321 421/545/320 415/538/314
f 417/541/316 423/548/322 422/547/321 416/540/315
f 418/536/312 424/543/318 423/548/322 417/541/316
f 419/542/317 425/549/323 430/550/324 424/543/318
f 420/544/319 426/551/325 425/549/323 419/542/317
f 421/545/320 427/552/326 426/553/325 420/546/319
f 422/547/321 428/554/327 427/552/326 421/545/320
f 423/548/322 429/555/328 428/554/327 422/547/321
f 424/543/318 430/550/324 429/555/328 423/548/322
f 425/549/323 431/556/329 436/557/330 430/550/324
f 426/551/325 432/558/331 431/556/329 425/549/323
f 427/552/326 433/559/332 432/560/331 426/553/325
f 428/554/327 434/561/333 433/559/332 427/552/326
f 429/555/328 435/562/334 434/561/333 428/554/327
f 430/550/324 436/557/330 435/562/334 429/555/328
f 431/556/329 437/563/335 442/564/336 436/557/330
f 432/558/331 438/565/337 437/563/335 431/556/329
f 433/559/332 439/566/338 438/567/337 432/560/331
f 434/561/333 440/568/339 439/566/338 433/559/332
f 435/562/334 441/569/340 440/568/339 434/561/333
f 436/557/330 442/564/336 441/569/340 435/562/334
f 437/563/335 443/570/341 448/571/342 442/564/336
f 438/565/337 444/572/343 443/570/341 437/563/335
f 439/566/338 445/573/344 444/574/343 438/567/337
f 440/568/339 446/575/345 445/573/344 439/566/338
f 441/569/340 447/576/346 446/575/345 440/568/339
f 442/564/336 448/571/342 447/576/346 441/569/340
f 443/570/341 299/577/201 304/578/197 448/571/342
f 444/572/343 300/579/202 299/577/201 443/570/341
f 445/573/344 301/580/200 300/581/202 444/574/343
f 446/575/345 302/582/198 301/580/200 445/573/344
f 447/576/346 303/583/199 302/582/198 446/575/345
f 448/571/342 304/578/197 303/583/199 447/576/346
f 454/584/347 453/585/348 452/586/349
f 454/584/347 452/586/349 451/587/350
f 449/588/351 454/584/347 451/587/350
f 449/588/351 451/587/350 450/589/352
f 457/590/353 458/591/354 459/592/355
f 457/590/353 459/592/355 460/593/356
f 456/594/357 457/590/353 460/593/356
f 456/594/357 460/593/356 455/595/358
f 455/596/358 460/597/356 466/598/359 461/599/360
f 456/600/357 455/596/358 461/599/360 462/601/361
f 457/602/353 456/603/357 462/604/361 463/605/362
f 458/606/354 457/602/353 463/605/362 464/607/363
f 459/608/355 458/606/354 464/607/363 465/609/364
f 460/597/356 459/608/355 465/609/364 466/598/359
f 461/599/360 466/598/359 472/610/365 467/611/366
f 462/601/361 461/599/360 467/611/366 468/612/367
f 463/605/362 462/604/361 468/613/367 469/614/368
f 464/607/363 463/605/362 469/614/368 470/615/369
f 465/609/364 464/607/363 470/615/369 471/616/370
f 466/598/359 465/609/364 471/616/370 472/610/365
f 467/611/366 472/610/365 478/617/371 473/618/372
f 468/612/367 467/611/366 473/618/372 474/619/373
f 469/614/368 468/613/367 474/620/373 475/621/374
f 470/615/369 469/614/368 475/621/374 476/622/375
f 471/616/370 470/615/369 476/622/375 477/623/376
f 472/610/365 471/616/370 477/623/376 478/617/371
f 473/618/372 478/617/371 484/624/377 479/625/378
f 474/619/373 473/618/372 479/625/378 480/626/379
f 475/621/374 474/620/373 480/627/379 481/628/380
f 476/622/375 475/621/374 481/628/380 482/629/381
f 477/623/376 476/622/375 482/629/381 483/630/382
f 478/617/371 477/623/376 483/630/382 484/624/377
f 479/625/378 484/624/377 490/631/383 485/632/384
f 480/626/379 479/625/378 485/632/384 486/633/385
f 481/628/380 480/627/379 486/634/385 487/635/386
f 482/629/381 481/628/380 487/635/386 488/636/387
f 483/630/382 482/629/381 488/636/387 489/637/388
f 484/624/377 483/630/382 489/637/388 490/631/383
f 485/632/384 490/631/383 496/638/389 491/639/390
f 486/633/385 485/632/384 491/639/390 492/640/391
f 487/635/386 486/634/385 492/641/391 493/642/392
f 488/636/387 487/635/386 493/642/392 494/643/393
f 489/637/388 488/636/387 494/643/393 495/644/394
f 490/631/383 489/637/388 495/644/394 496/638/389
f 491/639/390 496/638/389 502/645/395 497/646/396
f 492/640/391 491/639/390 497/646/396 498/647/397
f 493/642/392 492/641/391 498/648/397 499/649/398
f 494/643/393 493/642/392 499/649/398 500/650/399
f 495/644/394 494/643/393 500/650/399 501/651/400
f 496/638/389 495/644/394 501/651/400 502/645/395
f 497/646/396 502/645/395 508/652/401 503/653/402
f 498/647/397 497/646/396 503/653/402 504/654/403
f 499/649/398 498/648/397 504/655/403 505/656/404
f 500/650/399 499/649/398 505/656/404 506/657/405
f 501/651/400 500/650/399 506/657/405 507/658/406
f 502/645/395 501/651/400 507/658/406 508/652/401
f 503/653/402 508/652/401 514/659/407 509/660/408
f 504/654/403 503/653/402 509/660/408 510/661/409
f 505/656/404 504/655/403 510/662/409 511/663/410
f 506/657/405 505/656/404 511/663/410 512/664/411
f 507/658/406 506/657/405 512/664/411 513/665/412
f 508/652/401 507/658/406 513/665/412 514/659/407
f 509/660/408 514/659/407 520/666/413 515/667/414
f 510/661/409 509/660/408 515/667/414 516/668/415
f 511/663/410 510/662/409 516/669/415 517/670/416
f 512/664/411 511/663/410 517/670/416 518/671/417
f 513/665/412 512/664/411 518/671/417 519/672/418
f 514/659/407 513/665/412 519/672/418 520/666/413
f 515/667/414 520/666/413 526/673/419 521/674/420
f 516/668/415 515/667/414 521/674/420 522/675/421
f 517/670/416 516/669/415 522/676/421 523/677/422
f 518/671/417 517/670/416 523/677/422 524/678/423
f 519/672/418 518/671/417 524/678/423 525/679/424
f 520/666/413 519/672/418 525/679/424 526/673/419
f 521/674/420 526/673/419 532/680/425 527/681/426
f 522/675/421 521/674/420 527/681/426 528/682/427
f 523/677/422 522/676/421 528/683/427 529/684/428
f 524/678/423 523/677/422 529/684/428 530/685/429
f 525/679/424 524/678/423 530/685/429 531/686/430
f 526/673/419 525/679/424 531/686/430 532/680/425
f 527/681/426 532/680/425 538/687/431 533/688/432
f 528/682/427 527/681/426 533/688/432 534/689/433
f 529/684/428 528/683/427 534/690/433 535/691/434
f 530/685/429 529/684/428 535/691/434 536/692/435
f 531/686/430 530/685/429 536/692/435 537/693/436
f 532/680/425 531/686/430 537/693/436 538/687/431
f 533/688/432 538/687/431 544/694/437 539/695/438
f 534/689/433 533/688/432 539/695/438 540/696/439
f 535/691/434 534/690/433 540/697/439 541/698/440
f 536/692/435 535/691/434 541/698/440 542/699/441
f 537/693/436 536/692/435 542/699/441 543/700/442
f 538/687/431 537/693/436 543/700/442 544/694/437
f 539/695/438 544/694/437 550/701/443 545/702/444
f 540/696/439 539/695/438 545/702/444 546/703/445
f 541/698/440 540/697/439 546/704/445 547/705/446
f 542/699/441 541/698/440 547/705/446 548/706/447
f 543/700/442 542/699/441 548/706/447 549/707/448
f 544/694/437 543/700/442 549/707/448 550/701/443
f 545/702/444 550/701/443 556/708/449 551/709/450
f 546/703/445 545/702/444 551/709/450 552/710/451
f 547/705/446 546/704/445 552/711/451 553/712/452
f 548/706/447 547/705/446 553/712/452 554/713/453
f 549/707/448 548/706/447 554/713/453 555/714/454
f 550/701/443 549/707/448 555/714/454 556/708/449
f 551/709/450 556/708/449 562/715/455 557/716/456
f 552/710/451 551/709/450 557/716/456 558/717/457
f 553/712/452 552/711/451 558/718/457 559/719/458
f 554/713/453 553/712/452 559/719/458 560/720/459
f 555/714/454 554/713/453 560/720/459 561/721/460
f 556/708/449 555/714/454 561/721/460 562/715/455
f 557/716/456 562/715/455 568/722/461 563/723/462
f 558/717/457 557/716/456 563/723/462 564/724/463
f 559/719/458 558/718/457 564/725/463 565/726/464
f 560/720/459 559/719/458 565/726/464 566/727/465
f 561/721/460 560/720/459 566/727/465 567/728/466
f 562/715/455 561/721/460 567/728/466 568/722/461
f 563/723/462 568/722/461 574/729/467 569/730/468
f 564/724/463 563/723/462 569/730/468 570/731/469
f 565/726/464 564/725/463 570/732/469 571/733/470
f 566/727/465 565/726/464 571/733/470 572/734/471
f 567/728/466 566/727/465 572/734/471 573/735/472
f 568/722/461 567/728/466 573/735/472 574/729/467
f 569/730/468 574/729/467 580/736/473 575/737/474
f 570/731/469 569/730/468 575/737/474 576/738/475
f 571/733/470 570/732/469 576/739/475 577/740/476
f 572/734/471 571/733/470 577/740/476 578/741/477
f 573/735/472 572/734/471 578/741/477 579/742/478
f 574/729/467 573/735/472 579/742/478 580/736/473
f 575/737/474 580/736/473 586/743/479 581/744/480
f 576/738/475 575/737/474 581/744/480 582/745/481
f 577/740/476 576/739/475 582/746/481 583/747/482
f 578/741/477 577/740/476 583/747/482 584/748/483
f 579/742/478 578/741/477 584/748/483 585/749/484
f 580/736/473 579/742/478 585/749/484 586/743/479
f 581/744/480 586/743/479 592/750/485 587/751/486
f 582/745/481 581/744/480 587/751/486 588/752/487
f 583/747/482 582/746/481 588/753/487 589/754/488
f 584/748/483 583/747/482 589/754/488 590/755/489
f 585/749/484 584/748/483 590/755/489 591/756/490
f 586/743/479 585/749/484 591/756/490 592/750/485
f 587/751/486 592/750/485 598/757/491 593/758/492
f 588/752/487 587/751/486 593/758/492 594/759/493
f 589/754/488 588/753/487 594/760/493 595/761/494
f 590/755/489 589/754/488 595/761/494 596/762/495
f 591/756/490 590/755/489 596/762/495 597/763/496
f 592/750/485 591/756/490 597/763/496 598/757/491
f 593/758/492 598/757/491 454/764/347 449/765/351
f 594/759/493 593/758/492 449/765/351 450/766/352
f 595/761/494 594/760/493 450/767/352 451/768/350
f 596/762/495 595/761/494 451/768/350 452/769/349
f 597/763/496 596/762/495 452/769/349 453/770/348
f 598/757/491 597/763/496 453/770/348 454/764/347
f 604/771/497 602/772/198 603/773/199
f 604/771/497 601/774/200 602/772/198
f 599/775/201 601/774/200 604/771/497
f 599/775/201 600/776/498 601/774/200
f 607/777/203 609/778/204 608/779/499
f 607/777/203 610/780/206 609/778/204
f 606/781/500 610/780/206 607/777/203
f 606/781/500 605/782/501 610/780/206
f 605/783/501 611/784/209 616/785/210 610/786/206
f 606/787/500 612/788/211 611/784/209 605/783/501
f 607/789/203 613/790/212 612/791/211 606/792/500
f 608/793/499 614/794/213 613/790/212 607/789/203
f 609/795/204 615/796/214 614/794/213 608/793/499
f 610/786/206 616/785/210 615/796/214 609/795/204
f 611/784/209 617/797/215 622/798/216 616/785/210
f 612/788/211 618/799/217 617/797/215 611/784/209
f 613/790/212 619/800/218 618/801/217 612/791/211
f 614/794/213 620/802/219 619/800/218 613/790/212
f 615/796/214 621/803/220 620/802/219 614/794/213
f 616/785/210 622/798/216 621/803/220 615/796/214
f 617/797/215 623/804/221 628/805/222 622/798/216
f 618/799/217 624/806/223 623/804/221 617/797/215
f 619/800/218 625/807/224 624/808/223 618/801/217
f 620/802/219 626/809/225 625/807/224 619/800/218
f 621/803/220 627/810/226 626/809/225 620/802/219
f 622/798/216 628/805/222 627/810/226 621/803/220
f 623/804/221 629/811/227 634/812/228 628/805/222
f 624/806/223 630/813/229 629/811/227 623/804/221
f 625/807/224 631/814/230 630/815/229 624/808/223
f 626/809/225 632/816/231 631/814/230 625/807/224
f 627/810/226 633/817/232 632/816/231 626/809/225
f 628/805/222 634/812/228 633/817/232 627/810/226
f 629/811/227 635/818/233 640/819/234 634/812/228
f 630/813/229 636/820/235 635/818/233 629/811/227
f 631/814/230 637/821/236 636/822/235 630/815/229
f 632/816/231 638/823/237 637/821/236 631/814/230
f 633/817/232 639/824/238 638/823/237 632/816/231
f 634/812/228 640/819/234 639/824/238 633/817/232
f 635/818/233 641/825/239 646/826/240 640/819/234
f 636/820/235 642/827/241 641/825/239 635/818/233
f 637/821/236 643/828/242 642/829/241 636/822/235
f 638/823/237 644/830/243 643/828/242 637/821/236
f 639/824/238 645/831/244 644/830/243 638/823/237
f 640/819/234 646/826/240 645/831/244 639/824/238
f 641/825/239 647/832/245 652/833/246 646/826/240
f 642/827/241 648/834/247 647/832/245 641/825/239
f 643/828/242 649/835/248 648/836/247 642/829/241
f 644/830/243 650/837/249 649/835/248 643/828/242
f 645/831/244 651/838/250 650/837/249 644/830/243
f 646/826/240 652/833/246 651/838/250 645/831/244
f 647/832/245 653/839/251 658/840/252 652/833/246
f 648/834/247 654/841/253 653/839/251 647/832/245
f 649/835/248 655/842/254 654/843/253 648/836/247
f 650/837/249 656/844/255 655/842/254 649/835/248
f 651/838/250 657/845/256 656/844/255 650/837/249
f 652/833/246 658/840/252 657/845/256 651/838/250
f 653/839/251 659/846/257 664/847/258 658/840/252
f 654/841/253 660/848/259 659/846/257 653/839/251
f 655/842/254 661/849/260 660/850/259 654/843/253
f 656/844/255 662/851/261 661/849/260 655/842/254
f 657/845/256 663/852/262 662/851/261 656/844/255
f 658/840/252 664/847/258 663/852/262 657/845/256
f 659/846/257 665/853/263 670/854/264 664/847/258
f 660/848/259 666/855/265 665/853/263 659/846/257
f 661/849/260 667/856/266 666/857/265 660/850/259
f 662/851/261 668/858/267 667/856/266 661/849/260
f 663/852/262 669/859/268 668/858/267 662/851/261
f 664/847/258 670/854/264 669/859/268 663/852/262
f 665/853/263 671/860/269 676/861/270 670/854/264
f 666/855/265 672/862/271 671/860/269 665/853/263
f 667/856/266 673/863/272 672/864/271 666/857/265
f 668/858/267 674/865/273 673/863/272 667/856/266
f 669/859/268 675/866/274 674/865/273 668/858/267
f 670/854/264 676/861/270 675/866/274 669/859/268
f 671/860/269 677/867/275 682/868/276 676/861/270
f 672/862/271 678/869/277 677/867/275 671/860/269
f 673/863/272 679/870/278 678/871/277 672/864/271
f 674/865/273 680/872/279 679/870/278 673/863/272
f 675/866/274 681/873/280 680/872/279 674/865/273
f 676/861/270 682/868/276 681/873/280 675/866/274
f 677/867/275 683/874/502 688/875/282 682/868/276
f 678/869/277 684/876/283 683/874/502 677/867/275
f 679/870/278 685/877/284 684/878/283 678/871/277
f 680/872/279 686/879/285 685/877/284 679/870/278
f 681/873/280 687/880/286 686/879/285 680/872/279
f 682/868/276 688/875/282 687/880/286 681/873/280
f 683/874/502 689/881/287 694/882/288 688/875/282
f 684/876/283 690/883/289 689/881/287 683/874/502
f 685/877/284 691/884/290 690/885/289 684/878/283
f 686/879/285 692/886/291 691/884/290 685/877/284
f 687/880/286 693/887/292 692/886/291 686/879/285
f 688/875/282 694/882/288 693/887/292 687/880/286
f 689/881/287 695/888/293 700/889/294 694/882/288
f 690/883/289 696/890/295 695/888/293 689/881/287
f 691/884/290 697/891/296 696/892/295 690/885/289
f 692/886/291 698/893/297 697/891/296 691/884/290
f 693/887/292 699/894/298 698/893/297 692/886/291
f 694/882/288 700/889/294 699/894/298 693/887/292
f 695/888/293 701/895/299 706/896/300 700/889/294
f 696/890/295 702/897/301 701/895/299 695/888/293
f 697/891/296 703/898/302 702/899/301 696/892/295
f 698/893/297 704/900/303 703/898/302 697/891/296
f 699/894/298 705/901/304 704/900/303 698/893/297
f 700/889/294 706/896/300 705/901/304 699/894/298
f 701/895/299 707/902/305 712/903/306 706/896/300
f 702/897/301 708/904/307 707/902/305 701/895/299
f 703/898/302 709/905/308 708/906/307 702/899/301
f 704/900/303 710/907/309 709/905/308 703/898/302
f 705/901/304 711/908/310 710/907/309 704/900/303
f 706/896/300 712/903/306 711/908/310 705/901/304
f 707/902/305 713/909/311 718/910/312 712/903/306
f 708/904/307 714/911/313 713/909/311 707/902/305
f 709/905/308 715/912/314 714/913/313 708/906/307
f 710/907/309 716/914/315 715/912/314 709/905/308
f 711/908/310 717/915/316 716/914/315 710/907/309
f 712/903/306 718/910/312 717/915/316 711/908/310
f 713/909/311 719/916/317 724/917/318 718/910/312
f 714/911/313 720/918/319 719/916/317 713/909/311
f 715/912/314 721/919/320 720/920/319 714/913/313
f 716/914/315 722/921/321 721/919/320 715/912/314
f 717/915/316 723/922/322 722/921/321 716/914/315
f 718/910/312 724/917/318 723/922/322 717/915/316
f 719/916/317 725/923/323 730/924/324 724/917/318
f 720/918/319 726/925/325 725/923/323 719/916/317
f 721/919/320 727/926/326 726/927/325 720/920/319
f 722/921/321 728/928/327 727/926/326 721/919/320
f 723/922/322 729/929/328 728/928/327 722/921/321
f 724/917/318 730/924/324 729/929/328 723/922/322
f 725/923/323 731/930/329 736/931/330 730/924/324
f 726/925/325 732/932/331 731/930/329 725/923/323
f 727/926/326 733/933/332 732/934/331 726/927/325
f 728/928/327 734/935/333 733/933/332 727/926/326
f 729/929/328 735/936/334 734/935/333 728/928/327
f 730/924/324 736/931/330 735/936/334 729/929/328
f 731/930/329 737/937/335 742/938/336 736/931/330
f 732/932/331 738/939/337 737/937/335 731/930/329
f 733/933/332 739/940/338 738/941/337 732/934/331
f 734/935/333 740/942/339 739/940/338 733/933/332
f 735/936/334 741/943/340 740/942/339 734/935/333
f 736/931/330 742/938/336 741/943/340 735/936/334
f 737/937/335 743/944/341 748/945/342 742/938/336
f 738/939/337 744/946/343 743/944/341 737/937/335
f 739/940/338 745/947/344 744/948/343 738/941/337
f 740/942/339 746/949/345 745/947/344 739/940/338
f 741/943/340 747/950/346 746/949/345 740/942/339
f 742/938/336 748/945/342 747/950/346 741/943/340
f 743/944/341 599/951/201 604/952/497 748/945/342
f 744/946/343 600/953/498 599/951/201 743/944/341
f 745/947/344 601/954/200 600/955/498 744/948/343
f 746/949/345 602/956/198 601/954/200 745/947/344
f 747/950/346 603/957/199 602/956/198 746/949/345
f 748/945/342 604/952/497 603/957/199 747/950/346
f 754/958/347 753/959/348 752/960/349
f 754/958/347 752/960/349 751/961/503
f 749/962/351 754/958/347 751/961/503
f 749/962/351 751/961/503 750/963/352
f 757/964/353 758/965/354 759/966/355
f 757/964/353 759/966/355 760/967/504
f 756/968/357 757/964/353 760/967/504
f 756/968/357 760/967/504 755/969/358
f 755/970/358 760/971/504 766/972/359 761/973/360
f 756/974/357 755/970/358 761/973/360 762/975/361
f 757/976/353 756/977/357 762/978/361 763/979/362
f 758/980/354 757/976/353 763/979/362 764/981/363
f 759/982/355 758/980/354 764/981/363 765/983/364
f 760/971/504 759/982/355 765/983/364 766/972/359
f 761/973/360 766/972/359 772/984/365 767/985/366
f 762/975/361 761/973/360 767/985/366 768/986/367
f 763/979/362 762/978/361 768/987/367 769/988/368
f 764/981/363 763/979/362 769/988/368 770/989/369
f 765/983/364 764/981/363 770/989/369 771/990/370
f 766/972/359 765/983/364 771/990/370 772/984/365
f 767/985/366 772/984/365 778/991/371 773/992/372
f 768/986/367 767/985/366 773/992/372 774/993/373
f 769/988/368 768/987/367 774/994/373 775/995/374
f 770/989/369 769/988/368 775/995/374 776/996/375
f 771/990/370 770/989/369 776/996/375 777/997/376
f 772/984/365 771/990/370 777/997/376 778/991/371
f 773/992/372 778/991/371 784/998/377 779/999/378
f 774/993/373 773/992/372 779/999/378 780/1000/379
f 775/995/374 774/994/373 780/1001/379 781/1002/380
f 776/996/375 775/995/374 781/1002/380 782/1003/381
f 777/997/376 776/996/375 782/1003/381 783/1004/382
f 778/991/371 777/997/376 783/1004/382 784/998/377
f 779/999/378 784/998/377 790/1005/383 785/1006/384
f 780/1000/379 779/999/378 785/1006/384 786/1007/385
f 781/1002/380 780/1001/379 786/1008/385 787/1009/386
f 782/1003/381 781/1002/380 787/1009/386 788/1010/387
f 783/1004/382 782/1003/381 788/1010/387 789/1011/388
f 784/998/377 783/1004/382 789/1011/388 790/1005/383
f 785/1006/384 790/1005/383 796/1012/389 791/1013/390
f 786/1007/385 785/1006/384 791/1013/390 792/1014/391
f 787/1009/386 786/1008/385 792/1015/391 793/1016/392
f 788/1010/387 787/1009/386 793/1016/392 794/1017/393
f 789/1011/388 788/1010/387 794/1017/393 795/1018/394
f 790/1005/383 789/1011/388 795/1018/394 796/1012/389
f 791/1013/390 796/1012/389 802/1019/395 797/1020/396
f 792/1014/391 791/1013/390 797/1020/396 798/1021/397
f 793/1016/392 792/1015/391 798/1022/397 799/1023/398
f 794/1017/393 793/1016/392 799/1023/398 800/1024/399
f 795/1018/394 794/1017/393 800/1024/399 801/1025/400
f 796/1012/389 795/1018/394 801/1025/400 802/1019/395
f 797/1020/396 802/1019/395 808/1026/401 803/1027/402
f 798/1021/397 797/1020/396 803/1027/402 804/1028/403
f 799/1023/398 798/1022/397 804/1029/403 805/1030/404
f 800/1024/399 799/1023/398 805/1030/404 806/1031/405
f 801/1025/400 800/1024/399 806/1031/405 807/1032/406
f 802/1019/395 801/1025/400 807/1032/406 808/1026/401
f 803/1027/402 808/1026/401 814/1033/407 809/1034/408
f 804/1028/403 803/1027/402 809/1034/408 810/1035/409
f 805/1030/404 804/1029/403 810/1036/409 811/1037/410
f 806/1031/405 805/1030/404 811/1037/410 812/1038/411
f 807/1032/406 806/1031/405 812/1038/411 813/1039/412
f 808/1026/401 807/1032/406 813/1039/412 814/1033/407
f 809/1034/408 814/1033/407 820/1040/413 815/1041/414
f 810/1035/409 809/1034/408 815/1041/414 816/1042/415
f 811/1037/410 810/1036/409 816/1043/415 817/1044/416
f 812/1038/411 811/1037/410 817/1044/416 818/1045/417
f 813/1039/412 812/1038/411 818/1045/417 819/1046/418
f 814/1033/407 813/1039/412 819/1046/418 820/1040/413
f 815/1041/414 820/1040/413 826/1047/419 821/1048/420
f 816/1042/415 815/1041/414 821/1048/420 822/1049/421
f 817/1044/416 816/1043/415 822/1050/421 823/1051/422
f 818/1045/417 817/1044/416 823/1051/422 824/1052/423
f 819/1046/418 818/1045/417 824/1052/423 825/1053/424
f 820/1040/413 819/1046/418 825/1053/424 826/1047/419
f 821/1048/420 826/1047/419 832/1054/425 827/1055/426
f 822/1049/421 821/1048/420 827/1055/426 828/1056/427
f 823/1051/422 822/1050/421 828/1057/427 829/1058/428
f 824/1052/423 823/1051/422 829/1058/428 830/1059/429
f 825/1053/424 824/1052/423 830/1059/429 831/1060/430
f 826/1047/419 825/1053/424 831/1060/430 832/1054/425
f 827/1055/426 832/1054/425 838/1061/431 833/1062/432
f 828/1056/427 827/1055/426 833/1062/432 834/1063/505
f 829/1058/428 828/1057/427 834/1064/505 835/1065/434
f 830/1059/429 829/1058/428 835/1065/434 836/1066/435
f 831/1060/430 830/1059/429 836/1066/435 837/1067/436
f 832/1054/425 831/1060/430 837/1067/436 838/1061/431
f 833/1062/432 838/1061/431 844/1068/437 839/1069/438
f 834/1063/505 833/1062/432 839/1069/438 840/1070/439
f 835/1065/434 834/1064/505 840/1071/439 841/1072/440
f 836/1066/435 835/1065/434 841/1072/440 842/1073/441
f 837/1067/436 836/1066/435 842/1073/441 843/1074/442
f 838/1061/431 837/1067/436 843/1074/442 844/1068/437
f 839/1069/438 844/1068/437 850/1075/443 845/1076/444
f 840/1070/439 839/1069/438 845/1076/444 846/1077/445
f 841/1072/440 840/1071/439 846/1078/445 847/1079/446
f 842/1073/441 841/1072/440 847/1079/446 848/1080/447
f 843/1074/442 842/1073/441 848/1080/447 849/1081/448
f 844/1068/437 843/1074/442 849/1081/448 850/1075/443
f 845/1076/444 850/1075/443 856/1082/449 851/1083/450
f 846/1077/445 845/1076/444 851/1083/450 852/1084/451
f 847/1079/446 846/1078/445 852/1085/451 853/1086/452
f 848/1080/447 847/1079/446 853/1086/452 854/1087/453
f 849/1081/448 848/1080/447 854/1087/453 855/1088/454
f 850/1075/443 849/1081/448 855/1088/454 856/1082/449
f 851/1083/450 856/1082/449 862/1089/455 857/1090/456
f 852/1084/451 851/1083/450 857/1090/456 858/1091/457
f 853/1086/452 852/1085/451 858/1092/457 859/1093/458
f 854/1087/453 853/1086/452 859/1093/458 860/1094/459
f 855/1088/454 854/1087/453 860/1094/459 861/1095/460
f 856/1082/449 855/1088/454 861/1095/460 862/1089/455
f 857/1090/456 862/1089/455 868/1096/461 863/1097/462
f 858/1091/457 857/1090/456 863/1097/462 864/1098/463
f 859/1093/458 858/1092/457 864/1099/463 865/1100/464
f 860/1094/459 859/1093/458 865/1100/464 866/1101/465
f 861/1095/460 860/1094/459 866/1101/465 867/1102/466
f 862/1089/455 861/1095/460 867/1102/466 868/1096/461
f 863/1097/462 868/1096/461 874/1103/467 869/1104/468
f 864/1098/463 863/1097/462 869/1104/468 870/1105/469
f 865/1100/464 864/1099/463 870/1106/469 871/1107/470
f 866/1101/465 865/1100/464 871/1107/470 872/1108/471
f 867/1102/466 866/1101/465 872/1108/471 873/1109/472
f 868/1096/461 867/1102/466 873/1109/472 874/1103/467
f 869/1104/468 874/1103/467 880/1110/473 875/1111/474
f 870/1105/469 869/1104/468 875/1111/474 876/1112/475
f 871/1107/470 870/1106/469 876/1113/475 877/1114/476
f 872/1108/471 871/1107/470 877/1114/476 878/1115/477
f 873/1109/472 872/1108/471 878/1115/477 879/1116/478
f 874/1103/467 873/1109/472 879/1116/478 880/1110/473
f 875/1111/474 880/1110/473 886/1117/479 881/1118/480
f 876/1112/475 875/1111/474 881/1118/480 882/1119/481
f 877/1114/476 876/1113/475 882/1120/481 883/1121/482
f 878/1115/477 877/1114/476 883/1121/482 884/1122/483
f 879/1116/478 878/1115/477 884/1122/483 885/1123/484
f 880/1110/473 879/1116/478 885/1123/484 886/1117/479
f 881/1118/480 886/1117/479 892/1124/485 887/1125/486
f 882/1119/481 881/1118/480 887/1125/486 888/1126/487
f 883/1121/482 882/1120/481 888/1127/487 889/1128/488
f 884/1122/483 883/1121/482 889/1128/488 890/1129/489
f 885/1123/484 884/1122/483 890/1129/489 891/1130/490
f 886/1117/479 885/1123/484 891/1130/490 892/1124/485
f 887/1125/486 892/1124/485 898/1131/491 893/1132/492
f 888/1126/487 887/1125/486 893/1132/492 894/1133/493
f 889/1128/488 888/1127/487 894/1134/493 895/1135/494
f 890/1129/489 889/1128/488 895/1135/494 896/1136/495
f 891/1130/490 890/1129/489 896/1136/495 897/1137/496
f 892/1124/485 891/1130/490 897/1137/496 898/1131/491
f 893/1132/492 898/1131/491 754/1138/347 749/1139/351
f 894/1133/493 893/1132/492 749/1139/351 750/1140/352
f 895/1135/494 894/1134/493 750/1141/352 751/1142/503
f 896/1136/495 895/1135/494 751/1142/503 752/1143/349
f 897/1137/496 896/1136/495 752/1143/349 753/1144/348
f 898/1131/491 897/1137/496 753/1144/348 754/1138/347
f 904/1145/497 902/1146/198 903/1147/199
f 904/1145/497 901/1148/200 902/1146/198
f 899/1149/201 901/1148/200 904/1145/497
f 899/1149/201 900/1150/498 901/1148/200
f 907/1151/203 909/1152/204 908/1153/205
f 907/1151/203 910/1154/206 909/1152/204
f 906/1155/207 910/1154/206 907/1151/203
f 906/1155/207 905/1156/208 910/1154/206
f 905/1157/208 911/1158/209 916/1159/210 910/1160/206
f 906/1161/207 912/1162/211 911/1158/209 905/1157/208
f 907/1163/203 913/1164/212 912/1165/211 906/1166/207
f 908/1167/205 914/1168/213 913/1164/212 907/1163/203
f 909/1169/204 915/1170/214 914/1168/213 908/1167/205
f 910/1160/206 916/1159/210 915/1170/214 909/1169/204
f 911/1158/209 917/1171/215 922/1172/216 916/1159/210
f 912/1162/211 918/1173/217 917/1171/215 911/1158/209
f 913/1164/212 919/1174/218 918/1175/217 912/1165/211
f 914/1168/213 920/1176/219 919/1174/218 913/1164/212
f 915/1170/214 921/1177/220 920/1176/219 914/1168/213
f 916/1159/210 922/1172/216 921/1177/220 915/1170/214
f 917/1171/215 923/1178/221 928/1179/222 922/1172/216
f 918/1173/217 924/1180/223 923/1178/221 917/1171/215
f 919/1174/218 925/1181/224 924/1182/223 918/1175/217
f 920/1176/219 926/1183/225 925/1181/224 919/1174/218
f 921/1177/220 927/1184/226 926/1183/225 920/1176/219
f 922/1172/216 928/1179/222 927/1184/226 921/1177/220
f 923/1178/221 929/1185/227 934/1186/228 928/1179/222
f 924/1180/223 930/1187/229 929/1185/227 923/1178/221
f 925/1181/224 931/1188/230 930/1189/229 924/1182/223
f 926/1183/225 932/1190/231 931/1188/230 925/1181/224
f 927/1184/226 933/1191/232 932/1190/231 926/1183/225
f 928/1179/222 934/1186/228 933/1191/232 927/1184/226
f 929/1185/227 935/1192/233 940/1193/234 934/1186/228
f 930/1187/229 936/1194/235 935/1192/233 929/1185/227
f 931/1188/230 937/1195/236 936/1196/235 930/1189/229
f 932/1190/231 938/1197/237 937/1195/236 931/1188/230
f 933/1191/232 939/1198/238 938/1197/237 932/1190/231
f 934/1186/228 940/1193/234 939/1198/238 933/1191/232
f 935/1192/233 941/1199/239 946/1200/240 940/1193/234
f 936/1194/235 942/1201/241 941/1199/239 935/1192/233
f 937/1195/236 943/1202/242 942/1203/241 936/1196/235
f 938/1197/237 944/1204/243 943/1202/242 937/1195/236
f 939/1198/238 945/1205/244 944/1204/243 938/1197/237
f 940/1193/234 946/1200/240 945/1205/244 939/1198/238
f 941/1199/239 947/1206/245 952/1207/246 946/1200/240
f 942/1201/241 948/1208/247 947/1206/245 941/1199/239
f 943/1202/242 949/1209/248 948/1210/247 942/1203/241
f 944/1204/243 950/1211/249 949/1209/248 943/1202/242
f 945/1205/244 951/1212/250 950/1211/249 944/1204/243
f 946/1200/240 952/1207/246 951/1212/250 945/1205/244
f 947/1206/245 953/1213/251 958/1214/252 952/1207/246
f 948/1208/247 954/1215/253 953/1213/251 947/1206/245
f 949/1209/248 955/1216/254 954/1217/253 948/1210/247
f 950/1211/249 956/1218/255 955/1216/254 949/1209/248
f 951/1212/250 957/1219/256 956/1218/255 950/1211/249
f 952/1207/246 958/1214/252 957/1219/256 951/1212/250
f 953/1213/251 959/1220/257 964/1221/258 958/1214/252
f 954/1215/253 960/1222/259 959/1220/257 953/1213/251
f 955/1216/254 961/1223/260 960/1224/259 954/1217/253
f 956/1218/255 962/1225/506 961/1223/260 955/1216/254
f 957/1219/256 963/1226/507 962/1225/506 956/1218/255
f 958/1214/252 964/1221/258 963/1226/507 957/1219/256
f 959/1220/257 965/1227/263 970/1228/264 964/1221/258
f 960/1222/259 966/1229/265 965/1227/263 959/1220/257
f 961/1223/260 967/1230/266 966/1231/265 960/1224/259
f 962/1225/506 968/1232/267 967/1230/266 961/1223/260
f 963/1226/507 969/1233/268 968/1232/267 962/1225/506
f 964/1221/258 970/1228/264 969/1233/268 963/1226/507
f 965/1227/263 971/1234/269 976/1235/270 970/1228/264
f 966/1229/265 972/1236/271 971/1234/269 965/1227/263
f 967/1230/266 973/1237/272 972/1238/271 966/1231/265
f 968/1232/267 974/1239/273 973/1237/272 967/1230/266
f 969/1233/268 975/1240/274 974/1239/273 968/1232/267
f 970/1228/264 976/1235/270 975/1240/274 969/1233/268
f 971/1234/269 977/1241/275 982/1242/276 976/1235/270
f 972/1236/271 978/1243/277 977/1241/275 971/1234/269
f 973/1237/272 979/1244/278 978/1245/277 972/1238/271
f 974/1239/273 980/1246/279 979/1244/278 973/1237/272
f 975/1240/274 981/1247/280 980/1246/279 974/1239/273
f 976/1235/270 982/1242/276 981/1247/280 975/1240/274
f 977/1241/275 983/1248/281 988/1249/282 982/1242/276
f 978/1243/277 984/1250/283 983/1248/281 977/1241/275
f 979/1244/278 985/1251/284 984/1252/283 978/1245/277
f 980/1246/279 986/1253/285 985/1251/284 979/1244/278
f 981/1247/280 987/1254/286 986/1253/285 980/1246/279
f 982/1242/276 988/1249/282 987/1254/286 981/1247/280
f 983/1248/281 989/1255/287 994/1256/288 988/1249/282
f 984/1250/283 990/1257/289 989/1255/287 983/1248/281
f 985/1251/284 991/1258/290 990/1259/289 984/1252/283
f 986/1253/285 992/1260/291 991/1258/290 985/1251/284
f 987/1254/286 993/1261/292 992/1260/291 986/1253/285
f 988/1249/282 994/1256/288 993/1261/292 987/1254/286
f 989/1255/287 995/1262/508 1000/1263/294 994/1256/288
f 990/1257/289 996/1264/509 995/1262/508 989/1255/287
f 991/1258/290 997/1265/296 996/1266/509 990/1259/289
f 992/1260/291 998/1267/297 997/1265/296 991/1258/290
f 993/1261/292 999/1268/298 998/1267/297 992/1260/291
f 994/1256/288 1000/1263/294 999/1268/298 993/1261/292
f 995/1262/508 1001/1269/299 1006/1270/300 1000/1263/294
f 996/1264/509 1002/1271/301 1001/1269/299 995/1262/508
f 997/1265/296 1003/1272/302 1002/1273/301 996/1266/509
f 998/1267/297 1004/1274/303 1003/1272/302 997/1265/296
f 999/1268/298 1005/1275/304 1004/1274/303 998/1267/297
f 1000/1263/294 1006/1270/300 1005/1275/304 999/1268/298
f 1001/1269/299 1007/1276/305 1012/1277/306 1006/1270/300
f 1002/1271/301 1008/1278/307 1007/1276/305 1001/1269/299
f 1003/1272/302 1009/1279/308 1008/1280/307 1002/1273/301
f 1004/1274/303 1010/1281/309 1009/1279/308 1003/1272/302
f 1005/1275/304 1011/1282/310 1010/1281/309 1004/1274/303
f 1006/1270/300 1012/1277/306 1011/1282/310 1005/1275/304
f 1007/1276/305 1013/1283/311 1018/1284/312 1012/1277/306
f 1008/1278/307 1014/1285/313 1013/1283/311 1007/1276/305
f 1009/1279/308 1015/1286/314 1014/1287/313 1008/1280/307
f 1010/1281/309 1016/1288/315 1015/1286/314 1009/1279/308
f 1011/1282/310 1017/1289/316 1016/1288/315 1010/1281/309
f 1012/1277/306 1018/1284/312 1017/1289/316 1011/1282/310
f 1013/1283/311 1019/1290/317 1024/1291/318 1018/1284/312
f 1014/1285/313 1020/1292/319 1019/1290/317 1013/1283/311
f 1015/1286/314 1021/1293/320 1020/1294/319 1014/1287/313
f 1016/1288/315 1022/1295/321 1021/1293/320 1015/1286/314
f 1017/1289/316 1023/1296/322 1022/1295/321 1016/1288/315
f 1018/1284/312 1024/1291/318 1023/1296/322 1017/1289/316
f 1019/1290/317 1025/1297/323 1030/1298/324 1024/1291/318
f 1020/1292/319 1026/1299/325 1025/1297/323 1019/1290/317
f 1021/1293/320 1027/1300/326 1026/1301/325 1020/1294/319
f 1022/1295/321 1028/1302/327 1027/1300/326 1021/1293/320
f 1023/1296/322 1029/1303/328 1028/1302/327 1022/1295/321
f 1024/1291/318 1030/1298/324 1029/1303/328 1023/1296/322
f 1025/1297/323 1031/1304/329 1036/1305/330 1030/1298/324
f 1026/1299/325 1032/1306/331 1031/1304/329 1025/1297/323
f 1027/1300/326 1033/1307/332 1032/1308/331 1026/1301/325
f 1028/1302/327 1034/1309/333 1033/1307/332 1027/1300/326
f 1029/1303/328 1035/1310/334 1034/1309/333 1028/1302/327
f 1030/1298/324 1036/1305/330 1035/1310/334 1029/1303/328
f 1031/1304/329 1037/1311/335 1042/1312/336 1036/1305/330
f 1032/1306/331 1038/1313/337 1037/1311/335 1031/1304/329
f 1033/1307/332 1039/1314/338 1038/1315/337 1032/1308/331
f 1034/1309/333 1040/1316/339 1039/1314/338 1033/1307/332
f 1035/1310/334 1041/1317/340 1040/1316/339 1034/1309/333
f 1036/1305/330 1042/1312/336 1041/1317/340 1035/1310/334
f 1037/1311/335 1043/1318/341 1048/1319/342 1042/1312/336
f 1038/1313/337 1044/1320/343 1043/1318/341 1037/1311/335
f 1039/1314/338 1045/1321/344 1044/1322/343 1038/1315/337
f 1040/1316/339 1046/1323/345 1045/1321/344 1039/1314/338
f 1041/1317/340 1047/1324/346 1046/1323/345 1040/1316/339
f 1042/1312/336 1048/1319/342 1047/1324/346 1041/1317/340
f 1043/1318/341 899/1325/201 904/1326/497 1048/1319/342
f 1044/1320/343 900/1327/498 899/1325/201 1043/1318/341
f 1045/1321/344 901/1328/200 900/1329/498 1044/1322/343
f 1046/1323/345 902/1330/198 901/1328/200 1045/1321/344
f 1047/1324/346 903/1331/199 902/1330/198 1046/1323/345
f 1048/1319/342 904/1326/497 903/1331/199 1047/1324/346
f 1054/1332/510 1053/1333/348 1052/1334/349
f 1054/1332/510 1052/1334/349 1051/1335/511
f 1049/1336/351 1054/1332/510 1051/1335/511
f 1049/1336/351 1051/1335/511 1050/1337/352
f 1057/1338/353 1058/1339/512 1059/1340/355
f 1057/1338/353 1059/1340/355 1060/1341/356
f 1056/1342/357 1057/1338/353 1060/1341/356
f 1056/1342/357 1060/1341/356 1055/1343/358
f 1055/1344/358 1060/1345/356 1066/1346/359 1061/1347/360
f 1056/1348/357 1055/1344/358 1061/1347/360 1062/1349/361
f 1057/1350/353 1056/1351/357 1062/1352/361 1063/1353/362
f 1058/1354/512 1057/1350/353 1063/1353/362 1064/1355/363
f 1059/1356/355 1058/1354/512 1064/1355/363 1065/1357/364
f 1060/1345/356 1059/1356/355 1065/1357/364 1066/1346/359
f 1061/1347/360 1066/1346/359 1072/1358/365 1067/1359/366
f 1062/1349/361 1061/1347/360 1067/1359/366 1068/1360/367
f 1063/1353/362 1062/1352/361 1068/1361/367 1069/1362/368
f 1064/1355/363 1063/1353/362 1069/1362/368 1070/1363/369
f 1065/1357/364 1064/1355/363 1070/1363/369 1071/1364/370
f 1066/1346/359 1065/1357/364 1071/1364/370 1072/1358/365
f 1067/1359/366 1072/1358/365 1078/1365/371 1073/1366/372
f 1068/1360/367 1067/1359/366 1073/1366/372 1074/1367/373
f 1069/1362/368 1068/1361/367 1074/1368/373 1075/1369/374
f 1070/1363/369 1069/1362/368 1075/1369/374 1076/1370/375
f 1071/1364/370 1070/1363/369 1076/1370/375 1077/1371/376
f 1072/1358/365 1071/1364/370 1077/1371/376 1078/1365/371
f 1073/1366/372 1078/1365/371 1084/1372/377 1079/1373/378
f 1074/1367/373 1073/1366/372 1079/1373/378 1080/1374/379
f 1075/1369/374 1074/1368/373 1080/1375/379 1081/1376/380
f 1076/1370/375 1075/1369/374 1081/1376/380 1082/1377/381
f 1077/1371/376 1076/1370/375 1082/1377/381 1083/1378/382
f 1078/1365/371 1077/1371/376 1083/1378/382 1084/1372/377
f 1079/1373/378 1084/1372/377 1090/1379/383 1085/1380/384
f 1080/1374/379 1079/1373/378 1085/1380/384 1086/1381/385
f 1081/1376/380 1080/1375/379 1086/1382/385 1087/1383/386
f 1082/1377/381 1081/1376/380 1087/1383/386 1088/1384/387
f 1083/1378/382 1082/1377/381 1088/1384/387 1089/1385/388
f 1084/1372/377 1083/1378/382 1089/1385/388 1090/1379/383
f 1085/1380/384 1090/1379/383 1096/1386/389 1091/1387/390
f 1086/1381/385 1085/1380/384 1091/1387/390 1092/1388/391
f 1087/1383/386 1086/1382/385 1092/1389/391 1093/1390/392
f 1088/1384/387 1087/1383/386 1093/1390/392 1094/1391/393
f 1089/1385/388 1088/1384/387 1094/1391/393 1095/1392/394
f 1090/1379/383 1089/1385/388 1095/1392/394 1096/1386/389
f 1091/1387/390 1096/1386/389 1102/1393/395 1097/1394/396
f 1092/1388/391 1091/1387/390 1097/1394/396 1098/1395/397
f 1093/1390/392 1092/1389/391 1098/1396/397 1099/1397/398
f 1094/1391/393 1093/1390/392 1099/1397/398 1100/1398/399
f 1095/1392/394 1094/1391/393 1100/1398/399 1101/1399/400
f 1096/1386/389 1095/1392/394 1101/1399/400 1102/1393/395
f 1097/1394/396 1102/1393/395 1108/1400/401 1103/1401/402
f 1098/1395/397 1097/1394/396 1103/1401/402 1104/1402/403
f 1099/1397/398 1098/1396/397 1104/1403/403 1105/1404/404
f 1100/1398/399 1099/1397/398 1105/1404/404 1106/1405/405
f 1101/1399/400 1100/1398/399 1106/1405/405 1107/1406/406
f 1102/1393/395 1101/1399/400 1107/1406/406 1108/1400/401
f 1103/1401/402 1108/1400/401 1114/1407/407 1109/1408/408
f 1104/1402/403 1103/1401/402 1109/1408/408 1110/1409/409
f 1105/1404/404 1104/1403/403 1110/1410/409 1111/1411/410
f 1106/1405/405 1105/1404/404 1111/1411/410 1112/1412/411
f 1107/1406/406 1106/1405/405 1112/1412/411 1113/1413/412
f 1108/1400/401 1107/1406/406 1113/1413/412 1114/1407/407
f 1109/1408/408 1114/1407/407 1120/1414/413 1115/1415/414
f 1110/1409/409 1109/1408/408 1115/1415/414 1116/1416/415
f 1111/1411/410 1110/1410/409 1116/1417/415 1117/1418/416
f 1112/1412/411 1111/1411/410 1117/1418/416 1118/1419/417
f 1113/1413/412 1112/1412/411 1118/1419/417 1119/1420/418
f 1114/1407/407 1113/1413/412 1119/1420/418 1120/1414/413
f 1115/1415/414 1120/1414/413 1126/1421/419 1121/1422/420
f 1116/1416/415 1115/1415/414 1121/1422/420 1122/1423/421
f 1117/1418/416 1116/1417/415 1122/1424/421 1123/1425/422
f 1118/1419/417 1117/1418/416 1123/1425/422 1124/1426/423
f 1119/1420/418 1118/1419/417 1124/1426/423 1125/1427/424
f 1120/1414/413 1119/1420/418 1125/1427/424 1126/1421/419
f 1121/1422/420 1126/1421/419 1132/1428/425 1127/1429/426
f 1122/1423/421 1121/1422/420 1127/1429/426 1128/1430/427
f 1123/1425/422 1122/1424/421 1128/1431/427 1129/1432/428
f 1124/1426/423 1123/1425/422 1129/1432/428 1130/1433/429
f 1125/1427/424 1124/1426/423 1130/1433/429 1131/1434/430
f 1126/1421/419 1125/1427/424 1131/1434/430 1132/1428/425
f 1127/1429/426 1132/1428/425 1138/1435/431 1133/1436/513
f 1128/1430/427 1127/1429/426 1133/1436/513 1134/1437/514
f 1129/1432/428 1128/1431/427 1134/1438/514 1135/1439/434
f 1130/1433/429 1129/1432/428 1135/1439/434 1136/1440/435
f 1131/1434/430 1130/1433/429 1136/1440/435 1137/1441/436
f 1132/1428/425 1131/1434/430 1137/1441/436 1138/1435/431
f 1133/1436/513 1138/1435/431 1144/1442/437 1139/1443/438
f 1134/1437/514 1133/1436/513 1139/1443/438 1140/1444/439
f 1135/1439/434 1134/1438/514 1140/1445/439 1141/1446/440
f 1136/1440/435 1135/1439/434 1141/1446/440 1142/1447/441
f 1137/1441/436 1136/1440/435 1142/1447/441 1143/1448/442
f 1138/1435/431 1137/1441/436 1143/1448/442 1144/1442/437
f 1139/1443/438 1144/1442/437 1150/1449/443 1145/1450/444
f 1140/1444/439 1139/1443/438 1145/1450/444 1146/1451/445
f 1141/1446/440 1140/1445/439 1146/1452/445 1147/1453/446
f 1142/1447/441 1141/1446/440 1147/1453/446 1148/1454/447
f 1143/1448/442 1142/1447/441 1148/1454/447 1149/1455/448
f 1144/1442/437 1143/1448/442 1149/1455/448 1150/1449/443
f 1145/1450/444 1150/1449/443 1156/1456/449 1151/1457/450
f 1146/1451/445 1145/1450/444 1151/1457/450 1152/1458/451
f 1147/1453/446 1146/1452/445 1152/1459/451 1153/1460/452
f 1148/1454/447 1147/1453/446 1153/1460/452 1154/1461/453
f 1149/1455/448 1148/1454/447 1154/1461/453 1155/1462/454
f 1150/1449/443 1149/1455/448 1155/1462/454 1156/1456/449
f 1151/1457/450 1156/1456/449 1162/1463/455 1157/1464/456
f 1152/1458/451 1151/1457/450 1157/1464/456 1158/1465/457
f 1153/1460/452 1152/1459/451 1158/1466/457 1159/1467/458
f 1154/1461/453 1153/1460/452 1159/1467/458 1160/1468/459
f 1155/1462/454 1154/1461/453 1160/1468/459 1161/1469/460
f 1156/1456/449 1155/1462/454 1161/1469/460 1162/1463/455
f 1157/1464/456 1162/1463/455 1168/1470/461 1163/1471/462
f 1158/1465/457 1157/1464/456 1163/1471/462 1164/1472/463
f 1159/1467/458 1158/1466/457 1164/1473/463 1165/1474/464
f 1160/1468/459 1159/1467/458 1165/1474/464 1166/1475/465
f 1161/1469/460 1160/1468/459 1166/1475/465 1167/1476/466
f 1162/1463/455 1161/1469/460 1167/1476/466 1168/1470/461
f 1163/1471/462 1168/1470/461 1174/1477/467 1169/1478/468
f 1164/1472/463 1163/1471/462 1169/1478/468 1170/1479/469
f 1165/1474/464 1164/1473/463 1170/1480/469 1171/1481/470
f 1166/1475/465 1165/1474/464 1171/1481/470 1172/1482/471
f 1167/1476/466 1166/1475/465 1172/1482/471 1173/1483/472
f 1168/1470/461 1167/1476/466 1173/1483/472 1174/1477/467
f 1169/1478/468 1174/1477/467 1180/1484/473 1175/1485/474
f 1170/1479/469 1169/1478/468 1175/1485/474 1176/1486/475
f 1171/1481/470 1170/1480/469 1176/1487/475 1177/1488/476
f 1172/1482/471 1171/1481/470 1177/1488/476 1178/1489/477
f 1173/1483/472 1172/1482/471 1178/1489/477 1179/1490/478
f 1174/1477/467 1173/1483/472 1179/1490/478 1180/1484/473
f 1175/1485/474 1180/1484/473 1186/1491/479 1181/1492/480
f 1176/1486/475 1175/1485/474 1181/1492/480 1182/1493/481
f 1177/1488/476 1176/1487/475 1182/1494/481 1183/1495/482
f 1178/1489/477 1177/1488/476 1183/1495/482 1184/1496/483
f 1179/1490/478 1178/1489/477 1184/1496/483 1185/1497/484
f 1180/1484/473 1179/1490/478 1185/1497/484 1186/1491/479
f 1181/1492/480 1186/1491/479 1192/1498/485 1187/1499/486
f 1182/1493/481 1181/1492/480 1187/1499/486 1188/1500/487
f 1183/1495/482 1182/1494/481 1188/1501/487 1189/1502/488
f 1184/1496/483 1183/1495/482 1189/1502/488 1190/1503/489
f 1185/1497/484 1184/1496/483 1190/1503/489 1191/1504/490
f 1186/1491/479 1185/1497/484 1191/1504/490 1192/1498/485
f 1187/1499/486 1192/1498/485 1198/1505/491 1193/1506/492
f 1188/1500/487 1187/1499/486 1193/1506/492 1194/1507/493
f 1189/1502/488 1188/1501/487 1194/1508/493 1195/1509/494
f 1190/1503/489 1189/1502/488 1195/1509/494 1196/1510/495
f 1191/1504/490 1190/1503/489 1196/1510/495 1197/1511/496
f 1192/1498/485 1191/1504/490 1197/1511/496 1198/1505/491
f 1193/1506/492 1198/1505/491 1054/1512/510 1049/1513/351
f 1194/1507/493 1193/1506/492 1049/1513/351 1050/1514/352
f 1195/1509/494 1194/1508/493 1050/1515/352 1051/1516/511
f 1196/1510/495 1195/1509/494 1051/1516/511 1052/1517/349
f 1197/1511/496 1196/1510/495 1052/1517/349 1053/1518/348
f 1198/1505/491 1197/1511/496 1053/1518/348 1054/1512/510
f 1204/1519/197 1202/1520/515 1203/1521/516
f 1204/1519/197 1201/1522/517 1202/1520/515
f 1199/1523/518 1201/1522/517 1204/1519/197
f 1199/1523/518 1200/1524/519 1201/1522/517
f 1207/1525/203 1209/1526/204 1208/1527/499
f 1207/1525/203 1210/1528/206 1209/1526/204
f 1206/1529/500 1210/1528/206 1207/1525/203
f 1206/1529/500 1205/1530/208 1210/1528/206
f 1205/1531/208 1211/1532/209 1216/1533/520 1210/1534/206
f 1206/1535/500 1212/1536/211 1211/1532/209 1205/1531/208
f 1207/1537/203 1213/1538/521 1212/1539/211 1206/1540/500
f 1208/1541/499 1214/1542/213 1213/1538/521 1207/1537/203
f 1209/1543/204 1215/1544/214 1214/1542/213 1208/1541/499
f 1210/1534/206 1216/1533/520 1215/1544/214 1209/1543/204
f 1211/1532/209 1217/1545/215 1222/1546/216 1216/1533/520
f 1212/1536/211 1218/1547/217 1217/1545/215 1211/1532/209
f 1213/1538/521 1219/1548/218 1218/1549/217 1212/1539/211
f 1214/1542/213 1220/1550/219 1219/1548/218 1213/1538/521
f 1215/1544/214 1221/1551/220 1220/1550/219 1214/1542/213
f 1216/1533/520 1222/1546/216 1221/1551/220 1215/1544/214
f 1217/1545/215 1223/1552/221 1228/1553/222 1222/1546/216
f 1218/1547/217 1224/1554/223 1223/1552/221 1217/1545/215
f 1219/1548/218 1225/1555/224 1224/1556/223 1218/1549/217
f 1220/1550/219 1226/1557/225 1225/1555/224 1219/1548/218
f 1221/1551/220 1227/1558/226 1226/1557/225 1220/1550/219
f 1222/1546/216 1228/1553/222 1227/1558/226 1221/1551/220
f 1223/1552/221 1229/1559/227 1234/1560/228 1228/1553/222
f 1224/1554/223 1230/1561/229 1229/1559/227 1223/1552/221
f 1225/1555/224 1231/1562/230 1230/1563/229 1224/1556/223
f 1226/1557/225 1232/1564/231 1231/1562/230 1225/1555/224
f 1227/1558/226 1233/1565/232 1232/1564/231 1226/1557/225
f 1228/1553/222 1234/1560/228 1233/1565/232 1227/1558/226
f 1229/1559/227 1235/1566/233 1240/1567/234 1234/1560/228
f 1230/1561/229 1236/1568/235 1235/1566/233 1229/1559/227
f 1231/1562/230 1237/1569/236 1236/1570/235 1230/1563/229
f 1232/1564/231 1238/1571/237 1237/1569/236 1231/1562/230
f 1233/1565/232 1239/1572/238 1238/1571/237 1232/1564/231
f 1234/1560/228 1240/1567/234 1239/1572/238 1233/1565/232
f 1235/1566/233 1241/1573/239 1246/1574/240 1240/1567/234
f 1236/1568/235 1242/1575/241 1241/1573/239 1235/1566/233
f 1237/1569/236 1243/1576/242 1242/1577/241 1236/1570/235
f 1238/1571/237 1244/1578/243 1243/1576/242 1237/1569/236
f 1239/1572/238 1245/1579/244 1244/1578/243 1238/1571/237
f 1240/1567/234 1246/1574/240 1245/1579/244 1239/1572/238
f 1241/1573/239 1247/1580/245 1252/1581/246 1246/1574/240
f 1242/1575/241 1248/1582/247 1247/1580/245 1241/1573/239
f 1243/1576/242 1249/1583/248 1248/1584/247 1242/1577/241
f 1244/1578/243 1250/1585/249 1249/1583/248 1243/1576/242
f 1245/1579/244 1251/1586/250 1250/1585/249 1244/1578/243
f 1246/1574/240 1252/1581/246 1251/1586/250 1245/1579/244
f 1247/1580/245 1253/1587/251 1258/1588/252 1252/1581/246
f 1248/1582/247 1254/1589/253 1253/1587/251 1247/1580/245
f 1249/1583/248 1255/1590/254 1254/1591/253 1248/1584/247
f 1250/1585/249 1256/1592/255 1255/1590/254 1249/1583/248
f 1251/1586/250 1257/1593/256 1256/1592/255 1250/1585/249
f 1252/1581/246 1258/1588/252 1257/1593/256 1251/1586/250
f 1253/1587/251 1259/1594/257 1264/1595/258 1258/1588/252
f 1254/1589/253 1260/1596/259 1259/1594/257 1253/1587/251
f 1255/1590/254 1261/1597/260 1260/1598/259 1254/1591/253
f 1256/1592/255 1262/1599/261 1261/1597/260 1255/1590/254
f 1257/1593/256 1263/1600/262 1262/1599/261 1256/1592/255
f 1258/1588/252 1264/1595/258 1263/1600/262 1257/1593/256
f 1259/1594/257 1265/1601/263 1270/1602/264 1264/1595/258
f 1260/1596/259 1266/1603/265 1265/1601/263 1259/1594/257
f 1261/1597/260 1267/1604/266 1266/1605/265 1260/1598/259
f 1262/1599/261 1268/1606/267 1267/1604/266 1261/1597/260
f 1263/1600/262 1269/1607/268 1268/1606/267 1262/1599/261
f 1264/1595/258 1270/1602/264 1269/1607/268 1263/1600/262
f 1265/1601/263 1271/1608/269 1276/1609/270 1270/1602/264
f 1266/1603/265 1272/1610/522 1271/1608/269 1265/1601/263
f 1267/1604/266 1273/1611/272 1272/1612/522 1266/1605/265
f 1268/1606/267 1274/1613/273 1273/1611/272 1267/1604/266
f 1269/1607/268 1275/1614/274 1274/1613/273 1268/1606/267
f 1270/1602/264 1276/1609/270 1275/1614/274 1269/1607/268
f 1271/1608/269 1277/1615/275 1282/1616/276 1276/1609/270
f 1272/1610/522 1278/1617/277 1277/1615/275 1271/1608/269
f 1273/1611/272 1279/1618/278 1278/1619/277 1272/1612/522
f 1274/1613/273 1280/1620/279 1279/1618/278 1273/1611/272
f 1275/1614/274 1281/1621/280 1280/1620/279 1274/1613/273
f 1276/1609/270 1282/1616/276 1281/1621/280 1275/1614/274
f 1277/1615/275 1283/1622/502 1288/1623/282 1282/1616/276
f 1278/1617/277 1284/1624/523 1283/1622/502 1277/1615/275
f 1279/1618/278 1285/1625/284 1284/1626/523 1278/1619/277
f 1280/1620/279 1286/1627/285 1285/1625/284 1279/1618/278
f 1281/1621/280 1287/1628/286 1286/1627/285 1280/1620/279
f 1282/1616/276 1288/1623/282 1287/1628/286 1281/1621/280
f 1283/1622/502 1289/1629/287 1294/1630/288 1288/1623/282
f 1284/1624/523 1290/1631/289 1289/1629/287 1283/1622/502
f 1285/1625/284 1291/1632/524 1290/1633/289 1284/1626/523
f 1286/1627/285 1292/1634/291 1291/1632/524 1285/1625/284
f 1287/1628/286 1293/1635/292 1292/1634/291 1286/1627/285
f 1288/1623/282 1294/1630/288 1293/1635/292 1287/1628/286
f 1289/1629/287 1295/1636/293 1300/1637/294 1294/1630/288
f 1290/1631/289 1296/1638/295 1295/1636/293 1289/1629/287
f 1291/1632/524 1297/1639/296 1296/1640/295 1290/1633/289
f 1292/1634/291 1298/1641/297 1297/1639/296 1291/1632/524
f 1293/1635/292 1299/1642/298 1298/1641/297 1292/1634/291
f 1294/1630/288 1300/1637/294 1299/1642/298 1293/1635/292
f 1295/1636/293 1301/1643/299 1306/1644/300 1300/1637/294
f 1296/1638/295 1302/1645/301 1301/1643/299 1295/1636/293
f 1297/1639/296 1303/1646/302 1302/1647/301 1296/1640/295
f 1298/1641/297 1304/1648/303 1303/1646/302 1297/1639/296
f 1299/1642/298 1305/1649/304 1304/1648/303 1298/1641/297
f 1300/1637/294 1306/1644/300 1305/1649/304 1299/1642/298
f 1301/1643/299 1307/1650/305 1312/1651/306 1306/1644/300
f 1302/1645/301 1308/1652/307 1307/1650/305 1301/1643/299
f 1303/1646/302 1309/1653/308 1308/1654/307 1302/1647/301
f 1304/1648/303 1310/1655/309 1309/1653/308 1303/1646/302
f 1305/1649/304 1311/1656/310 1310/1655/309 1304/1648/303
f 1306/1644/300 1312/1651/306 1311/1656/310 1305/1649/304
f 1307/1650/305 1313/1657/311 1318/1658/312 1312/1651/306
f 1308/1652/307 1314/1659/313 1313/1657/311 1307/1650/305
f 1309/1653/308 1315/1660/314 1314/1661/313 1308/1654/307
f 1310/1655/309 1316/1662/315 1315/1660/314 1309/1653/308
f 1311/1656/310 1317/1663/316 1316/1662/315 1310/1655/309
f 1312/1651/306 1318/1658/312 1317/1663/316 1311/1656/310
f 1313/1657/311 1319/1664/317 1324/1665/318 1318/1658/312
f 1314/1659/313 1320/1666/319 1319/1664/317 1313/1657/311
f 1315/1660/314 1321/1667/320 1320/1668/319 1314/1661/313
f 1316/1662/315 1322/1669/321 1321/1667/320 1315/1660/314
f 1317/1663/316 1323/1670/322 1322/1669/321 1316/1662/315
f 1318/1658/312 1324/1665/318 1323/1670/322 1317/1663/316
f 1319/1664/317 1325/1671/323 1330/1672/324 1324/1665/318
f 1320/1666/319 1326/1673/325 1325/1671/323 1319/1664/317
f 1321/1667/320 1327/1674/326 1326/1675/325 1320/1668/319
f 1322/1669/321 1328/1676/327 1327/1674/326 1321/1667/320
f 1323/1670/322 1329/1677/328 1328/1676/327 1322/1669/321
f 1324/1665/318 1330/1672/324 1329/1677/328 1323/1670/322
f 1325/1671/323 1331/1678/329 1336/1679/330 1330/1672/324
f 1326/1673/325 1332/1680/331 1331/1678/329 1325/1671/323
f 1327/1674/326 1333/1681/332 1332/1682/331 1326/1675/325
f 1328/1676/327 1334/1683/333 1333/1681/332 1327/1674/326
f 1329/1677/328 1335/1684/334 1334/1683/333 1328/1676/327
f 1330/1672/324 1336/1679/330 1335/1684/334 1329/1677/328
f 1331/1678/329 1337/1685/335 1342/1686/336 1336/1679/330
f 1332/1680/331 1338/1687/337 1337/1685/335 1331/1678/329
f 1333/1681/332 1339/1688/338 1338/1689/337 1332/1682/331
f 1334/1683/333 1340/1690/339 1339/1688/338 1333/1681/332
f 1335/1684/334 1341/1691/340 1340/1690/339 1334/1683/333
f 1336/1679/330 1342/1686/336 1341/1691/340 1335/1684/334
f 1337/1685/335 1343/1692/341 1348/1693/342 1342/1686/336
f 1338/1687/337 1344/1694/343 1343/1692/341 1337/1685/335
f 1339/1688/338 1345/1695/525 1344/1696/343 1338/1689/337
f 1340/1690/339 1346/1697/526 1345/1695/525 1339/1688/338
f 1341/1691/340 1347/1698/527 1346/1697/526 1340/1690/339
f 1342/1686/336 1348/1693/342 1347/1698/527 1341/1691/340
f 1343/1692/341 1199/1699/518 1204/1700/197 1348/1693/342
f 1344/1694/343 1200/1701/519 1199/1699/518 1343/1692/341
f 1345/1695/525 1201/1702/517 1200/1703/519 1344/1696/343
f 1346/1697/526 1202/1704/515 1201/1702/517 1345/1695/525
f 1347/1698/527 1203/1705/516 1202/1704/515 1346/1697/526
f 1348/1693/342 1204/1700/197 1203/1705/516 1347/1698/527
f 1354/1706/347 1353/1707/348 1352/1708/349
f 1354/1706/347 1352/1708/349 1351/1709/350
f 1349/1710/351 1354/1706/347 1351/1709/350
f 1349/1710/351 1351/1709/350 1350/1711/528
f 1357/1712/353 1358/1713/512 1359/1714/355
f 1357/1712/353 1359/1714/355 1360/1715/356
f 1356/1716/529 1357/1712/353 1360/1715/356
f 1356/1716/529 1360/1715/356 1355/1717/530
f 1355/1718/530 1360/1719/356 1366/1720/359 1361/1721/360
f 1356/1722/529 1355/1718/530 1361/1721/360 1362/1723/361
f 1357/1724/353 1356/1725/529 1362/1726/361 1363/1727/362
f 1358/1728/512 1357/1724/353 1363/1727/362 1364/1729/363
f 1359/1730/355 1358/1728/512 1364/1729/363 1365/1731/364
f 1360/1719/356 1359/1730/355 1365/1731/364 1366/1720/359
f 1361/1721/360 1366/1720/359 1372/1732/365 1367/1733/366
f 1362/1723/361 1361/1721/360 1367/1733/366 1368/1734/367
f 1363/1727/362 1362/1726/361 1368/1735/367 1369/1736/368
f 1364/1729/363 1363/1727/362 1369/1736/368 1370/1737/369
f 1365/1731/364 1364/1729/363 1370/1737/369 1371/1738/370
f 1366/1720/359 1365/1731/364 1371/1738/370 1372/1732/365
f 1367/1733/366 1372/1732/365 1378/1739/371 1373/1740/372
f 1368/1734/367 1367/1733/366 1373/1740/372 1374/1741/373
f 1369/1736/368 1368/1735/367 1374/1742/373 1375/1743/374
f 1370/1737/369 1369/1736/368 1375/1743/374 1376/1744/375
f 1371/1738/370 1370/1737/369 1376/1744/375 1377/1745/376
f 1372/1732/365 1371/1738/370 1377/1745/376 1378/1739/371
f 1373/1740/372 1378/1739/371 1384/1746/377 1379/1747/378
f 1374/1741/373 1373/1740/372 1379/1747/378 1380/1748/379
f 1375/1743/374 1374/1742/373 1380/1749/379 1381/1750/380
f 1376/1744/375 1375/1743/374 1381/1750/380 1382/1751/381
f 1377/1745/376 1376/1744/375 1382/1751/381 1383/1752/382
f 1378/1739/371 1377/1745/376 1383/1752/382 1384/1746/377
f 1379/1747/378 1384/1746/377 1390/1753/383 1385/1754/384
f 1380/1748/379 1379/1747/378 1385/1754/384 1386/1755/385
f 1381/1750/380 1380/1749/379 1386/1756/385 1387/1757/386
f 1382/1751/381 1381/1750/380 1387/1757/386 1388/1758/387
f 1383/1752/382 1382/1751/381 1388/1758/387 1389/1759/388
f 1384/1746/377 1383/1752/382 1389/1759/388 1390/1753/383
f 1385/1754/384 1390/1753/383 1396/1760/389 1391/1761/390
f 1386/1755/385 1385/1754/384 1391/1761/390 1392/1762/391
f 1387/1757/386 1386/1756/385 1392/1763/391 1393/1764/392
f 1388/1758/387 1387/1757/386 1393/1764/392 1394/1765/393
f 1389/1759/388 1388/1758/387 1394/1765/393 1395/1766/394
f 1390/1753/383 1389/1759/388 1395/1766/394 1396/1760/389
f 1391/1761/390 1396/1760/389 1402/1767/395 1397/1768/396
f 1392/1762/391 1391/1761/390 1397/1768/396 1398/1769/397
f 1393/1764/392 1392/1763/391 1398/1770/397 1399/1771/398
f 1394/1765/393 1393/1764/392 1399/1771/398 1400/1772/399
f 1395/1766/394 1394/1765/393 1400/1772/399 1401/1773/400
f 1396/1760/389 1395/1766/394 1401/1773/400 1402/1767/395
f 1397/1768/396 1402/1767/395 1408/1774/401 1403/1775/402
f 1398/1769/397 1397/1768/396 1403/1775/402 1404/1776/403
f 1399/1771/398 1398/1770/397 1404/1777/403 1405/1778/404
f 1400/1772/399 1399/1771/398 1405/1778/404 1406/1779/405
f 1401/1773/400 1400/1772/399 1406/1779/405 1407/1780/406
f 1402/1767/395 1401/1773/400 1407/1780/406 1408/1774/401
f 1403/1775/402 1408/1774/401 1414/1781/407 1409/1782/408
f 1404/1776/403 1403/1775/402 1409/1782/408 1410/1783/409
f 1405/1778/404 1404/1777/403 1410/1784/409 1411/1785/410
f 1406/1779/405 1405/1778/404 1411/1785/410 1412/1786/411
f 1407/1780/406 1406/1779/405 1412/1786/411 1413/1787/412
f 1408/1774/401 1407/1780/406 1413/1787/412 1414/1781/407
f 1409/1782/408 1414/1781/407 1420/1788/413 1415/1789/414
f 1410/1783/409 1409/1782/408 1415/1789/414 1416/1790/415
f 1411/1785/410 1410/1784/409 1416/1791/415 1417/1792/416
f 1412/1786/411 1411/1785/410 1417/1792/416 1418/1793/417
f 1413/1787/412 1412/1786/411 1418/1793/417 1419/1794/418
f 1414/1781/407 1413/1787/412 1419/1794/418 1420/1788/413
f 1415/1789/414 1420/1788/413 1426/1795/419 1421/1796/420
f 1416/1790/415 1415/1789/414 1421/1796/420 1422/1797/421
f 1417/1792/416 1416/1791/415 1422/1798/421 1423/1799/422
f 1418/1793/417 1417/1792/416 1423/1799/422 1424/1800/423
f 1419/1794/418 1418/1793/417 1424/1800/423 1425/1801/424
f 1420/1788/413 1419/1794/418 1425/1801/424 1426/1795/419
f 1421/1796/420 1426/1795/419 1432/1802/425 1427/1803/426
f 1422/1797/421 1421/1796/420 1427/1803/426 1428/1804/427
f 1423/1799/422 1422/1798/421 1428/1805/427 1429/1806/428
f 1424/1800/423 1423/1799/422 1429/1806/428 1430/1807/429
f 1425/1801/424 1424/1800/423 1430/1807/429 1431/1808/430
f 1426/1795/419 1425/1801/424 1431/1808/430 1432/1802/425
f 1427/1803/426 1432/1802/425 1438/1809/431 1433/1810/432
f 1428/1804/427 1427/1803/426 1433/1810/432 1434/1811/433
f 1429/1806/428 1428/1805/427 1434/1812/433 1435/1813/434
f 1430/1807/429 1429/1806/428 1435/1813/434 1436/1814/435
f 1431/1808/430 1430/1807/429 1436/1814/435 1437/1815/436
f 1432/1802/425 1431/1808/430 1437/1815/436 1438/1809/431
f 1433/1810/432 1438/1809/431 1444/1816/437 1439/1817/438
f 1434/1811/433 1433/1810/432 1439/1817/438 1440/1818/439
f 1435/1813/434 1434/1812/433 1440/1819/439 1441/1820/440
f 1436/1814/435 1435/1813/434 1441/1820/440 1442/1821/441
f 1437/1815/436 1436/1814/435 1442/1821/441 1443/1822/442
f 1438/1809/431 1437/1815/436 1443/1822/442 1444/1816/437
f 1439/1817/438 1444/1816/437 1450/1823/443 1445/1824/444
f 1440/1818/439 1439/1817/438 1445/1824/444 1446/1825/445
f 1441/1820/440 1440/1819/439 1446/1826/445 1447/1827/446
f 1442/1821/441 1441/1820/440 1447/1827/446 1448/1828/447
f 1443/1822/442 1442/1821/441 1448/1828/447 1449/1829/448
f 1444/1816/437 1443/1822/442 1449/1829/448 1450/1823/443
f 1445/1824/444 1450/1823/443 1456/1830/449 1451/1831/450
f 1446/1825/445 1445/1824/444 1451/1831/450 1452/1832/451
f 1447/1827/446 1446/1826/445 1452/1833/451 1453/1834/452
f 1448/1828/447 1447/1827/446 1453/1834/452 1454/1835/453
f 1449/1829/448 1448/1828/447 1454/1835/453 1455/1836/454
f 1450/1823/443 1449/1829/448 1455/1836/454 1456/1830/449
f 1451/1831/450 1456/1830/449 1462/1837/455 1457/1838/456
f 1452/1832/451 1451/1831/450 1457/1838/456 1458/1839/457
f 1453/1834/452 1452/1833/451 1458/1840/457 1459/1841/458
f 1454/1835/453 1453/1834/452 1459/1841/458 1460/1842/459
f 1455/1836/454 1454/1835/453 1460/1842/459 1461/1843/460
f 1456/1830/449 1455/1836/454 1461/1843/460 1462/1837/455
f 1457/1838/456 1462/1837/455 1468/1844/461 1463/1845/462
f 1458/1839/457 1457/1838/456 1463/1845/462 1464/1846/463
f 1459/1841/458 1458/1840/457 1464/1847/463 1465/1848/464
f 1460/1842/459 1459/1841/458 1465/1848/464 1466/1849/465
f 1461/1843/460 1460/1842/459 1466/1849/465 1467/1850/466
f 1462/1837/455 1461/1843/460 1467/1850/466 1468/1844/461
f 1463/1845/462 1468/1844/461 1474/1851/467 1469/1852/468
f 1464/1846/463 1463/1845/462 1469/1852/468 1470/1853/469
f 1465/1848/464 1464/1847/463 1470/1854/469 1471/1855/470
f 1466/1849/465 1465/1848/464 1471/1855/470 1472/1856/471
f 1467/1850/466 1466/1849/465 1472/1856/471 1473/1857/472
f 1468/1844/461 1467/1850/466 1473/1857/472 1474/1851/467
f 1469/1852/468 1474/1851/467 1480/1858/473 1475/1859/474
f 1470/1853/469 1469/1852/468 1475/1859/474 1476/1860/475
f 1471/1855/470 1470/1854/469 1476/1861/475 1477/1862/476
f 1472/1856/471 1471/1855/470 1477/1862/476 1478/1863/477
f 1473/1857/472 1472/1856/471 1478/1863/477 1479/1864/478
f 1474/1851/467 1473/1857/472 1479/1864/478 1480/1858/473
f 1475/1859/474 1480/1858/473 1486/1865/479 1481/1866/480
f 1476/1860/475 1475/1859/474 1481/1866/480 1482/1867/481
f 1477/1862/476 1476/1861/475 1482/1868/481 1483/1869/482
f 1478/1863/477 1477/1862/476 1483/1869/482 1484/1870/483
f 1479/1864/478 1478/1863/477 1484/1870/483 1485/1871/484
f 1480/1858/473 1479/1864/478 1485/1871/484 1486/1865/479
f 1481/1866/480 1486/1865/479 1492/1872/485 1487/1873/486
f 1482/1867/481 1481/1866/480 1487/1873/486 1488/1874/487
f 1483/1869/482 1482/1868/481 1488/1875/487 1489/1876/488
f 1484/1870/483 1483/1869/482 1489/1876/488 1490/1877/489
f 1485/1871/484 1484/1870/483 1490/1877/489 1491/1878/490
f 1486/1865/479 1485/1871/484 1491/1878/490 1492/1872/485
f 1487/1873/486 1492/1872/485 1498/1879/491 1493/1880/492
f 1488/1874/487 1487/1873/486 1493/1880/492 1494/1881/493
f 1489/1876/488 1488/1875/487 1494/1882/493 1495/1883/494
f 1490/1877/489 1489/1876/488 1495/1883/494 1496/1884/495
f 1491/1878/490 1490/1877/489 1496/1884/495 1497/1885/496
f 1492/1872/485 1491/1878/490 1497/1885/496 1498/1879/491
f 1493/1880/492 1498/1879/491 1354/1886/347 1349/1887/351
f 1494/1881/493 1493/1880/492 1349/1887/351 1350/1888/528
f 1495/1883/494 1494/1882/493 1350/1889/528 1351/1890/350
f 1496/1884/495 1495/1883/494 1351/1890/350 1352/1891/349
f 1497/1885/496 1496/1884/495 1352/1891/349 1353/1892/348
f 1498/1879/491 1497/1885/496 1353/1892/348 1354/1886/347
f 1504/1893/531 1502/1894/198 1503/1895/199
f 1504/1893/531 1501/1896/517 1502/1894/198
f 1499/1897/518 1501/1896/517 1504/1893/531
f 1499/1897/518 1500/1898/519 1501/1896/517
f 1507/1899/203 1509/1900/204 1508/1901/205
f 1507/1899/203 1510/1902/532 1509/1900/204
f 1506/1903/207 1510/1902/532 1507/1899/203
f 1506/1903/207 1505/1904/208 1510/1902/532
f 1505/1905/208 1511/1906/209 1516/1907/210 1510/1908/532
f 1506/1909/207 1512/1910/211 1511/1906/209 1505/1905/208
f 1507/1911/203 1513/1912/212 1512/1913/211 1506/1914/207
f 1508/1915/205 1514/1916/213 1513/1912/212 1507/1911/203
f 1509/1917/204 1515/1918/214 1514/1916/213 1508/1915/205
f 1510/1908/532 1516/1907/210 1515/1918/214 1509/1917/204
f 1511/1906/209 1517/1919/215 1522/1920/216 1516/1907/210
f 1512/1910/211 1518/1921/217 1517/1919/215 1511/1906/209
f 1513/1912/212 1519/1922/218 1518/1923/217 1512/1913/211
f 1514/1916/213 1520/1924/219 1519/1922/218 1513/1912/212
f 1515/1918/214 1521/1925/220 1520/1924/219 1514/1916/213
f 1516/1907/210 1522/1920/216 1521/1925/220 1515/1918/214
f 1517/1919/215 1523/1926/221 1528/1927/222 1522/1920/216
f 1518/1921/217 1524/1928/223 1523/1926/221 1517/1919/215
f 1519/1922/218 1525/1929/224 1524/1930/223 1518/1923/217
f 1520/1924/219 1526/1931/225 1525/1929/224 1519/1922/218
f 1521/1925/220 1527/1932/226 1526/1931/225 1520/1924/219
f 1522/1920/216 1528/1927/222 1527/1932/226 1521/1925/220
f 1523/1926/221 1529/1933/227 1534/1934/533 1528/1927/222
f 1524/1928/223 1530/1935/229 1529/1933/227 1523/1926/221
f 1525/1929/224 1531/1936/534 1530/1937/229 1524/1930/223
f 1526/1931/225 1532/1938/231 1531/1936/534 1525/1929/224
f 1527/1932/226 1533/1939/232 1532/1938/231 1526/1931/225
f 1528/1927/222 1534/1934/533 1533/1939/232 1527/1932/226
f 1529/1933/227 1535/1940/233 1540/1941/234 1534/1934/533
f 1530/1935/229 1536/1942/235 1535/1940/233 1529/1933/227
f 1531/1936/534 1537/1943/236 1536/1944/235 1530/1937/229
f 1532/1938/231 1538/1945/237 1537/1943/236 1531/1936/534
f 1533/1939/232 1539/1946/238 1538/1945/237 1532/1938/231
f 1534/1934/533 1540/1941/234 1539/1946/238 1533/1939/232
f 1535/1940/233 1541/1947/239 1546/1948/535 1540/1941/234
f 1536/1942/235 1542/1949/241 1541/1947/239 1535/1940/233
f 1537/1943/236 1543/1950/536 1542/1951/241 1536/1944/235
f 1538/1945/237 1544/1952/243 1543/1950/536 1537/1943/236
f 1539/1946/238 1545/1953/244 1544/1952/243 1538/1945/237
f 1540/1941/234 1546/1948/535 1545/1953/244 1539/1946/238
f 1541/1947/239 1547/1954/245 1552/1955/246 1546/1948/535
f 1542/1949/241 1548/1956/247 1547/1954/245 1541/1947/239
f 1543/1950/536 1549/1957/248 1548/1958/247 1542/1951/241
f 1544/1952/243 1550/1959/249 1549/1957/248 1543/1950/536
f 1545/1953/244 1551/1960/250 1550/1959/249 1544/1952/243
f 1546/1948/535 1552/1955/246 1551/1960/250 1545/1953/244
f 1547/1954/245 1553/1961/251 1558/1962/252 1552/1955/246
f 1548/1956/247 1554/1963/253 1553/1961/251 1547/1954/245
f 1549/1957/248 1555/1964/254 1554/1965/253 1548/1958/247
f 1550/1959/249 1556/1966/255 1555/1964/254 1549/1957/248
f 1551/1960/250 1557/1967/256 1556/1966/255 1550/1959/249
f 1552/1955/246 1558/1962/252 1557/1967/256 1551/1960/250
f 1553/1961/251 1559/1968/257 1564/1969/258 1558/1962/252
f 1554/1963/253 1560/1970/259 1559/1968/257 1553/1961/251
f 1555/1964/254 1561/1971/260 1560/1972/259 1554/1965/253
f 1556/1966/255 1562/1973/261 1561/1971/260 1555/1964/254
f 1557/1967/256 1563/1974/262 1562/1973/261 1556/1966/255
f 1558/1962/252 1564/1969/258 1563/1974/262 1557/1967/256
f 1559/1968/257 1565/1975/263 1570/1976/264 1564/1969/258
f 1560/1970/259 1566/1977/265 1565/1975/263 1559/1968/257
f 1561/1971/260 1567/1978/266 1566/1979/265 1560/1972/259
f 1562/1973/261 1568/1980/267 1567/1978/266 1561/1971/260
f 1563/1974/262 1569/1981/268 1568/1980/267 1562/1973/261
f 1564/1969/258 1570/1976/264 1569/1981/268 1563/1974/262
f 1565/1975/263 1571/1982/269 1576/1983/270 1570/1976/264
f 1566/1977/265 1572/1984/271 1571/1982/269 1565/1975/263
f 1567/1978/266 1573/1985/272 1572/1986/271 1566/1979/265
f 1568/1980/267 1574/1987/273 1573/1985/272 1567/1978/266
f 1569/1981/268 1575/1988/274 1574/1987/273 1568/1980/267
f 1570/1976/264 1576/1983/270 1575/1988/274 1569/1981/268
f 1571/1982/269 1577/1989/275 1582/1990/276 1576/1983/270
f 1572/1984/271 1578/1991/277 1577/1989/275 1571/1982/269
f 1573/1985/272 1579/1992/278 1578/1993/277 1572/1986/271
f 1574/1987/273 1580/1994/279 1579/1992/278 1573/1985/272
f 1575/1988/274 1581/1995/280 1580/1994/279 1574/1987/273
f 1576/1983/270 1582/1990/276 1581/1995/280 1575/1988/274
f 1577/1989/275 1583/1996/502 1588/1997/282 1582/1990/276
f 1578/1991/277 1584/1998/523 1583/1996/502 1577/1989/275
f 1579/1992/278 1585/1999/284 1584/2000/523 1578/1993/277
f 1580/1994/279 1586/2001/285 1585/1999/284 1579/1992/278
f 1581/1995/280 1587/2002/286 1586/2001/285 1580/1994/279
f 1582/1990/276 1588/1997/282 1587/2002/286 1581/1995/280
f 1583/1996/502 1589/2003/287 1594/2004/537 1588/1997/282
f 1584/1998/523 1590/2005/289 1589/2003/287 1583/1996/502
f 1585/1999/284 1591/2006/290 1590/2007/289 1584/2000/523
f 1586/2001/285 1592/2008/291 1591/2006/290 1585/1999/284
f 1587/2002/286 1593/2009/292 1592/2008/291 1586/2001/285
f 1588/1997/282 1594/2004/537 1593/2009/292 1587/2002/286
f 1589/2003/287 1595/2010/293 1600/2011/294 1594/2004/537
f 1590/2005/289 1596/2012/295 1595/2010/293 1589/2003/287
f 1591/2006/290 1597/2013/296 1596/2014/295 1590/2007/289
f 1592/2008/291 1598/2015/297 1597/2013/296 1591/2006/290
f 1593/2009/292 1599/2016/298 1598/2015/297 1592/2008/291
f 1594/2004/537 1600/2011/294 1599/2016/298 1593/2009/292
f 1595/2010/293 1601/2017/299 1606/2018/300 1600/2011/294
f 1596/2012/295 1602/2019/301 1601/2017/299 1595/2010/293
f 1597/2013/296 1603/2020/302 1602/2021/301 1596/2014/295
f 1598/2015/297 1604/2022/303 1603/2020/302 1597/2013/296
f 1599/2016/298 1605/2023/304 1604/2022/303 1598/2015/297
f 1600/2011/294 1606/2018/300 1605/2023/304 1599/2016/298
f 1601/2017/299 1607/2024/305 1612/2025/306 1606/2018/300
f 1602/2019/301 1608/2026/307 1607/2024/305 1601/2017/299
f 1603/2020/302 1609/2027/308 1608/2028/307 1602/2021/301
f 1604/2022/303 1610/2029/309 1609/2027/308 1603/2020/302
f 1605/2023/304 1611/2030/310 1610/2029/309 1604/2022/303
f 1606/2018/300 1612/2025/306 1611/2030/310 1605/2023/304
f 1607/2024/305 1613/2031/311 1618/2032/312 1612/2025/306
f 1608/2026/307 1614/2033/313 1613/2031/311 1607/2024/305
f 1609/2027/308 1615/2034/314 1614/2035/313 1608/2028/307
f 1610/2029/309 1616/2036/315 1615/2034/314 1609/2027/308
f 1611/2030/310 1617/2037/316 1616/2036/315 1610/2029/309
f 1612/2025/306 1618/2032/312 1617/2037/316 1611/2030/310
f 1613/2031/311 1619/2038/317 1624/2039/318 1618/2032/312
f 1614/2033/313 1620/2040/319 1619/2038/317 1613/2031/311
f 1615/2034/314 1621/2041/320 1620/2042/319 1614/2035/313
f 1616/2036/315 1622/2043/321 1621/2041/320 1615/2034/314
f 1617/2037/316 1623/2044/322 1622/2043/321 1616/2036/315
f 1618/2032/312 1624/2039/318 1623/2044/322 1617/2037/316
f 1619/2038/317 1625/2045/323 1630/2046/324 1624/2039/318
f 1620/2040/319 1626/2047/325 1625/2045/323 1619/2038/317
f 1621/2041/320 1627/2048/326 1626/2049/325 1620/2042/319
f 1622/2043/321 1628/2050/327 1627/2048/326 1621/2041/320
f 1623/2044/322 1629/2051/328 1628/2050/327 1622/2043/321
f 1624/2039/318 1630/2046/324 1629/2051/328 1623/2044/322
f 1625/2045/323 1631/2052/329 1636/2053/330 1630/2046/324
f 1626/2047/325 1632/2054/331 1631/2052/329 1625/2045/323
f 1627/2048/326 1633/2055/332 1632/2056/331 1626/2049/325
f 1628/2050/327 1634/2057/333 1633/2055/332 1627/2048/326
f 1629/2051/328 1635/2058/334 1634/2057/333 1628/2050/327
f 1630/2046/324 1636/2053/330 1635/2058/334 1629/2051/328
f 1631/2052/329 1637/2059/335 1642/2060/336 1636/2053/330
f 1632/2054/331 1638/2061/337 1637/2059/335 1631/2052/329
f 1633/2055/332 1639/2062/338 1638/2063/337 1632/2056/331
f 1634/2057/333 1640/2064/339 1639/2062/338 1633/2055/332
f 1635/2058/334 1641/2065/340 1640/2064/339 1634/2057/333
f 1636/2053/330 1642/2060/336 1641/2065/340 1635/2058/334
f 1637/2059/335 1643/2066/341 1648/2067/342 1642/2060/336
f 1638/2061/337 1644/2068/343 1643/2066/341 1637/2059/335
f 1639/2062/338 1645/2069/344 1644/2070/343 1638/2063/337
f 1640/2064/339 1646/2071/345 1645/2069/344 1639/2062/338
f 1641/2065/340 1647/2072/346 1646/2071/345 1640/2064/339
f 1642/2060/336 1648/2067/342 1647/2072/346 1641/2065/340
f 1643/2066/341 1499/2073/518 1504/2074/531 1648/2067/342
f 1644/2068/343 1500/2075/519 1499/2073/518 1643/2066/341
f 1645/2069/344 1501/2076/517 1500/2077/519 1644/2070/343
f 1646/2071/345 1502/2078/198 1501/2076/517 1645/2069/344
f 1647/2072/346 1503/2079/199 1502/2078/198 1646/2071/345
f 1648/2067/342 1504/2074/531 1503/2079/199 1647/2072/346
f 1654/2080/538 1653/2081/348 1652/2082/349
f 1654/2080/538 1652/2082/349 1651/2083/350
f 1649/2084/351 1654/2080/538 1651/2083/350
f 1649/2084/351 1651/2083/350 1650/2085/528
f 1657/2086/353 1658/2087/354 1659/2088/355
f 1657/2086/353 1659/2088/355 1660/2089/356
f 1656/2090/357 1657/2086/353 1660/2089/356
f 1656/2090/357 1660/2089/356 1655/2091/358
f 1655/2092/358 1660/2093/356 1666/2094/359 1661/2095/360
f 1656/2096/357 1655/2092/358 1661/2095/360 1662/2097/361
f 1657/2098/353 1656/2099/357 1662/2100/361 1663/2101/362
f 1658/2102/354 1657/2098/353 1663/2101/362 1664/2103/363
f 1659/2104/355 1658/2102/354 1664/2103/363 1665/2105/364
f 1660/2093/356 1659/2104/355 1665/2105/364 1666/2094/359
f 1661/2095/360 1666/2094/359 1672/2106/365 1667/2107/366
f 1662/2097/361 1661/2095/360 1667/2107/366 1668/2108/367
f 1663/2101/362 1662/2100/361 1668/2109/367 1669/2110/368
f 1664/2103/363 1663/2101/362 1669/2110/368 1670/2111/369
f 1665/2105/364 1664/2103/363 1670/2111/369 1671/2112/370
f 1666/2094/359 1665/2105/364 1671/2112/370 1672/2106/365
f 1667/2107/366 1672/2106/365 1678/2113/371 1673/2114/372
f 1668/2108/367 1667/2107/366 1673/2114/372 1674/2115/373
f 1669/2110/368 1668/2109/367 1674/2116/373 1675/2117/374
f 1670/2111/369 1669/2110/368 1675/2117/374 1676/2118/375
f 1671/2112/370 1670/2111/369 1676/2118/375 1677/2119/376
f 1672/2106/365 1671/2112/370 1677/2119/376 1678/2113/371
f 1673/2114/372 1678/2113/371 1684/2120/377 1679/2121/378
f 1674/2115/373 1673/2114/372 1679/2121/378 1680/2122/379
f 1675/2117/374 1674/2116/373 1680/2123/379 1681/2124/380
f 1676/2118/375 1675/2117/374 1681/2124/380 1682/2125/381
f 1677/2119/376 1676/2118/375 1682/2125/381 1683/2126/382
f 1678/2113/371 1677/2119/376 1683/2126/382 1684/2120/377
f 1679/2121/378 1684/2120/377 1690/2127/383 1685/2128/384
f 1680/2122/379 1679/2121/378 1685/2128/384 1686/2129/385
f 1681/2124/380 1680/2123/379 1686/2130/385 1687/2131/386
f 1682/2125/381 1681/2124/380 1687/2131/386 1688/2132/387
f 1683/2126/382 1682/2125/381 1688/2132/387 1689/2133/388
f 1684/2120/377 1683/2126/382 1689/2133/388 1690/2127/383
f 1685/2128/384 1690/2127/383 1696/2134/539 1691/2135/390
f 1686/2129/385 1685/2128/384 1691/2135/390 1692/2136/391
f 1687/2131/386 1686/2130/385 1692/2137/391 1693/2138/540
f 1688/2132/387 1687/2131/386 1693/2138/540 1694/2139/393
f 1689/2133/388 1688/2132/387 1694/2139/393 1695/2140/394
f 1690/2127/383 1689/2133/388 1695/2140/394 1696/2134/539
f 1691/2135/390 1696/2134/539 1702/2141/395 1697/2142/396
f 1692/2136/391 1691/2135/390 1697/2142/396 1698/2143/397
f 1693/2138/540 1692/2137/391 1698/2144/397 1699/2145/398
f 1694/2139/393 1693/2138/540 1699/2145/398 1700/2146/399
f 1695/2140/394 1694/2139/393 1700/2146/399 1701/2147/400
f 1696/2134/539 1695/2140/394 1701/2147/400 1702/2141/395
f 1697/2142/396 1702/2141/395 1708/2148/401 1703/2149/402
f 1698/2143/397 1697/2142/396 1703/2149/402 1704/2150/403
f 1699/2145/398 1698/2144/397 1704/2151/403 1705/2152/404
f 1700/2146/399 1699/2145/398 1705/2152/404 1706/2153/405
f 1701/2147/400 1700/2146/399 1706/2153/405 1707/2154/406
f 1702/2141/395 1701/2147/400 1707/2154/406 1708/2148/401
f 1703/2149/402 1708/2148/401 1714/2155/407 1709/2156/408
f 1704/2150/403 1703/2149/402 1709/2156/408 1710/2157/409
f 1705/2152/404 1704/2151/403 1710/2158/409 1711/2159/410
f 1706/2153/405 1705/2152/404 1711/2159/410 1712/2160/411
f 1707/2154/406 1706/2153/405 1712/2160/411 1713/2161/412
f 1708/2148/401 1707/2154/406 1713/2161/412 1714/2155/407
f 1709/2156/408 1714/2155/407 1720/2162/413 1715/2163/414
f 1710/2157/409 1709/2156/408 1715/2163/414 1716/2164/415
f 1711/2159/410 1710/2158/409 1716/2165/415 1717/2166/416
f 1712/2160/411 1711/2159/410 1717/2166/416 1718/2167/417
f 1713/2161/412 1712/2160/411 1718/2167/417 1719/2168/418
f 1714/2155/407 1713/2161/412 1719/2168/418 1720/2162/413
f 1715/2163/414 1720/2162/413 1726/2169/419 1721/2170/420
f 1716/2164/415 1715/2163/414 1721/2170/420 1722/2171/421
f 1717/2166/416 1716/2165/415 1722/2172/421 1723/2173/422
f 1718/2167/417 1717/2166/416 1723/2173/422 1724/2174/423
f 1719/2168/418 1718/2167/417 1724/2174/423 1725/2175/424
f 1720/2162/413 1719/2168/418 1725/2175/424 1726/2169/419
f 1721/2170/420 1726/2169/419 1732/2176/425 1727/2177/426
f 1722/2171/421 1721/2170/420 1727/2177/426 1728/2178/427
f 1723/2173/422 1722/2172/421 1728/2179/427 1729/2180/428
f 1724/2174/423 1723/2173/422 1729/2180/428 1730/2181/429
f 1725/2175/424 1724/2174/423 1730/2181/429 1731/2182/430
f 1726/2169/419 1725/2175/424 1731/2182/430 1732/2176/425
f 1727/2177/426 1732/2176/425 1738/2183/431 1733/2184/432
f 1728/2178/427 1727/2177/426 1733/2184/432 1734/2185/505
f 1729/2180/428 1728/2179/427 1734/2186/505 1735/2187/434
f 1730/2181/429 1729/2180/428 1735/2187/434 1736/2188/435
f 1731/2182/430 1730/2181/429 1736/2188/435 1737/2189/436
f 1732/2176/425 1731/2182/430 1737/2189/436 1738/2183/431
f 1733/2184/432 1738/2183/431 1744/2190/437 1739/2191/438
f 1734/2185/505 1733/2184/432 1739/2191/438 1740/2192/439
f 1735/2187/434 1734/2186/505 1740/2193/439 1741/2194/440
f 1736/2188/435 1735/2187/434 1741/2194/440 1742/2195/441
f 1737/2189/436 1736/2188/435 1742/2195/441 1743/2196/442
f 1738/2183/431 1737/2189/436 1743/2196/442 1744/2190/437
f 1739/2191/438 1744/2190/437 1750/2197/443 1745/2198/541
f 1740/2192/439 1739/2191/438 1745/2198/541 1746/2199/542
f 1741/2194/440 1740/2193/439 1746/2200/542 1747/2201/446
f 1742/2195/441 1741/2194/440 1747/2201/446 1748/2202/447
f 1743/2196/442 1742/2195/441 1748/2202/447 1749/2203/448
f 1744/2190/437 1743/2196/442 1749/2203/448 1750/2197/443
f 1745/2198/541 1750/2197/443 1756/2204/449 1751/2205/450
f 1746/2199/542 1745/2198/541 1751/2205/450 1752/2206/451
f 1747/2201/446 1746/2200/542 1752/2207/451 1753/2208/452
f 1748/2202/447 1747/2201/446 1753/2208/452 1754/2209/453
f 1749/2203/448 1748/2202/447 1754/2209/453 1755/2210/454
f 1750/2197/443 1749/2203/448 1755/2210/454 1756/2204/449
f 1751/2205/450 1756/2204/449 1762/2211/455 1757/2212/456
f 1752/2206/451 1751/2205/450 1757/2212/456 1758/2213/457
f 1753/2208/452 1752/2207/451 1758/2214/457 1759/2215/458
f 1754/2209/453 1753/2208/452 1759/2215/458 1760/2216/459
f 1755/2210/454 1754/2209/453 1760/2216/459 1761/2217/460
f 1756/2204/449 1755/2210/454 1761/2217/460 1762/2211/455
f 1757/2212/456 1762/2211/455 1768/2218/461 1763/2219/462
f 1758/2213/457 1757/2212/456 1763/2219/462 1764/2220/463
f 1759/2215/458 1758/2214/457 1764/2221/463 1765/2222/543
f 1760/2216/459 1759/2215/458 1765/2222/543 1766/2223/465
f 1761/2217/460 1760/2216/459 1766/2223/465 1767/2224/466
f 1762/2211/455 1761/2217/460 1767/2224/466 1768/2218/461
f 1763/2219/462 1768/2218/461 1774/2225/467 1769/2226/468
f 1764/2220/463 1763/2219/462 1769/2226/468 1770/2227/469
f 1765/2222/543 1764/2221/463 1770/2228/469 1771/2229/470
f 1766/2223/465 1765/2222/543 1771/2229/470 1772/2230/471
f 1767/2224/466 1766/2223/465 1772/2230/471 1773/2231/472
f 1768/2218/461 1767/2224/466 1773/2231/472 1774/2225/467
f 1769/2226/468 1774/2225/467 1780/2232/473 1775/2233/474
f 1770/2227/469 1769/2226/468 1775/2233/474 1776/2234/475
f 1771/2229/470 1770/2228/469 1776/2235/475 1777/2236/476
f 1772/2230/471 1771/2229/470 1777/2236/476 1778/2237/477
f 1773/2231/472 1772/2230/471 1778/2237/477 1779/2238/478
f 1774/2225/467 1773/2231/472 1779/2238/478 1780/2232/473
f 1775/2233/474 1780/2232/473 1786/2239/479 1781/2240/480
f 1776/2234/475 1775/2233/474 1781/2240/480 1782/2241/481
f 1777/2236/476 1776/2235/475 1782/2242/481 1783/2243/482
f 1778/2237/477 1777/2236/476 1783/2243/482 1784/2244/483
f 1779/2238/478 1778/2237/477 1784/2244/483 1785/2245/484
f 1780/2232/473 1779/2238/478 1785/2245/484 1786/2239/479
f 1781/2240/480 1786/2239/479 1792/2246/485 1787/2247/486
f 1782/2241/481 1781/2240/480 1787/2247/486 1788/2248/487
f 1783/2243/482 1782/2242/481 1788/2249/487 1789/2250/488
f 1784/2244/483 1783/2243/482 1789/2250/488 1790/2251/489
f 1785/2245/484 1784/2244/483 1790/2251/489 1791/2252/490
f 1786/2239/479 1785/2245/484 1791/2252/490 1792/2246/485
f 1787/2247/486 1792/2246/485 1798/2253/491 1793/2254/492
f 1788/2248/487 1787/2247/486 1793/2254/492 1794/2255/493
f 1789/2250/488 1788/2249/487 1794/2256/493 1795/2257/494
f 1790/2251/489 1789/2250/488 1795/2257/494 1796/2258/495
f 1791/2252/490 1790/2251/489 1796/2258/495 1797/2259/496
f 1792/2246/485 1791/2252/490 1797/2259/496 1798/2253/491
f 1793/2254/492 1798/2253/491 1654/2260/538 1649/2261/351
f 1794/2255/493 1793/2254/492 1649/2261/351 1650/2262/528
f 1795/2257/494 1794/2256/493 1650/2263/528 1651/2264/350
f 1796/2258/495 1795/2257/494 1651/2264/350 1652/2265/349
f 1797/2259/496 1796/2258/495 1652/2265/349 1653/2266/348
f 1798/2253/491 1797/2259/496 1653/2266/348 1654/2260/538
