# Blender 5.1.1
# www.blender.org
o sh_tree_grid_plane
v 0.000000 0.000000 0.700000
v 0.700000 0.000000 0.000000
v 0.303809 0.000000 0.208369
v 0.267472 0.000000 0.253330
v 0.208369 0.000000 0.303809
v 0.158278 0.000000 0.332665
v 0.383294 0.000000 0.000000
v 0.485776 0.000000 0.000000
v 0.592888 0.000000 0.000000
v 0.365293 0.000000 0.047732
v 0.353329 0.000000 0.104289
v 0.332665 0.000000 0.158278
v 0.000000 0.000000 0.289261
v 0.022695 0.000000 0.288369
v 0.045250 0.000000 0.285699
v 0.067527 0.000000 0.281269
v 0.089386 0.000000 0.275103
v 0.110695 0.000000 0.267242
v 0.131322 0.000000 0.257733
v 0.151138 0.000000 0.246635
v 0.170023 0.000000 0.234017
v 0.187860 0.000000 0.219956
v 0.204538 0.000000 0.204538
v 0.219956 0.000000 0.187860
v 0.234017 0.000000 0.170023
v 0.246635 0.000000 0.151138
v 0.257733 0.000000 0.131322
v 0.267242 0.000000 0.110695
v 0.275103 0.000000 0.089386
v 0.281269 0.000000 0.067527
v 0.285700 0.000000 0.045250
v 0.288369 0.000000 0.022695
v 0.289261 0.000000 0.000000
v 0.104289 0.000000 0.353329
v 0.047732 0.000000 0.365293
v 0.029382 0.000000 0.373337
v 0.000000 0.000000 0.383294
v 0.000000 0.000000 0.485776
v 0.000000 0.000000 0.592888
v 0.670917 0.000000 0.000000
v 0.000000 0.000000 0.670917
v 0.000000 0.000000 0.301685
v 0.023970 0.000000 0.304564
v 0.038821 0.000000 0.309031
v 0.071319 0.000000 0.297064
v 0.086686 0.000000 0.299154
v 0.116912 0.000000 0.282250
v 0.132417 0.000000 0.281910
v 0.159626 0.000000 0.260486
v 0.174887 0.000000 0.257724
v 0.198410 0.000000 0.232308
v 0.227193 0.000000 0.213051
v 0.232308 0.000000 0.198410
v 0.257724 0.000000 0.174887
v 0.260486 0.000000 0.159626
v 0.281910 0.000000 0.132417
v 0.282250 0.000000 0.116912
v 0.299154 0.000000 0.086686
v 0.297064 0.000000 0.071319
v 0.309031 0.000000 0.038821
v 0.304564 0.000000 0.023970
v 0.301685 0.000000 0.000000
v 0.289115 0.000000 0.003719
v 0.699646 0.000000 0.009001
v 0.592588 0.000000 0.007623
v 0.485530 0.000000 0.006246
v 0.367655 0.000000 0.011477
v 0.670578 0.000000 0.008627
v 0.310748 0.000000 0.010061
v 0.565964 0.000000 0.000000
v 0.000000 0.000000 0.565964
v 0.565679 0.000000 0.007277
v 0.462172 0.000000 0.000000
v 0.000000 0.000000 0.462172
v 0.461938 0.000000 0.005943
v 0.004415 0.000000 0.289087
v 0.009049 0.000000 0.592532
v 0.007414 0.000000 0.485484
v 0.013428 0.000000 0.367819
v 0.010684 0.000000 0.699580
v 0.010240 0.000000 0.670515
v 0.011683 0.000000 0.310925
v 0.008638 0.000000 0.565625
v 0.007054 0.000000 0.461895
v 0.005850 0.000000 0.383064
v 0.067486 0.000000 0.362165
v 0.362165 0.000000 0.067486
v 0.058575 0.000000 0.305903
v 0.305903 0.000000 0.058575
v 0.300755 0.000000 0.023670
v 0.023670 0.000000 0.300755
v 0.004604 0.000000 0.301504
v 0.383100 0.000000 0.004928
v 0.301532 0.000000 0.003879
v 0.123310 0.000000 0.347149
v 0.347149 0.000000 0.123310
v 0.047194 0.000000 0.297971
v 0.105707 0.000000 0.292973
v 0.292973 0.000000 0.105707
v 0.297971 0.000000 0.047194
v 0.293349 0.000000 0.070427
v 0.070427 0.000000 0.293349
v 0.176098 0.000000 0.323585
v 0.323585 0.000000 0.176098
v 0.093226 0.000000 0.286919
v 0.150237 0.000000 0.272830
v 0.272830 0.000000 0.150237
v 0.286919 0.000000 0.093226
v 0.278720 0.000000 0.115450
v 0.115450 0.000000 0.278720
v 0.224550 0.000000 0.292053
v 0.292053 0.000000 0.224550
v 0.136962 0.000000 0.268803
v 0.191068 0.000000 0.245969
v 0.245969 0.000000 0.191068
v 0.268803 0.000000 0.136962
v 0.257228 0.000000 0.157630
v 0.157630 0.000000 0.257228
v 0.253330 0.000000 0.267472
v 0.213051 0.000000 0.227193
v 0.244068 0.000000 0.177326
v 0.229403 0.000000 0.195929
v 0.177326 0.000000 0.244068
v 0.213323 0.000000 0.213323
v 0.195929 0.000000 0.229403
v 0.059068 0.000000 0.697351
v 0.050749 0.000000 0.698006
v 0.042260 0.000000 0.483787
v 0.033941 0.000000 0.484442
v 0.050664 0.000000 0.590569
v 0.042345 0.000000 0.591224
v 0.048467 0.000000 0.669013
v 0.056786 0.000000 0.668358
v 0.040233 0.000000 0.564384
v 0.048552 0.000000 0.563729
v 0.032089 0.000000 0.460911
v 0.040409 0.000000 0.460256
v 0.025849 0.000000 0.382278
v 0.034271 0.000000 0.381615
v 0.507966 0.000000 0.305415
v 0.502739 0.000000 0.313945
v 0.114414 0.000000 0.690405
v 0.104533 0.000000 0.691970
v 0.168230 0.000000 0.679300
v 0.158502 0.000000 0.681636
v 0.221009 0.000000 0.664007
v 0.211494 0.000000 0.667098
v 0.272425 0.000000 0.644620
v 0.263182 0.000000 0.648448
v 0.322161 0.000000 0.621258
v 0.313247 0.000000 0.625800
v 0.369911 0.000000 0.594067
v 0.361381 0.000000 0.599294
v 0.415381 0.000000 0.563213
v 0.407287 0.000000 0.569093
v 0.458290 0.000000 0.528886
v 0.450682 0.000000 0.535383
v 0.498373 0.000000 0.491299
v 0.491299 0.000000 0.498373
v 0.535383 0.000000 0.450682
v 0.528886 0.000000 0.458290
v 0.569093 0.000000 0.407287
v 0.563213 0.000000 0.415381
v 0.599294 0.000000 0.361381
v 0.594067 0.000000 0.369911
v 0.625800 0.000000 0.313247
v 0.621258 0.000000 0.322161
v 0.648448 0.000000 0.263182
v 0.644620 0.000000 0.272425
v 0.667098 0.000000 0.211494
v 0.664007 0.000000 0.221009
v 0.681636 0.000000 0.158502
v 0.679300 0.000000 0.168230
v 0.691970 0.000000 0.104533
v 0.690405 0.000000 0.114414
v 0.698039 0.000000 0.049919
v 0.697254 0.000000 0.059893
v 0.395782 0.000000 0.281369
v 0.389902 0.000000 0.289463
v 0.482438 0.000000 0.344328
v 0.476557 0.000000 0.352422
v 0.372486 0.000000 0.311555
v 0.365989 0.000000 0.319162
v 0.453935 0.000000 0.381119
v 0.447437 0.000000 0.388726
v 0.346893 0.000000 0.339819
v 0.339819 0.000000 0.346893
v 0.422633 0.000000 0.415559
v 0.415559 0.000000 0.422633
v 0.319162 0.000000 0.365989
v 0.311555 0.000000 0.372486
v 0.388726 0.000000 0.447437
v 0.381119 0.000000 0.453935
v 0.289463 0.000000 0.389902
v 0.281369 0.000000 0.395782
v 0.352422 0.000000 0.476557
v 0.344328 0.000000 0.482438
v 0.257979 0.000000 0.411411
v 0.249449 0.000000 0.416638
v 0.313945 0.000000 0.502739
v 0.305415 0.000000 0.507966
v 0.224905 0.000000 0.430383
v 0.215991 0.000000 0.434925
v 0.484475 0.000000 0.033111
v 0.483690 0.000000 0.043085
v 0.591257 0.000000 0.041515
v 0.590472 0.000000 0.051489
v 0.480383 0.000000 0.071021
v 0.478818 0.000000 0.080902
v 0.586177 0.000000 0.087777
v 0.584612 0.000000 0.097658
v 0.473330 0.000000 0.108492
v 0.470995 0.000000 0.118220
v 0.577483 0.000000 0.133497
v 0.575147 0.000000 0.143225
v 0.463359 0.000000 0.145295
v 0.460267 0.000000 0.154810
v 0.565229 0.000000 0.178394
v 0.562137 0.000000 0.187909
v 0.450531 0.000000 0.181202
v 0.446702 0.000000 0.190444
v 0.549490 0.000000 0.222192
v 0.545661 0.000000 0.231435
v 0.434925 0.000000 0.215991
v 0.430383 0.000000 0.224905
v 0.530363 0.000000 0.264619
v 0.525821 0.000000 0.273533
v 0.416638 0.000000 0.249449
v 0.411411 0.000000 0.257979
v 0.273533 0.000000 0.525821
v 0.264619 0.000000 0.530363
v 0.190444 0.000000 0.446702
v 0.181202 0.000000 0.450531
v 0.231435 0.000000 0.545661
v 0.222192 0.000000 0.549490
v 0.154810 0.000000 0.460268
v 0.145295 0.000000 0.463359
v 0.187909 0.000000 0.562137
v 0.178394 0.000000 0.565229
v 0.118220 0.000000 0.470995
v 0.108492 0.000000 0.473330
v 0.143225 0.000000 0.575147
v 0.133497 0.000000 0.577483
v 0.080902 0.000000 0.478818
v 0.071021 0.000000 0.480383
v 0.097658 0.000000 0.584612
v 0.087777 0.000000 0.586177
v 0.668261 0.000000 0.057611
v 0.669046 0.000000 0.047637
v 0.661681 0.000000 0.109864
v 0.663246 0.000000 0.099983
v 0.651021 0.000000 0.161441
v 0.653356 0.000000 0.151713
v 0.636348 0.000000 0.212021
v 0.639439 0.000000 0.202507
v 0.617751 0.000000 0.261295
v 0.621579 0.000000 0.252052
v 0.595346 0.000000 0.308958
v 0.599887 0.000000 0.300044
v 0.569270 0.000000 0.354716
v 0.574497 0.000000 0.346186
v 0.539684 0.000000 0.398287
v 0.545565 0.000000 0.390193
v 0.506771 0.000000 0.439402
v 0.513269 0.000000 0.431795
v 0.470734 0.000000 0.477808
v 0.477808 0.000000 0.470734
v 0.431795 0.000000 0.513269
v 0.439402 0.000000 0.506771
v 0.390193 0.000000 0.545565
v 0.398287 0.000000 0.539684
v 0.346186 0.000000 0.574497
v 0.354716 0.000000 0.569270
v 0.300044 0.000000 0.599887
v 0.308958 0.000000 0.595346
v 0.252052 0.000000 0.621579
v 0.261295 0.000000 0.617751
v 0.202507 0.000000 0.639439
v 0.212021 0.000000 0.636348
v 0.151713 0.000000 0.653356
v 0.161441 0.000000 0.651021
v 0.099983 0.000000 0.663246
v 0.109864 0.000000 0.661681
v 0.563631 0.000000 0.049376
v 0.564416 0.000000 0.039403
v 0.558020 0.000000 0.093446
v 0.559585 0.000000 0.083565
v 0.548968 0.000000 0.136940
v 0.551304 0.000000 0.127212
v 0.536532 0.000000 0.179589
v 0.539623 0.000000 0.170075
v 0.520787 0.000000 0.221131
v 0.524616 0.000000 0.211889
v 0.501832 0.000000 0.261310
v 0.506374 0.000000 0.252396
v 0.479783 0.000000 0.299878
v 0.485010 0.000000 0.291348
v 0.454776 0.000000 0.336597
v 0.460656 0.000000 0.328503
v 0.426965 0.000000 0.371241
v 0.433462 0.000000 0.363633
v 0.396521 0.000000 0.403595
v 0.403595 0.000000 0.396521
v 0.363633 0.000000 0.433462
v 0.371241 0.000000 0.426965
v 0.328503 0.000000 0.460656
v 0.336597 0.000000 0.454776
v 0.291348 0.000000 0.485010
v 0.299878 0.000000 0.479783
v 0.252396 0.000000 0.506374
v 0.261310 0.000000 0.501832
v 0.211889 0.000000 0.524616
v 0.221131 0.000000 0.520787
v 0.170075 0.000000 0.539623
v 0.179589 0.000000 0.536532
v 0.127212 0.000000 0.551304
v 0.136940 0.000000 0.548968
v 0.083565 0.000000 0.559585
v 0.093446 0.000000 0.558020
v 0.460159 0.000000 0.041233
v 0.460944 0.000000 0.031260
v 0.455505 0.000000 0.077209
v 0.457070 0.000000 0.067328
v 0.448043 0.000000 0.112710
v 0.450379 0.000000 0.102982
v 0.437819 0.000000 0.147515
v 0.440910 0.000000 0.138001
v 0.424895 0.000000 0.181412
v 0.428724 0.000000 0.172169
v 0.409352 0.000000 0.214189
v 0.413894 0.000000 0.205275
v 0.391285 0.000000 0.245646
v 0.396512 0.000000 0.237116
v 0.370806 0.000000 0.275589
v 0.376686 0.000000 0.267495
v 0.348040 0.000000 0.303833
v 0.354537 0.000000 0.296225
v 0.323129 0.000000 0.330203
v 0.330203 0.000000 0.323129
v 0.296225 0.000000 0.354537
v 0.303833 0.000000 0.348040
v 0.267495 0.000000 0.376686
v 0.275589 0.000000 0.370806
v 0.237116 0.000000 0.396512
v 0.245646 0.000000 0.391285
v 0.205275 0.000000 0.413894
v 0.214189 0.000000 0.409352
v 0.172169 0.000000 0.428724
v 0.181412 0.000000 0.424895
v 0.138001 0.000000 0.440910
v 0.147515 0.000000 0.437819
v 0.102982 0.000000 0.450379
v 0.112710 0.000000 0.448043
v 0.067328 0.000000 0.457070
v 0.077209 0.000000 0.455505
v 0.381517 0.000000 0.035105
v 0.382311 0.000000 0.025010
v 0.372509 0.000000 0.029317
v 0.054928 0.000000 0.379170
v 0.064930 0.000000 0.377586
v 0.058454 0.000000 0.369061
v 0.113799 0.000000 0.350239
v 0.084508 0.000000 0.373692
v 0.094355 0.000000 0.371328
v 0.087230 0.000000 0.363337
v 0.371328 0.000000 0.094355
v 0.373692 0.000000 0.084508
v 0.363337 0.000000 0.087230
v 0.377586 0.000000 0.064930
v 0.379170 0.000000 0.054928
v 0.369061 0.000000 0.058454
v 0.113567 0.000000 0.365910
v 0.123198 0.000000 0.362780
v 0.115468 0.000000 0.355373
v 0.167188 0.000000 0.328125
v 0.141926 0.000000 0.355871
v 0.151282 0.000000 0.351996
v 0.142994 0.000000 0.345218
v 0.351996 0.000000 0.151282
v 0.355871 0.000000 0.141926
v 0.345218 0.000000 0.142994
v 0.362780 0.000000 0.123198
v 0.365909 0.000000 0.113567
v 0.363729 0.000000 0.057609
v 0.355373 0.000000 0.115468
v 0.169410 0.000000 0.343639
v 0.178433 0.000000 0.339041
v 0.216460 0.000000 0.297931
v 0.169639 0.000000 0.332935
v 0.195849 0.000000 0.329287
v 0.204484 0.000000 0.323996
v 0.195237 0.000000 0.318599
v 0.323996 0.000000 0.204484
v 0.329287 0.000000 0.195849
v 0.318599 0.000000 0.195237
v 0.339041 0.000000 0.178433
v 0.343639 0.000000 0.169410
v 0.332935 0.000000 0.169639
v 0.350239 0.000000 0.113799
v 0.288019 0.000000 0.252650
v 0.294596 0.000000 0.244950
v 0.284134 0.000000 0.242674
v 0.306954 0.000000 0.229274
v 0.312906 0.000000 0.221081
v 0.328125 0.000000 0.167188
v 0.302298 0.000000 0.219633
v 0.221081 0.000000 0.312906
v 0.229274 0.000000 0.306954
v 0.237003 0.000000 0.299232
v 0.219633 0.000000 0.302298
v 0.244950 0.000000 0.294596
v 0.252650 0.000000 0.288019
v 0.242674 0.000000 0.284134
v 0.267309 0.000000 0.274469
v 0.274469 0.000000 0.267309
v 0.264218 0.000000 0.264218
v 0.057609 0.000000 0.363729
v 0.260401 0.000000 0.260401
v 0.297931 0.000000 0.216460
v 0.018818 0.000000 0.371579
v 0.034767 0.000000 0.674500
v 0.036099 0.000000 0.698582
v 0.023287 0.000000 0.464216
v 0.024251 0.000000 0.481863
v 0.028971 0.000000 0.568202
v 0.030072 0.000000 0.588331
v 0.014176 0.000000 0.381441
v 0.039484 0.000000 0.370407
v 0.078963 0.000000 0.670713
v 0.081801 0.000000 0.694661
v 0.054216 0.000000 0.461600
v 0.056293 0.000000 0.479149
v 0.066455 0.000000 0.565007
v 0.068824 0.000000 0.585023
v 0.043661 0.000000 0.379287
v 0.076761 0.000000 0.364158
v 0.131753 0.000000 0.662369
v 0.136458 0.000000 0.686020
v 0.094120 0.000000 0.473174
v 0.110987 0.000000 0.557970
v 0.090673 0.000000 0.455842
v 0.114919 0.000000 0.577739
v 0.075323 0.000000 0.374215
v 0.096929 0.000000 0.359316
v 0.183316 0.000000 0.649990
v 0.189862 0.000000 0.673199
v 0.130955 0.000000 0.464331
v 0.154423 0.000000 0.547542
v 0.126158 0.000000 0.447323
v 0.159894 0.000000 0.566942
v 0.102777 0.000000 0.367624
v 0.233952 0.000000 0.633528
v 0.242308 0.000000 0.656149
v 0.167114 0.000000 0.452576
v 0.197071 0.000000 0.533678
v 0.160991 0.000000 0.435999
v 0.204055 0.000000 0.552585
v 0.133031 0.000000 0.357794
v 0.132881 0.000000 0.347652
v 0.151945 0.000000 0.339729
v 0.282740 0.000000 0.613310
v 0.292836 0.000000 0.635210
v 0.201980 0.000000 0.438128
v 0.238176 0.000000 0.516644
v 0.194582 0.000000 0.422080
v 0.246615 0.000000 0.534949
v 0.159020 0.000000 0.347020
v 0.329988 0.000000 0.589236
v 0.341771 0.000000 0.610276
v 0.235732 0.000000 0.420930
v 0.277977 0.000000 0.496364
v 0.227098 0.000000 0.405512
v 0.287826 0.000000 0.513950
v 0.187275 0.000000 0.332623
v 0.185535 0.000000 0.322614
v 0.203220 0.000000 0.311777
v 0.375202 0.000000 0.561529
v 0.388599 0.000000 0.581580
v 0.268031 0.000000 0.401137
v 0.316065 0.000000 0.473024
v 0.258214 0.000000 0.386444
v 0.327263 0.000000 0.489783
v 0.211348 0.000000 0.317871
v 0.418102 0.000000 0.530360
v 0.433032 0.000000 0.549298
v 0.298678 0.000000 0.378871
v 0.352203 0.000000 0.446768
v 0.287738 0.000000 0.364994
v 0.364682 0.000000 0.462597
v 0.233719 0.000000 0.289618
v 0.249491 0.000000 0.276148
v 0.458425 0.000000 0.495921
v 0.474794 0.000000 0.513629
v 0.327483 0.000000 0.354269
v 0.386171 0.000000 0.417757
v 0.315488 0.000000 0.341293
v 0.399853 0.000000 0.432558
v 0.258472 0.000000 0.280896
v 0.495921 0.000000 0.458425
v 0.513629 0.000000 0.474794
v 0.354269 0.000000 0.327483
v 0.417757 0.000000 0.386171
v 0.341293 0.000000 0.315488
v 0.432558 0.000000 0.399853
v 0.280896 0.000000 0.258472
v 0.276148 0.000000 0.249491
v 0.289618 0.000000 0.233719
v 0.530360 0.000000 0.418102
v 0.549298 0.000000 0.433032
v 0.378871 0.000000 0.298678
v 0.446768 0.000000 0.352203
v 0.364994 0.000000 0.287738
v 0.462597 0.000000 0.364682
v 0.299232 0.000000 0.237003
v 0.489783 0.000000 0.327263
v 0.561529 0.000000 0.375202
v 0.473024 0.000000 0.316065
v 0.581580 0.000000 0.388599
v 0.386444 0.000000 0.258214
v 0.401137 0.000000 0.268031
v 0.317871 0.000000 0.211348
v 0.311777 0.000000 0.203220
v 0.322614 0.000000 0.185535
v 0.496364 0.000000 0.277977
v 0.513950 0.000000 0.287826
v 0.589236 0.000000 0.329988
v 0.610276 0.000000 0.341771
v 0.420930 0.000000 0.235732
v 0.405512 0.000000 0.227098
v 0.332623 0.000000 0.187275
v 0.613310 0.000000 0.282740
v 0.635210 0.000000 0.292836
v 0.438128 0.000000 0.201980
v 0.516644 0.000000 0.238176
v 0.422080 0.000000 0.194582
v 0.534949 0.000000 0.246615
v 0.347020 0.000000 0.159020
v 0.339729 0.000000 0.151945
v 0.347714 0.000000 0.132447
v 0.633859 0.000000 0.233054
v 0.656495 0.000000 0.241369
v 0.452791 0.000000 0.166531
v 0.533945 0.000000 0.196346
v 0.436204 0.000000 0.160438
v 0.552865 0.000000 0.203297
v 0.357929 0.000000 0.132610
v 0.649990 0.000000 0.183316
v 0.673199 0.000000 0.189862
v 0.464331 0.000000 0.130955
v 0.547542 0.000000 0.154423
v 0.447323 0.000000 0.126158
v 0.566942 0.000000 0.159894
v 0.367624 0.000000 0.102777
v 0.359316 0.000000 0.096929
v 0.364158 0.000000 0.076761
v 0.662369 0.000000 0.131753
v 0.686020 0.000000 0.136458
v 0.473174 0.000000 0.094120
v 0.557970 0.000000 0.110987
v 0.455842 0.000000 0.090673
v 0.577739 0.000000 0.114919
v 0.374215 0.000000 0.075323
v 0.670758 0.000000 0.078587
v 0.694710 0.000000 0.081385
v 0.479161 0.000000 0.056191
v 0.565034 0.000000 0.066228
v 0.461609 0.000000 0.054140
v 0.585054 0.000000 0.068568
v 0.379235 0.000000 0.043638
v 0.370174 0.000000 0.039182
v 0.371314 0.000000 0.019362
v 0.674589 0.000000 0.032521
v 0.698672 0.000000 0.033792
v 0.464282 0.000000 0.021608
v 0.481931 0.000000 0.022525
v 0.568279 0.000000 0.027014
v 0.588409 0.000000 0.028060
v 0.380918 0.000000 0.015058
v -0.000000 0.000000 -0.700000
v 0.208369 0.000000 -0.303809
v 0.253330 0.000000 -0.267472
v 0.303809 0.000000 -0.208369
v 0.332665 0.000000 -0.158278
v -0.000000 0.000000 -0.383294
v -0.000000 0.000000 -0.485776
v -0.000000 0.000000 -0.592888
v 0.047732 0.000000 -0.365293
v 0.104289 0.000000 -0.353329
v 0.158278 0.000000 -0.332665
v 0.288369 0.000000 -0.022695
v 0.285699 0.000000 -0.045250
v 0.281268 0.000000 -0.067527
v 0.275103 0.000000 -0.089386
v 0.267242 0.000000 -0.110695
v 0.257733 0.000000 -0.131322
v 0.246635 0.000000 -0.151138
v 0.234017 0.000000 -0.170023
v 0.219956 0.000000 -0.187860
v 0.204538 0.000000 -0.204538
v 0.187860 0.000000 -0.219956
v 0.170023 0.000000 -0.234017
v 0.151138 0.000000 -0.246635
v 0.131322 0.000000 -0.257733
v 0.110695 0.000000 -0.267242
v 0.089386 0.000000 -0.275103
v 0.067527 0.000000 -0.281268
v 0.045250 0.000000 -0.285700
v 0.022695 0.000000 -0.288369
v -0.000000 0.000000 -0.289261
v 0.353329 0.000000 -0.104289
v 0.365293 0.000000 -0.047732
v 0.373336 0.000000 -0.029382
v -0.000000 0.000000 -0.670917
v 0.304564 0.000000 -0.023970
v 0.309031 0.000000 -0.038821
v 0.297064 0.000000 -0.071319
v 0.299154 0.000000 -0.086686
v 0.282250 0.000000 -0.116912
v 0.281910 0.000000 -0.132417
v 0.260486 0.000000 -0.159626
v 0.257724 0.000000 -0.174887
v 0.232308 0.000000 -0.198410
v 0.213051 0.000000 -0.227193
v 0.198410 0.000000 -0.232308
v 0.174887 0.000000 -0.257724
v 0.159626 0.000000 -0.260486
v 0.132417 0.000000 -0.281910
v 0.116912 0.000000 -0.282250
v 0.086686 0.000000 -0.299154
v 0.071319 0.000000 -0.297064
v 0.038821 0.000000 -0.309031
v 0.023970 0.000000 -0.304564
v -0.000000 0.000000 -0.301685
v 0.003719 0.000000 -0.289115
v 0.009001 0.000000 -0.699646
v 0.007623 0.000000 -0.592588
v 0.006246 0.000000 -0.485530
v 0.011477 0.000000 -0.367655
v 0.008627 0.000000 -0.670578
v 0.010061 0.000000 -0.310748
v -0.000000 0.000000 -0.565964
v 0.007277 0.000000 -0.565678
v -0.000000 0.000000 -0.462172
v 0.005943 0.000000 -0.461938
v 0.289087 0.000000 -0.004415
v 0.592532 0.000000 -0.009049
v 0.485484 0.000000 -0.007414
v 0.367819 0.000000 -0.013428
v 0.699580 0.000000 -0.010684
v 0.670515 0.000000 -0.010240
v 0.310925 0.000000 -0.011683
v 0.565625 0.000000 -0.008638
v 0.461895 0.000000 -0.007054
v 0.383064 0.000000 -0.005850
v 0.362165 0.000000 -0.067486
v 0.067486 0.000000 -0.362165
v 0.305903 0.000000 -0.058575
v 0.058575 0.000000 -0.305903
v 0.023670 0.000000 -0.300755
v 0.300755 0.000000 -0.023670
v 0.301504 0.000000 -0.004604
v 0.004928 0.000000 -0.383100
v 0.003879 0.000000 -0.301532
v 0.347149 0.000000 -0.123310
v 0.123310 0.000000 -0.347149
v 0.297971 0.000000 -0.047194
v 0.292973 0.000000 -0.105707
v 0.105707 0.000000 -0.292973
v 0.047194 0.000000 -0.297971
v 0.070427 0.000000 -0.293349
v 0.293349 0.000000 -0.070427
v 0.323585 0.000000 -0.176098
v 0.176098 0.000000 -0.323585
v 0.286919 0.000000 -0.093226
v 0.272830 0.000000 -0.150237
v 0.150237 0.000000 -0.272830
v 0.093226 0.000000 -0.286919
v 0.115450 0.000000 -0.278720
v 0.278720 0.000000 -0.115450
v 0.292053 0.000000 -0.224550
v 0.224550 0.000000 -0.292053
v 0.268803 0.000000 -0.136962
v 0.245969 0.000000 -0.191068
v 0.191068 0.000000 -0.245969
v 0.136962 0.000000 -0.268803
v 0.157630 0.000000 -0.257228
v 0.257228 0.000000 -0.157630
v 0.267472 0.000000 -0.253330
v 0.227193 0.000000 -0.213051
v 0.177326 0.000000 -0.244068
v 0.195929 0.000000 -0.229403
v 0.244068 0.000000 -0.177326
v 0.213323 0.000000 -0.213323
v 0.229403 0.000000 -0.195929
v 0.697351 0.000000 -0.059068
v 0.698006 0.000000 -0.050749
v 0.483787 0.000000 -0.042260
v 0.484442 0.000000 -0.033941
v 0.590569 0.000000 -0.050664
v 0.591224 0.000000 -0.042345
v 0.669013 0.000000 -0.048467
v 0.668358 0.000000 -0.056786
v 0.564384 0.000000 -0.040233
v 0.563729 0.000000 -0.048552
v 0.460911 0.000000 -0.032089
v 0.460256 0.000000 -0.040409
v 0.382278 0.000000 -0.025849
v 0.381615 0.000000 -0.034271
v 0.305415 0.000000 -0.507966
v 0.313945 0.000000 -0.502739
v 0.690405 0.000000 -0.114414
v 0.691970 0.000000 -0.104533
v 0.679300 0.000000 -0.168230
v 0.681635 0.000000 -0.158502
v 0.664007 0.000000 -0.221008
v 0.667098 0.000000 -0.211494
v 0.644620 0.000000 -0.272425
v 0.648448 0.000000 -0.263182
v 0.621258 0.000000 -0.322161
v 0.625800 0.000000 -0.313247
v 0.594067 0.000000 -0.369911
v 0.599294 0.000000 -0.361381
v 0.563213 0.000000 -0.415381
v 0.569093 0.000000 -0.407287
v 0.528886 0.000000 -0.458290
v 0.535383 0.000000 -0.450682
v 0.491299 0.000000 -0.498373
v 0.498373 0.000000 -0.491299
v 0.450682 0.000000 -0.535383
v 0.458290 0.000000 -0.528886
v 0.407287 0.000000 -0.569093
v 0.415381 0.000000 -0.563213
v 0.361381 0.000000 -0.599294
v 0.369911 0.000000 -0.594067
v 0.313247 0.000000 -0.625800
v 0.322161 0.000000 -0.621258
v 0.263182 0.000000 -0.648448
v 0.272425 0.000000 -0.644620
v 0.211494 0.000000 -0.667098
v 0.221009 0.000000 -0.664007
v 0.158502 0.000000 -0.681635
v 0.168230 0.000000 -0.679300
v 0.104533 0.000000 -0.691970
v 0.114414 0.000000 -0.690405
v 0.049919 0.000000 -0.698039
v 0.059893 0.000000 -0.697254
v 0.281369 0.000000 -0.395782
v 0.289463 0.000000 -0.389901
v 0.344328 0.000000 -0.482437
v 0.352422 0.000000 -0.476557
v 0.311555 0.000000 -0.372486
v 0.319162 0.000000 -0.365989
v 0.381119 0.000000 -0.453935
v 0.388726 0.000000 -0.447437
v 0.339819 0.000000 -0.346893
v 0.346893 0.000000 -0.339819
v 0.415559 0.000000 -0.422633
v 0.422633 0.000000 -0.415559
v 0.365989 0.000000 -0.319162
v 0.372486 0.000000 -0.311555
v 0.447437 0.000000 -0.388726
v 0.453935 0.000000 -0.381118
v 0.389901 0.000000 -0.289463
v 0.395782 0.000000 -0.281369
v 0.476557 0.000000 -0.352422
v 0.482437 0.000000 -0.344328
v 0.411411 0.000000 -0.257979
v 0.416638 0.000000 -0.249449
v 0.502739 0.000000 -0.313945
v 0.507966 0.000000 -0.305415
v 0.430383 0.000000 -0.224905
v 0.434925 0.000000 -0.215991
v 0.033111 0.000000 -0.484475
v 0.043085 0.000000 -0.483690
v 0.041515 0.000000 -0.591257
v 0.051489 0.000000 -0.590472
v 0.071021 0.000000 -0.480383
v 0.080902 0.000000 -0.478818
v 0.087777 0.000000 -0.586177
v 0.097658 0.000000 -0.584612
v 0.108492 0.000000 -0.473330
v 0.118220 0.000000 -0.470995
v 0.133497 0.000000 -0.577483
v 0.143225 0.000000 -0.575147
v 0.145295 0.000000 -0.463359
v 0.154810 0.000000 -0.460267
v 0.178394 0.000000 -0.565229
v 0.187909 0.000000 -0.562137
v 0.181202 0.000000 -0.450531
v 0.190444 0.000000 -0.446702
v 0.222192 0.000000 -0.549490
v 0.231435 0.000000 -0.545661
v 0.215991 0.000000 -0.434925
v 0.224905 0.000000 -0.430383
v 0.264619 0.000000 -0.530363
v 0.273533 0.000000 -0.525821
v 0.249449 0.000000 -0.416638
v 0.257979 0.000000 -0.411411
v 0.525821 0.000000 -0.273533
v 0.530363 0.000000 -0.264619
v 0.446702 0.000000 -0.190444
v 0.450531 0.000000 -0.181202
v 0.545661 0.000000 -0.231434
v 0.549490 0.000000 -0.222192
v 0.460267 0.000000 -0.154809
v 0.463359 0.000000 -0.145295
v 0.562137 0.000000 -0.187909
v 0.565229 0.000000 -0.178394
v 0.470995 0.000000 -0.118220
v 0.473330 0.000000 -0.108492
v 0.575147 0.000000 -0.143225
v 0.577483 0.000000 -0.133497
v 0.478818 0.000000 -0.080902
v 0.480383 0.000000 -0.071021
v 0.584612 0.000000 -0.097658
v 0.586177 0.000000 -0.087777
v 0.057611 0.000000 -0.668261
v 0.047637 0.000000 -0.669046
v 0.109864 0.000000 -0.661681
v 0.099983 0.000000 -0.663246
v 0.161441 0.000000 -0.651021
v 0.151713 0.000000 -0.653356
v 0.212021 0.000000 -0.636348
v 0.202507 0.000000 -0.639439
v 0.261295 0.000000 -0.617751
v 0.252052 0.000000 -0.621579
v 0.308958 0.000000 -0.595346
v 0.300044 0.000000 -0.599887
v 0.354716 0.000000 -0.569270
v 0.346186 0.000000 -0.574497
v 0.398287 0.000000 -0.539684
v 0.390193 0.000000 -0.545565
v 0.439402 0.000000 -0.506771
v 0.431795 0.000000 -0.513269
v 0.477808 0.000000 -0.470734
v 0.470734 0.000000 -0.477808
v 0.513269 0.000000 -0.431795
v 0.506771 0.000000 -0.439402
v 0.545565 0.000000 -0.390193
v 0.539684 0.000000 -0.398287
v 0.574497 0.000000 -0.346186
v 0.569270 0.000000 -0.354716
v 0.599887 0.000000 -0.300044
v 0.595346 0.000000 -0.308958
v 0.621579 0.000000 -0.252052
v 0.617751 0.000000 -0.261295
v 0.639439 0.000000 -0.202507
v 0.636348 0.000000 -0.212021
v 0.653356 0.000000 -0.151713
v 0.651021 0.000000 -0.161441
v 0.663246 0.000000 -0.099983
v 0.661681 0.000000 -0.109864
v 0.049376 0.000000 -0.563631
v 0.039403 0.000000 -0.564416
v 0.093446 0.000000 -0.558020
v 0.083565 0.000000 -0.559585
v 0.136940 0.000000 -0.548968
v 0.127212 0.000000 -0.551303
v 0.179589 0.000000 -0.536532
v 0.170075 0.000000 -0.539623
v 0.221131 0.000000 -0.520787
v 0.211889 0.000000 -0.524616
v 0.261310 0.000000 -0.501832
v 0.252396 0.000000 -0.506374
v 0.299878 0.000000 -0.479783
v 0.291348 0.000000 -0.485010
v 0.336597 0.000000 -0.454776
v 0.328503 0.000000 -0.460656
v 0.371241 0.000000 -0.426965
v 0.363633 0.000000 -0.433462
v 0.403595 0.000000 -0.396521
v 0.396521 0.000000 -0.403595
v 0.433462 0.000000 -0.363633
v 0.426965 0.000000 -0.371241
v 0.460656 0.000000 -0.328503
v 0.454776 0.000000 -0.336597
v 0.485010 0.000000 -0.291348
v 0.479783 0.000000 -0.299878
v 0.506374 0.000000 -0.252396
v 0.501832 0.000000 -0.261310
v 0.524616 0.000000 -0.211889
v 0.520787 0.000000 -0.221131
v 0.539623 0.000000 -0.170075
v 0.536532 0.000000 -0.179589
v 0.551303 0.000000 -0.127212
v 0.548968 0.000000 -0.136940
v 0.559585 0.000000 -0.083565
v 0.558020 0.000000 -0.093446
v 0.041233 0.000000 -0.460159
v 0.031260 0.000000 -0.460943
v 0.077209 0.000000 -0.455505
v 0.067328 0.000000 -0.457070
v 0.112710 0.000000 -0.448043
v 0.102982 0.000000 -0.450379
v 0.147515 0.000000 -0.437819
v 0.138001 0.000000 -0.440910
v 0.181412 0.000000 -0.424895
v 0.172169 0.000000 -0.428724
v 0.214189 0.000000 -0.409352
v 0.205275 0.000000 -0.413894
v 0.245646 0.000000 -0.391285
v 0.237116 0.000000 -0.396512
v 0.275589 0.000000 -0.370806
v 0.267495 0.000000 -0.376686
v 0.303833 0.000000 -0.348040
v 0.296225 0.000000 -0.354537
v 0.330203 0.000000 -0.323129
v 0.323129 0.000000 -0.330203
v 0.354537 0.000000 -0.296225
v 0.348040 0.000000 -0.303833
v 0.376686 0.000000 -0.267495
v 0.370806 0.000000 -0.275589
v 0.396512 0.000000 -0.237116
v 0.391285 0.000000 -0.245646
v 0.413894 0.000000 -0.205275
v 0.409352 0.000000 -0.214189
v 0.428724 0.000000 -0.172169
v 0.424895 0.000000 -0.181412
v 0.440910 0.000000 -0.138001
v 0.437819 0.000000 -0.147515
v 0.450379 0.000000 -0.102982
v 0.448043 0.000000 -0.112710
v 0.457070 0.000000 -0.067328
v 0.455505 0.000000 -0.077209
v 0.035105 0.000000 -0.381517
v 0.025010 0.000000 -0.382311
v 0.029317 0.000000 -0.372509
v 0.379170 0.000000 -0.054928
v 0.377586 0.000000 -0.064930
v 0.369061 0.000000 -0.058454
v 0.350239 0.000000 -0.113799
v 0.373692 0.000000 -0.084508
v 0.371328 0.000000 -0.094355
v 0.363337 0.000000 -0.087229
v 0.094355 0.000000 -0.371328
v 0.084508 0.000000 -0.373692
v 0.087230 0.000000 -0.363337
v 0.064930 0.000000 -0.377586
v 0.054928 0.000000 -0.379170
v 0.058454 0.000000 -0.369061
v 0.365910 0.000000 -0.113567
v 0.362780 0.000000 -0.123198
v 0.355373 0.000000 -0.115468
v 0.328125 0.000000 -0.167188
v 0.355871 0.000000 -0.141926
v 0.351996 0.000000 -0.151282
v 0.345218 0.000000 -0.142994
v 0.151282 0.000000 -0.351996
v 0.141926 0.000000 -0.355871
v 0.142994 0.000000 -0.345218
v 0.123198 0.000000 -0.362780
v 0.113567 0.000000 -0.365909
v 0.057609 0.000000 -0.363729
v 0.115468 0.000000 -0.355373
v 0.343639 0.000000 -0.169410
v 0.339041 0.000000 -0.178433
v 0.297931 0.000000 -0.216459
v 0.332935 0.000000 -0.169639
v 0.329287 0.000000 -0.195849
v 0.323996 0.000000 -0.204484
v 0.318599 0.000000 -0.195237
v 0.204484 0.000000 -0.323996
v 0.195849 0.000000 -0.329287
v 0.195237 0.000000 -0.318599
v 0.178433 0.000000 -0.339041
v 0.169410 0.000000 -0.343639
v 0.169639 0.000000 -0.332935
v 0.113799 0.000000 -0.350239
v 0.252650 0.000000 -0.288019
v 0.244950 0.000000 -0.294596
v 0.242674 0.000000 -0.284134
v 0.229274 0.000000 -0.306954
v 0.221081 0.000000 -0.312906
v 0.167188 0.000000 -0.328125
v 0.219633 0.000000 -0.302298
v 0.312906 0.000000 -0.221081
v 0.306954 0.000000 -0.229274
v 0.299232 0.000000 -0.237003
v 0.302298 0.000000 -0.219633
v 0.294596 0.000000 -0.244950
v 0.288019 0.000000 -0.252650
v 0.284134 0.000000 -0.242674
v 0.274469 0.000000 -0.267309
v 0.267309 0.000000 -0.274469
v 0.264218 0.000000 -0.264218
v 0.363729 0.000000 -0.057609
v 0.260401 0.000000 -0.260401
v 0.216460 0.000000 -0.297931
v 0.371579 0.000000 -0.018818
v 0.674500 0.000000 -0.034767
v 0.698582 0.000000 -0.036099
v 0.464216 0.000000 -0.023287
v 0.481863 0.000000 -0.024251
v 0.568202 0.000000 -0.028971
v 0.588330 0.000000 -0.030072
v 0.381441 0.000000 -0.014176
v 0.370407 0.000000 -0.039484
v 0.670713 0.000000 -0.078963
v 0.694661 0.000000 -0.081800
v 0.461600 0.000000 -0.054216
v 0.479149 0.000000 -0.056293
v 0.565007 0.000000 -0.066455
v 0.585023 0.000000 -0.068824
v 0.379287 0.000000 -0.043661
v 0.364158 0.000000 -0.076761
v 0.662369 0.000000 -0.131753
v 0.686020 0.000000 -0.136458
v 0.473174 0.000000 -0.094120
v 0.557970 0.000000 -0.110987
v 0.455842 0.000000 -0.090673
v 0.577739 0.000000 -0.114919
v 0.374215 0.000000 -0.075323
v 0.359316 0.000000 -0.096929
v 0.649990 0.000000 -0.183316
v 0.673199 0.000000 -0.189862
v 0.464331 0.000000 -0.130955
v 0.547542 0.000000 -0.154423
v 0.447323 0.000000 -0.126158
v 0.566941 0.000000 -0.159894
v 0.367624 0.000000 -0.102777
v 0.633528 0.000000 -0.233952
v 0.656149 0.000000 -0.242308
v 0.452576 0.000000 -0.167114
v 0.533678 0.000000 -0.197071
v 0.435999 0.000000 -0.160991
v 0.552585 0.000000 -0.204054
v 0.357794 0.000000 -0.133031
v 0.347652 0.000000 -0.132881
v 0.339729 0.000000 -0.151945
v 0.613310 0.000000 -0.282740
v 0.635210 0.000000 -0.292836
v 0.438128 0.000000 -0.201980
v 0.516644 0.000000 -0.238176
v 0.422080 0.000000 -0.194582
v 0.534949 0.000000 -0.246615
v 0.347020 0.000000 -0.159020
v 0.589236 0.000000 -0.329988
v 0.610276 0.000000 -0.341771
v 0.420930 0.000000 -0.235732
v 0.496364 0.000000 -0.277977
v 0.405512 0.000000 -0.227098
v 0.513950 0.000000 -0.287826
v 0.332623 0.000000 -0.187275
v 0.322614 0.000000 -0.185535
v 0.311777 0.000000 -0.203220
v 0.561529 0.000000 -0.375202
v 0.581580 0.000000 -0.388599
v 0.401137 0.000000 -0.268031
v 0.473024 0.000000 -0.316065
v 0.386444 0.000000 -0.258214
v 0.489783 0.000000 -0.327263
v 0.317871 0.000000 -0.211348
v 0.530360 0.000000 -0.418102
v 0.549298 0.000000 -0.433032
v 0.378871 0.000000 -0.298678
v 0.446768 0.000000 -0.352203
v 0.364994 0.000000 -0.287738
v 0.462597 0.000000 -0.364682
v 0.289618 0.000000 -0.233719
v 0.276148 0.000000 -0.249491
v 0.495921 0.000000 -0.458425
v 0.513629 0.000000 -0.474794
v 0.354269 0.000000 -0.327483
v 0.417757 0.000000 -0.386171
v 0.341293 0.000000 -0.315488
v 0.432558 0.000000 -0.399853
v 0.280896 0.000000 -0.258472
v 0.458425 0.000000 -0.495921
v 0.474794 0.000000 -0.513629
v 0.327483 0.000000 -0.354269
v 0.386171 0.000000 -0.417757
v 0.315488 0.000000 -0.341293
v 0.399853 0.000000 -0.432558
v 0.258472 0.000000 -0.280896
v 0.249491 0.000000 -0.276148
v 0.233719 0.000000 -0.289618
v 0.418102 0.000000 -0.530360
v 0.433032 0.000000 -0.549298
v 0.298678 0.000000 -0.378871
v 0.352203 0.000000 -0.446768
v 0.287738 0.000000 -0.364994
v 0.364682 0.000000 -0.462597
v 0.237003 0.000000 -0.299232
v 0.327263 0.000000 -0.489783
v 0.375202 0.000000 -0.561529
v 0.316065 0.000000 -0.473024
v 0.388599 0.000000 -0.581580
v 0.258214 0.000000 -0.386444
v 0.268031 0.000000 -0.401137
v 0.211348 0.000000 -0.317871
v 0.203220 0.000000 -0.311777
v 0.185535 0.000000 -0.322614
v 0.277977 0.000000 -0.496364
v 0.287826 0.000000 -0.513950
v 0.329988 0.000000 -0.589236
v 0.341771 0.000000 -0.610276
v 0.235732 0.000000 -0.420930
v 0.227098 0.000000 -0.405512
v 0.187275 0.000000 -0.332623
v 0.282740 0.000000 -0.613310
v 0.292836 0.000000 -0.635210
v 0.201980 0.000000 -0.438128
v 0.238176 0.000000 -0.516644
v 0.194582 0.000000 -0.422080
v 0.246615 0.000000 -0.534949
v 0.159020 0.000000 -0.347020
v 0.151945 0.000000 -0.339729
v 0.132447 0.000000 -0.347714
v 0.233054 0.000000 -0.633859
v 0.241369 0.000000 -0.656495
v 0.166531 0.000000 -0.452791
v 0.196346 0.000000 -0.533945
v 0.160438 0.000000 -0.436204
v 0.203297 0.000000 -0.552865
v 0.132610 0.000000 -0.357929
v 0.183316 0.000000 -0.649990
v 0.189862 0.000000 -0.673199
v 0.130955 0.000000 -0.464331
v 0.154423 0.000000 -0.547542
v 0.126158 0.000000 -0.447323
v 0.159894 0.000000 -0.566941
v 0.102777 0.000000 -0.367624
v 0.096929 0.000000 -0.359316
v 0.076761 0.000000 -0.364158
v 0.131753 0.000000 -0.662369
v 0.136458 0.000000 -0.686020
v 0.094120 0.000000 -0.473174
v 0.110987 0.000000 -0.557970
v 0.090673 0.000000 -0.455842
v 0.114919 0.000000 -0.577739
v 0.075323 0.000000 -0.374215
v 0.078587 0.000000 -0.670758
v 0.081385 0.000000 -0.694710
v 0.056191 0.000000 -0.479161
v 0.066228 0.000000 -0.565034
v 0.054140 0.000000 -0.461609
v 0.068568 0.000000 -0.585054
v 0.043638 0.000000 -0.379235
v 0.039182 0.000000 -0.370174
v 0.019362 0.000000 -0.371314
v 0.032522 0.000000 -0.674589
v 0.033792 0.000000 -0.698672
v 0.021608 0.000000 -0.464282
v 0.022525 0.000000 -0.481931
v 0.027014 0.000000 -0.568279
v 0.028060 0.000000 -0.588409
v 0.015058 0.000000 -0.380917
v -0.700000 0.000000 0.000000
v -0.303809 0.000000 -0.208369
v -0.267472 0.000000 -0.253330
v -0.208369 0.000000 -0.303809
v -0.158278 0.000000 -0.332665
v -0.383294 0.000000 0.000000
v -0.485776 0.000000 0.000000
v -0.592888 0.000000 0.000000
v -0.365293 0.000000 -0.047732
v -0.353329 0.000000 -0.104289
v -0.332665 0.000000 -0.158278
v -0.022695 0.000000 -0.288369
v -0.045250 0.000000 -0.285699
v -0.067527 0.000000 -0.281269
v -0.089386 0.000000 -0.275103
v -0.110695 0.000000 -0.267242
v -0.131322 0.000000 -0.257733
v -0.151138 0.000000 -0.246635
v -0.170023 0.000000 -0.234017
v -0.187860 0.000000 -0.219956
v -0.204538 0.000000 -0.204538
v -0.219956 0.000000 -0.187860
v -0.234017 0.000000 -0.170023
v -0.246635 0.000000 -0.151138
v -0.257733 0.000000 -0.131322
v -0.267242 0.000000 -0.110695
v -0.275103 0.000000 -0.089386
v -0.281269 0.000000 -0.067527
v -0.285700 0.000000 -0.045250
v -0.288369 0.000000 -0.022695
v -0.289261 0.000000 0.000000
v -0.104289 0.000000 -0.353329
v -0.047732 0.000000 -0.365293
v -0.029382 0.000000 -0.373337
v -0.670917 0.000000 0.000000
v -0.023970 0.000000 -0.304564
v -0.038821 0.000000 -0.309031
v -0.071319 0.000000 -0.297064
v -0.086686 0.000000 -0.299154
v -0.116912 0.000000 -0.282250
v -0.132417 0.000000 -0.281910
v -0.159626 0.000000 -0.260486
v -0.174887 0.000000 -0.257724
v -0.198410 0.000000 -0.232308
v -0.227193 0.000000 -0.213051
v -0.232308 0.000000 -0.198410
v -0.257724 0.000000 -0.174887
v -0.260486 0.000000 -0.159626
v -0.281910 0.000000 -0.132417
v -0.282250 0.000000 -0.116912
v -0.299154 0.000000 -0.086686
v -0.297064 0.000000 -0.071319
v -0.309031 0.000000 -0.038821
v -0.304564 0.000000 -0.023970
v -0.301685 0.000000 0.000000
v -0.289115 0.000000 -0.003719
v -0.699646 0.000000 -0.009001
v -0.592588 0.000000 -0.007623
v -0.485530 0.000000 -0.006246
v -0.367655 0.000000 -0.011477
v -0.670578 0.000000 -0.008627
v -0.310748 0.000000 -0.010061
v -0.565964 0.000000 0.000000
v -0.565679 0.000000 -0.007277
v -0.462172 0.000000 0.000000
v -0.461938 0.000000 -0.005943
v -0.004415 0.000000 -0.289087
v -0.009049 0.000000 -0.592532
v -0.007414 0.000000 -0.485484
v -0.013428 0.000000 -0.367819
v -0.010684 0.000000 -0.699580
v -0.010240 0.000000 -0.670515
v -0.011683 0.000000 -0.310925
v -0.008638 0.000000 -0.565625
v -0.007054 0.000000 -0.461895
v -0.005850 0.000000 -0.383064
v -0.067486 0.000000 -0.362165
v -0.362165 0.000000 -0.067486
v -0.058575 0.000000 -0.305903
v -0.305903 0.000000 -0.058575
v -0.300755 0.000000 -0.023670
v -0.023670 0.000000 -0.300755
v -0.004605 0.000000 -0.301504
v -0.383100 0.000000 -0.004928
v -0.301532 0.000000 -0.003879
v -0.123310 0.000000 -0.347149
v -0.347149 0.000000 -0.123310
v -0.047194 0.000000 -0.297971
v -0.105707 0.000000 -0.292973
v -0.292973 0.000000 -0.105707
v -0.297971 0.000000 -0.047194
v -0.293349 0.000000 -0.070427
v -0.070427 0.000000 -0.293349
v -0.176098 0.000000 -0.323585
v -0.323585 0.000000 -0.176098
v -0.093226 0.000000 -0.286919
v -0.150237 0.000000 -0.272830
v -0.272830 0.000000 -0.150237
v -0.286919 0.000000 -0.093226
v -0.278720 0.000000 -0.115450
v -0.115450 0.000000 -0.278720
v -0.224550 0.000000 -0.292053
v -0.292053 0.000000 -0.224550
v -0.136962 0.000000 -0.268803
v -0.191068 0.000000 -0.245969
v -0.245969 0.000000 -0.191068
v -0.268803 0.000000 -0.136962
v -0.257228 0.000000 -0.157630
v -0.157630 0.000000 -0.257228
v -0.253330 0.000000 -0.267472
v -0.213051 0.000000 -0.227193
v -0.244068 0.000000 -0.177326
v -0.229403 0.000000 -0.195929
v -0.177326 0.000000 -0.244068
v -0.213323 0.000000 -0.213323
v -0.195929 0.000000 -0.229403
v -0.059068 0.000000 -0.697351
v -0.050749 0.000000 -0.698006
v -0.042261 0.000000 -0.483787
v -0.033941 0.000000 -0.484442
v -0.050664 0.000000 -0.590569
v -0.042345 0.000000 -0.591224
v -0.048467 0.000000 -0.669013
v -0.056786 0.000000 -0.668358
v -0.040233 0.000000 -0.564384
v -0.048552 0.000000 -0.563729
v -0.032089 0.000000 -0.460911
v -0.040409 0.000000 -0.460256
v -0.025849 0.000000 -0.382278
v -0.034271 0.000000 -0.381615
v -0.507966 0.000000 -0.305415
v -0.502739 0.000000 -0.313945
v -0.114414 0.000000 -0.690405
v -0.104533 0.000000 -0.691970
v -0.168230 0.000000 -0.679300
v -0.158502 0.000000 -0.681636
v -0.221009 0.000000 -0.664007
v -0.211494 0.000000 -0.667098
v -0.272425 0.000000 -0.644620
v -0.263182 0.000000 -0.648448
v -0.322161 0.000000 -0.621258
v -0.313247 0.000000 -0.625800
v -0.369911 0.000000 -0.594067
v -0.361381 0.000000 -0.599294
v -0.415381 0.000000 -0.563213
v -0.407287 0.000000 -0.569093
v -0.458290 0.000000 -0.528886
v -0.450682 0.000000 -0.535383
v -0.498373 0.000000 -0.491299
v -0.491299 0.000000 -0.498373
v -0.535383 0.000000 -0.450682
v -0.528886 0.000000 -0.458290
v -0.569093 0.000000 -0.407287
v -0.563213 0.000000 -0.415381
v -0.599294 0.000000 -0.361381
v -0.594067 0.000000 -0.369911
v -0.625800 0.000000 -0.313247
v -0.621258 0.000000 -0.322161
v -0.648448 0.000000 -0.263182
v -0.644620 0.000000 -0.272425
v -0.667098 0.000000 -0.211494
v -0.664007 0.000000 -0.221008
v -0.681636 0.000000 -0.158502
v -0.679300 0.000000 -0.168230
v -0.691970 0.000000 -0.104533
v -0.690405 0.000000 -0.114414
v -0.698039 0.000000 -0.049919
v -0.697254 0.000000 -0.059893
v -0.395782 0.000000 -0.281369
v -0.389902 0.000000 -0.289463
v -0.482438 0.000000 -0.344328
v -0.476557 0.000000 -0.352422
v -0.372486 0.000000 -0.311555
v -0.365989 0.000000 -0.319162
v -0.453935 0.000000 -0.381118
v -0.447437 0.000000 -0.388726
v -0.346893 0.000000 -0.339819
v -0.339819 0.000000 -0.346893
v -0.422633 0.000000 -0.415559
v -0.415559 0.000000 -0.422633
v -0.319162 0.000000 -0.365989
v -0.311555 0.000000 -0.372486
v -0.388726 0.000000 -0.447437
v -0.381119 0.000000 -0.453935
v -0.289463 0.000000 -0.389901
v -0.281369 0.000000 -0.395782
v -0.352422 0.000000 -0.476557
v -0.344328 0.000000 -0.482437
v -0.257979 0.000000 -0.411411
v -0.249449 0.000000 -0.416638
v -0.313945 0.000000 -0.502739
v -0.305415 0.000000 -0.507966
v -0.224905 0.000000 -0.430383
v -0.215991 0.000000 -0.434925
v -0.484475 0.000000 -0.033111
v -0.483690 0.000000 -0.043085
v -0.591257 0.000000 -0.041515
v -0.590472 0.000000 -0.051489
v -0.480383 0.000000 -0.071021
v -0.478818 0.000000 -0.080902
v -0.586177 0.000000 -0.087777
v -0.584612 0.000000 -0.097658
v -0.473330 0.000000 -0.108492
v -0.470995 0.000000 -0.118220
v -0.577483 0.000000 -0.133497
v -0.575147 0.000000 -0.143225
v -0.463359 0.000000 -0.145295
v -0.460267 0.000000 -0.154809
v -0.565229 0.000000 -0.178394
v -0.562137 0.000000 -0.187909
v -0.450531 0.000000 -0.181202
v -0.446702 0.000000 -0.190444
v -0.549490 0.000000 -0.222192
v -0.545661 0.000000 -0.231434
v -0.434925 0.000000 -0.215991
v -0.430383 0.000000 -0.224905
v -0.530363 0.000000 -0.264619
v -0.525821 0.000000 -0.273533
v -0.416638 0.000000 -0.249449
v -0.411411 0.000000 -0.257979
v -0.273533 0.000000 -0.525821
v -0.264619 0.000000 -0.530363
v -0.190444 0.000000 -0.446702
v -0.181202 0.000000 -0.450531
v -0.231435 0.000000 -0.545661
v -0.222192 0.000000 -0.549490
v -0.154810 0.000000 -0.460268
v -0.145295 0.000000 -0.463359
v -0.187909 0.000000 -0.562137
v -0.178394 0.000000 -0.565229
v -0.118220 0.000000 -0.470995
v -0.108492 0.000000 -0.473330
v -0.143225 0.000000 -0.575147
v -0.133497 0.000000 -0.577483
v -0.080902 0.000000 -0.478818
v -0.071021 0.000000 -0.480383
v -0.097658 0.000000 -0.584612
v -0.087777 0.000000 -0.586177
v -0.668261 0.000000 -0.057611
v -0.669046 0.000000 -0.047637
v -0.661681 0.000000 -0.109864
v -0.663246 0.000000 -0.099983
v -0.651021 0.000000 -0.161441
v -0.653356 0.000000 -0.151713
v -0.636348 0.000000 -0.212021
v -0.639439 0.000000 -0.202507
v -0.617751 0.000000 -0.261295
v -0.621579 0.000000 -0.252052
v -0.595346 0.000000 -0.308958
v -0.599887 0.000000 -0.300044
v -0.569270 0.000000 -0.354716
v -0.574497 0.000000 -0.346186
v -0.539684 0.000000 -0.398287
v -0.545565 0.000000 -0.390193
v -0.506771 0.000000 -0.439402
v -0.513269 0.000000 -0.431795
v -0.470734 0.000000 -0.477808
v -0.477808 0.000000 -0.470734
v -0.431795 0.000000 -0.513269
v -0.439402 0.000000 -0.506771
v -0.390193 0.000000 -0.545565
v -0.398287 0.000000 -0.539684
v -0.346186 0.000000 -0.574497
v -0.354716 0.000000 -0.569270
v -0.300044 0.000000 -0.599887
v -0.308958 0.000000 -0.595346
v -0.252052 0.000000 -0.621579
v -0.261295 0.000000 -0.617751
v -0.202507 0.000000 -0.639439
v -0.212022 0.000000 -0.636348
v -0.151713 0.000000 -0.653356
v -0.161441 0.000000 -0.651021
v -0.099983 0.000000 -0.663246
v -0.109865 0.000000 -0.661681
v -0.563631 0.000000 -0.049376
v -0.564416 0.000000 -0.039403
v -0.558020 0.000000 -0.093446
v -0.559585 0.000000 -0.083565
v -0.548968 0.000000 -0.136940
v -0.551304 0.000000 -0.127212
v -0.536532 0.000000 -0.179589
v -0.539623 0.000000 -0.170074
v -0.520787 0.000000 -0.221131
v -0.524616 0.000000 -0.211889
v -0.501832 0.000000 -0.261310
v -0.506374 0.000000 -0.252396
v -0.479783 0.000000 -0.299878
v -0.485010 0.000000 -0.291348
v -0.454776 0.000000 -0.336597
v -0.460656 0.000000 -0.328503
v -0.426965 0.000000 -0.371241
v -0.433462 0.000000 -0.363633
v -0.396521 0.000000 -0.403595
v -0.403595 0.000000 -0.396521
v -0.363633 0.000000 -0.433462
v -0.371241 0.000000 -0.426965
v -0.328503 0.000000 -0.460656
v -0.336597 0.000000 -0.454776
v -0.291348 0.000000 -0.485010
v -0.299878 0.000000 -0.479783
v -0.252396 0.000000 -0.506374
v -0.261310 0.000000 -0.501832
v -0.211889 0.000000 -0.524616
v -0.221131 0.000000 -0.520787
v -0.170075 0.000000 -0.539623
v -0.179589 0.000000 -0.536532
v -0.127212 0.000000 -0.551304
v -0.136940 0.000000 -0.548968
v -0.083565 0.000000 -0.559585
v -0.093446 0.000000 -0.558020
v -0.460159 0.000000 -0.041233
v -0.460944 0.000000 -0.031259
v -0.455505 0.000000 -0.077209
v -0.457070 0.000000 -0.067328
v -0.448043 0.000000 -0.112710
v -0.450379 0.000000 -0.102982
v -0.437819 0.000000 -0.147515
v -0.440910 0.000000 -0.138001
v -0.424895 0.000000 -0.181412
v -0.428724 0.000000 -0.172169
v -0.409352 0.000000 -0.214189
v -0.413894 0.000000 -0.205275
v -0.391285 0.000000 -0.245646
v -0.396512 0.000000 -0.237116
v -0.370806 0.000000 -0.275589
v -0.376686 0.000000 -0.267495
v -0.348040 0.000000 -0.303833
v -0.354537 0.000000 -0.296225
v -0.323129 0.000000 -0.330203
v -0.330203 0.000000 -0.323129
v -0.296225 0.000000 -0.354537
v -0.303833 0.000000 -0.348040
v -0.267495 0.000000 -0.376686
v -0.275589 0.000000 -0.370806
v -0.237116 0.000000 -0.396512
v -0.245646 0.000000 -0.391285
v -0.205275 0.000000 -0.413894
v -0.214189 0.000000 -0.409352
v -0.172169 0.000000 -0.428724
v -0.181412 0.000000 -0.424895
v -0.138001 0.000000 -0.440910
v -0.147516 0.000000 -0.437819
v -0.102982 0.000000 -0.450379
v -0.112710 0.000000 -0.448043
v -0.067328 0.000000 -0.457070
v -0.077209 0.000000 -0.455505
v -0.381517 0.000000 -0.035105
v -0.382311 0.000000 -0.025010
v -0.372509 0.000000 -0.029317
v -0.054928 0.000000 -0.379170
v -0.064930 0.000000 -0.377586
v -0.058454 0.000000 -0.369061
v -0.113799 0.000000 -0.350239
v -0.084508 0.000000 -0.373692
v -0.094355 0.000000 -0.371328
v -0.087230 0.000000 -0.363337
v -0.371328 0.000000 -0.094355
v -0.373692 0.000000 -0.084508
v -0.363337 0.000000 -0.087229
v -0.377586 0.000000 -0.064930
v -0.379170 0.000000 -0.054928
v -0.369061 0.000000 -0.058454
v -0.113567 0.000000 -0.365910
v -0.123198 0.000000 -0.362780
v -0.115468 0.000000 -0.355373
v -0.167188 0.000000 -0.328125
v -0.141926 0.000000 -0.355871
v -0.151282 0.000000 -0.351996
v -0.142994 0.000000 -0.345218
v -0.351996 0.000000 -0.151282
v -0.355871 0.000000 -0.141926
v -0.345218 0.000000 -0.142994
v -0.362780 0.000000 -0.123198
v -0.365909 0.000000 -0.113567
v -0.363729 0.000000 -0.057609
v -0.355373 0.000000 -0.115468
v -0.169410 0.000000 -0.343639
v -0.178433 0.000000 -0.339041
v -0.216460 0.000000 -0.297931
v -0.169639 0.000000 -0.332935
v -0.195849 0.000000 -0.329287
v -0.204484 0.000000 -0.323996
v -0.195238 0.000000 -0.318599
v -0.323996 0.000000 -0.204484
v -0.329288 0.000000 -0.195849
v -0.318599 0.000000 -0.195237
v -0.339041 0.000000 -0.178433
v -0.343639 0.000000 -0.169410
v -0.332935 0.000000 -0.169639
v -0.350239 0.000000 -0.113799
v -0.288019 0.000000 -0.252650
v -0.294596 0.000000 -0.244950
v -0.284134 0.000000 -0.242674
v -0.306954 0.000000 -0.229274
v -0.312906 0.000000 -0.221081
v -0.328125 0.000000 -0.167188
v -0.302298 0.000000 -0.219633
v -0.221081 0.000000 -0.312906
v -0.229274 0.000000 -0.306954
v -0.237003 0.000000 -0.299232
v -0.219633 0.000000 -0.302298
v -0.244950 0.000000 -0.294596
v -0.252650 0.000000 -0.288019
v -0.242674 0.000000 -0.284134
v -0.267309 0.000000 -0.274469
v -0.274469 0.000000 -0.267309
v -0.264218 0.000000 -0.264218
v -0.057609 0.000000 -0.363729
v -0.260401 0.000000 -0.260401
v -0.297931 0.000000 -0.216459
v -0.018818 0.000000 -0.371579
v -0.034767 0.000000 -0.674500
v -0.036099 0.000000 -0.698582
v -0.023287 0.000000 -0.464216
v -0.024251 0.000000 -0.481863
v -0.028971 0.000000 -0.568202
v -0.030072 0.000000 -0.588331
v -0.014176 0.000000 -0.381441
v -0.039484 0.000000 -0.370407
v -0.078963 0.000000 -0.670713
v -0.081801 0.000000 -0.694661
v -0.054216 0.000000 -0.461600
v -0.056293 0.000000 -0.479149
v -0.066455 0.000000 -0.565007
v -0.068824 0.000000 -0.585023
v -0.043661 0.000000 -0.379287
v -0.076761 0.000000 -0.364158
v -0.131753 0.000000 -0.662369
v -0.136458 0.000000 -0.686020
v -0.094120 0.000000 -0.473174
v -0.110987 0.000000 -0.557970
v -0.090673 0.000000 -0.455842
v -0.114919 0.000000 -0.577739
v -0.075323 0.000000 -0.374215
v -0.096929 0.000000 -0.359316
v -0.183316 0.000000 -0.649990
v -0.189862 0.000000 -0.673199
v -0.130955 0.000000 -0.464331
v -0.154423 0.000000 -0.547542
v -0.126158 0.000000 -0.447323
v -0.159894 0.000000 -0.566942
v -0.102777 0.000000 -0.367624
v -0.233952 0.000000 -0.633528
v -0.242308 0.000000 -0.656149
v -0.167114 0.000000 -0.452576
v -0.197071 0.000000 -0.533678
v -0.160991 0.000000 -0.435999
v -0.204055 0.000000 -0.552585
v -0.133031 0.000000 -0.357794
v -0.132881 0.000000 -0.347652
v -0.151945 0.000000 -0.339729
v -0.282740 0.000000 -0.613310
v -0.292836 0.000000 -0.635210
v -0.201980 0.000000 -0.438128
v -0.238176 0.000000 -0.516644
v -0.194582 0.000000 -0.422080
v -0.246615 0.000000 -0.534949
v -0.159020 0.000000 -0.347020
v -0.329988 0.000000 -0.589236
v -0.341771 0.000000 -0.610276
v -0.235732 0.000000 -0.420930
v -0.277977 0.000000 -0.496364
v -0.227098 0.000000 -0.405512
v -0.287826 0.000000 -0.513950
v -0.187275 0.000000 -0.332623
v -0.185535 0.000000 -0.322614
v -0.203220 0.000000 -0.311777
v -0.375202 0.000000 -0.561529
v -0.388599 0.000000 -0.581580
v -0.268031 0.000000 -0.401137
v -0.316065 0.000000 -0.473024
v -0.258214 0.000000 -0.386444
v -0.327263 0.000000 -0.489783
v -0.211348 0.000000 -0.317871
v -0.418102 0.000000 -0.530360
v -0.433032 0.000000 -0.549298
v -0.298678 0.000000 -0.378871
v -0.352203 0.000000 -0.446768
v -0.287738 0.000000 -0.364994
v -0.364682 0.000000 -0.462597
v -0.233719 0.000000 -0.289618
v -0.249491 0.000000 -0.276148
v -0.458425 0.000000 -0.495921
v -0.474794 0.000000 -0.513629
v -0.327483 0.000000 -0.354269
v -0.386171 0.000000 -0.417757
v -0.315488 0.000000 -0.341293
v -0.399853 0.000000 -0.432558
v -0.258472 0.000000 -0.280896
v -0.495921 0.000000 -0.458425
v -0.513629 0.000000 -0.474794
v -0.354269 0.000000 -0.327483
v -0.417757 0.000000 -0.386171
v -0.341293 0.000000 -0.315488
v -0.432558 0.000000 -0.399853
v -0.280896 0.000000 -0.258472
v -0.276148 0.000000 -0.249491
v -0.289618 0.000000 -0.233719
v -0.530360 0.000000 -0.418102
v -0.549298 0.000000 -0.433032
v -0.378871 0.000000 -0.298678
v -0.446768 0.000000 -0.352203
v -0.364994 0.000000 -0.287738
v -0.462597 0.000000 -0.364682
v -0.299232 0.000000 -0.237003
v -0.489783 0.000000 -0.327263
v -0.561529 0.000000 -0.375202
v -0.473024 0.000000 -0.316065
v -0.581580 0.000000 -0.388599
v -0.386444 0.000000 -0.258214
v -0.401137 0.000000 -0.268031
v -0.317871 0.000000 -0.211348
v -0.311777 0.000000 -0.203220
v -0.322614 0.000000 -0.185535
v -0.496364 0.000000 -0.277977
v -0.513950 0.000000 -0.287826
v -0.589236 0.000000 -0.329988
v -0.610276 0.000000 -0.341771
v -0.420930 0.000000 -0.235732
v -0.405512 0.000000 -0.227098
v -0.332623 0.000000 -0.187275
v -0.613310 0.000000 -0.282740
v -0.635210 0.000000 -0.292836
v -0.438128 0.000000 -0.201980
v -0.516644 0.000000 -0.238176
v -0.422080 0.000000 -0.194582
v -0.534949 0.000000 -0.246615
v -0.347020 0.000000 -0.159020
v -0.339729 0.000000 -0.151945
v -0.347714 0.000000 -0.132447
v -0.633859 0.000000 -0.233054
v -0.656495 0.000000 -0.241369
v -0.452791 0.000000 -0.166531
v -0.533945 0.000000 -0.196346
v -0.436204 0.000000 -0.160437
v -0.552865 0.000000 -0.203297
v -0.357929 0.000000 -0.132610
v -0.649990 0.000000 -0.183316
v -0.673199 0.000000 -0.189862
v -0.464331 0.000000 -0.130955
v -0.547542 0.000000 -0.154423
v -0.447323 0.000000 -0.126158
v -0.566942 0.000000 -0.159894
v -0.367624 0.000000 -0.102777
v -0.359316 0.000000 -0.096929
v -0.364158 0.000000 -0.076761
v -0.662369 0.000000 -0.131753
v -0.686020 0.000000 -0.136458
v -0.473174 0.000000 -0.094120
v -0.557970 0.000000 -0.110987
v -0.455842 0.000000 -0.090673
v -0.577739 0.000000 -0.114919
v -0.374215 0.000000 -0.075323
v -0.670758 0.000000 -0.078587
v -0.694710 0.000000 -0.081385
v -0.479161 0.000000 -0.056191
v -0.565034 0.000000 -0.066228
v -0.461609 0.000000 -0.054140
v -0.585054 0.000000 -0.068568
v -0.379235 0.000000 -0.043638
v -0.370174 0.000000 -0.039182
v -0.371314 0.000000 -0.019362
v -0.674589 0.000000 -0.032521
v -0.698672 0.000000 -0.033792
v -0.464282 0.000000 -0.021608
v -0.481931 0.000000 -0.022525
v -0.568279 0.000000 -0.027014
v -0.588409 0.000000 -0.028060
v -0.380918 0.000000 -0.015058
v -0.208369 0.000000 0.303809
v -0.253330 0.000000 0.267472
v -0.303809 0.000000 0.208369
v -0.332665 0.000000 0.158278
v -0.047732 0.000000 0.365293
v -0.104289 0.000000 0.353329
v -0.158278 0.000000 0.332665
v -0.288369 0.000000 0.022695
v -0.285699 0.000000 0.045250
v -0.281268 0.000000 0.067527
v -0.275103 0.000000 0.089386
v -0.267242 0.000000 0.110695
v -0.257733 0.000000 0.131322
v -0.246635 0.000000 0.151138
v -0.234017 0.000000 0.170023
v -0.219956 0.000000 0.187860
v -0.204538 0.000000 0.204538
v -0.187860 0.000000 0.219956
v -0.170023 0.000000 0.234017
v -0.151138 0.000000 0.246635
v -0.131322 0.000000 0.257733
v -0.110695 0.000000 0.267242
v -0.089386 0.000000 0.275103
v -0.067527 0.000000 0.281268
v -0.045250 0.000000 0.285700
v -0.022695 0.000000 0.288369
v -0.353329 0.000000 0.104289
v -0.365293 0.000000 0.047732
v -0.373336 0.000000 0.029382
v -0.304564 0.000000 0.023970
v -0.309031 0.000000 0.038821
v -0.297064 0.000000 0.071319
v -0.299154 0.000000 0.086686
v -0.282250 0.000000 0.116912
v -0.281910 0.000000 0.132417
v -0.260486 0.000000 0.159626
v -0.257724 0.000000 0.174887
v -0.232308 0.000000 0.198410
v -0.213051 0.000000 0.227193
v -0.198410 0.000000 0.232308
v -0.174887 0.000000 0.257724
v -0.159626 0.000000 0.260486
v -0.132417 0.000000 0.281910
v -0.116912 0.000000 0.282250
v -0.086686 0.000000 0.299154
v -0.071319 0.000000 0.297064
v -0.038821 0.000000 0.309031
v -0.023970 0.000000 0.304564
v -0.003719 0.000000 0.289115
v -0.009001 0.000000 0.699646
v -0.007623 0.000000 0.592588
v -0.006246 0.000000 0.485530
v -0.011477 0.000000 0.367655
v -0.008627 0.000000 0.670578
v -0.010061 0.000000 0.310748
v -0.007277 0.000000 0.565678
v -0.005943 0.000000 0.461938
v -0.289087 0.000000 0.004415
v -0.592532 0.000000 0.009049
v -0.485484 0.000000 0.007414
v -0.367819 0.000000 0.013428
v -0.699580 0.000000 0.010684
v -0.670515 0.000000 0.010240
v -0.310925 0.000000 0.011683
v -0.565625 0.000000 0.008638
v -0.461895 0.000000 0.007054
v -0.383064 0.000000 0.005850
v -0.362165 0.000000 0.067486
v -0.067486 0.000000 0.362165
v -0.305903 0.000000 0.058575
v -0.058575 0.000000 0.305903
v -0.023670 0.000000 0.300755
v -0.300755 0.000000 0.023670
v -0.301504 0.000000 0.004604
v -0.004928 0.000000 0.383100
v -0.003879 0.000000 0.301532
v -0.347149 0.000000 0.123310
v -0.123310 0.000000 0.347149
v -0.297971 0.000000 0.047194
v -0.292973 0.000000 0.105707
v -0.105707 0.000000 0.292973
v -0.047194 0.000000 0.297971
v -0.070427 0.000000 0.293349
v -0.293349 0.000000 0.070427
v -0.323585 0.000000 0.176098
v -0.176098 0.000000 0.323585
v -0.286919 0.000000 0.093226
v -0.272830 0.000000 0.150237
v -0.150237 0.000000 0.272830
v -0.093226 0.000000 0.286919
v -0.115450 0.000000 0.278720
v -0.278720 0.000000 0.115450
v -0.292053 0.000000 0.224550
v -0.224550 0.000000 0.292053
v -0.268803 0.000000 0.136962
v -0.245969 0.000000 0.191068
v -0.191068 0.000000 0.245969
v -0.136962 0.000000 0.268803
v -0.157630 0.000000 0.257228
v -0.257228 0.000000 0.157630
v -0.267472 0.000000 0.253330
v -0.227193 0.000000 0.213051
v -0.177326 0.000000 0.244068
v -0.195929 0.000000 0.229403
v -0.244068 0.000000 0.177326
v -0.213323 0.000000 0.213323
v -0.229403 0.000000 0.195929
v -0.697351 0.000000 0.059068
v -0.698006 0.000000 0.050749
v -0.483787 0.000000 0.042260
v -0.484442 0.000000 0.033941
v -0.590569 0.000000 0.050664
v -0.591224 0.000000 0.042345
v -0.669013 0.000000 0.048467
v -0.668358 0.000000 0.056786
v -0.564384 0.000000 0.040233
v -0.563729 0.000000 0.048552
v -0.460911 0.000000 0.032089
v -0.460256 0.000000 0.040409
v -0.382278 0.000000 0.025849
v -0.381615 0.000000 0.034271
v -0.305415 0.000000 0.507966
v -0.313945 0.000000 0.502739
v -0.690405 0.000000 0.114414
v -0.691970 0.000000 0.104533
v -0.679300 0.000000 0.168230
v -0.681635 0.000000 0.158502
v -0.664007 0.000000 0.221009
v -0.667098 0.000000 0.211494
v -0.644620 0.000000 0.272425
v -0.648448 0.000000 0.263182
v -0.621258 0.000000 0.322161
v -0.625800 0.000000 0.313247
v -0.594067 0.000000 0.369911
v -0.599294 0.000000 0.361381
v -0.563213 0.000000 0.415381
v -0.569093 0.000000 0.407287
v -0.528886 0.000000 0.458290
v -0.535383 0.000000 0.450682
v -0.491299 0.000000 0.498373
v -0.498373 0.000000 0.491299
v -0.450682 0.000000 0.535383
v -0.458290 0.000000 0.528886
v -0.407287 0.000000 0.569093
v -0.415381 0.000000 0.563213
v -0.361381 0.000000 0.599294
v -0.369911 0.000000 0.594067
v -0.313247 0.000000 0.625800
v -0.322161 0.000000 0.621258
v -0.263182 0.000000 0.648448
v -0.272425 0.000000 0.644620
v -0.211494 0.000000 0.667098
v -0.221008 0.000000 0.664007
v -0.158502 0.000000 0.681635
v -0.168230 0.000000 0.679300
v -0.104533 0.000000 0.691970
v -0.114414 0.000000 0.690405
v -0.049919 0.000000 0.698039
v -0.059893 0.000000 0.697254
v -0.281369 0.000000 0.395782
v -0.289463 0.000000 0.389901
v -0.344328 0.000000 0.482437
v -0.352422 0.000000 0.476557
v -0.311555 0.000000 0.372486
v -0.319162 0.000000 0.365989
v -0.381118 0.000000 0.453935
v -0.388726 0.000000 0.447437
v -0.339819 0.000000 0.346893
v -0.346893 0.000000 0.339819
v -0.415559 0.000000 0.422633
v -0.422633 0.000000 0.415559
v -0.365989 0.000000 0.319162
v -0.372486 0.000000 0.311555
v -0.447437 0.000000 0.388726
v -0.453935 0.000000 0.381119
v -0.389901 0.000000 0.289463
v -0.395782 0.000000 0.281369
v -0.476557 0.000000 0.352422
v -0.482437 0.000000 0.344328
v -0.411411 0.000000 0.257979
v -0.416638 0.000000 0.249449
v -0.502739 0.000000 0.313945
v -0.507966 0.000000 0.305415
v -0.430383 0.000000 0.224905
v -0.434925 0.000000 0.215991
v -0.033111 0.000000 0.484475
v -0.043085 0.000000 0.483690
v -0.041515 0.000000 0.591257
v -0.051489 0.000000 0.590472
v -0.071021 0.000000 0.480383
v -0.080902 0.000000 0.478818
v -0.087777 0.000000 0.586177
v -0.097658 0.000000 0.584612
v -0.108492 0.000000 0.473330
v -0.118220 0.000000 0.470995
v -0.133497 0.000000 0.577483
v -0.143225 0.000000 0.575147
v -0.145295 0.000000 0.463359
v -0.154809 0.000000 0.460267
v -0.178394 0.000000 0.565229
v -0.187909 0.000000 0.562137
v -0.181202 0.000000 0.450531
v -0.190444 0.000000 0.446702
v -0.222192 0.000000 0.549490
v -0.231434 0.000000 0.545661
v -0.215991 0.000000 0.434925
v -0.224905 0.000000 0.430383
v -0.264619 0.000000 0.530363
v -0.273533 0.000000 0.525821
v -0.249449 0.000000 0.416638
v -0.257979 0.000000 0.411411
v -0.525821 0.000000 0.273533
v -0.530363 0.000000 0.264619
v -0.446702 0.000000 0.190444
v -0.450531 0.000000 0.181202
v -0.545661 0.000000 0.231435
v -0.549490 0.000000 0.222192
v -0.460267 0.000000 0.154810
v -0.463359 0.000000 0.145295
v -0.562137 0.000000 0.187909
v -0.565229 0.000000 0.178394
v -0.470995 0.000000 0.118220
v -0.473330 0.000000 0.108492
v -0.575147 0.000000 0.143225
v -0.577483 0.000000 0.133497
v -0.478818 0.000000 0.080902
v -0.480383 0.000000 0.071021
v -0.584612 0.000000 0.097658
v -0.586177 0.000000 0.087777
v -0.057611 0.000000 0.668261
v -0.047637 0.000000 0.669046
v -0.109864 0.000000 0.661681
v -0.099983 0.000000 0.663246
v -0.161441 0.000000 0.651021
v -0.151713 0.000000 0.653356
v -0.212021 0.000000 0.636348
v -0.202507 0.000000 0.639439
v -0.261295 0.000000 0.617751
v -0.252052 0.000000 0.621579
v -0.308958 0.000000 0.595346
v -0.300044 0.000000 0.599887
v -0.354716 0.000000 0.569270
v -0.346186 0.000000 0.574497
v -0.398287 0.000000 0.539684
v -0.390193 0.000000 0.545565
v -0.439402 0.000000 0.506771
v -0.431795 0.000000 0.513269
v -0.477808 0.000000 0.470734
v -0.470734 0.000000 0.477808
v -0.513269 0.000000 0.431795
v -0.506771 0.000000 0.439402
v -0.545565 0.000000 0.390193
v -0.539684 0.000000 0.398287
v -0.574497 0.000000 0.346186
v -0.569270 0.000000 0.354716
v -0.599887 0.000000 0.300044
v -0.595346 0.000000 0.308958
v -0.621579 0.000000 0.252052
v -0.617751 0.000000 0.261295
v -0.639439 0.000000 0.202507
v -0.636348 0.000000 0.212021
v -0.653356 0.000000 0.151713
v -0.651021 0.000000 0.161441
v -0.663246 0.000000 0.099983
v -0.661681 0.000000 0.109864
v -0.049376 0.000000 0.563631
v -0.039403 0.000000 0.564416
v -0.093446 0.000000 0.558020
v -0.083565 0.000000 0.559585
v -0.136940 0.000000 0.548968
v -0.127212 0.000000 0.551303
v -0.179589 0.000000 0.536532
v -0.170075 0.000000 0.539623
v -0.221131 0.000000 0.520787
v -0.211889 0.000000 0.524616
v -0.261310 0.000000 0.501832
v -0.252396 0.000000 0.506374
v -0.299878 0.000000 0.479783
v -0.291348 0.000000 0.485010
v -0.336597 0.000000 0.454776
v -0.328503 0.000000 0.460656
v -0.371241 0.000000 0.426965
v -0.363633 0.000000 0.433462
v -0.403595 0.000000 0.396521
v -0.396521 0.000000 0.403595
v -0.433462 0.000000 0.363633
v -0.426965 0.000000 0.371241
v -0.460656 0.000000 0.328503
v -0.454776 0.000000 0.336597
v -0.485010 0.000000 0.291348
v -0.479783 0.000000 0.299878
v -0.506374 0.000000 0.252396
v -0.501832 0.000000 0.261310
v -0.524616 0.000000 0.211889
v -0.520787 0.000000 0.221131
v -0.539623 0.000000 0.170075
v -0.536532 0.000000 0.179589
v -0.551303 0.000000 0.127212
v -0.548968 0.000000 0.136940
v -0.559585 0.000000 0.083565
v -0.558020 0.000000 0.093446
v -0.041233 0.000000 0.460159
v -0.031259 0.000000 0.460943
v -0.077209 0.000000 0.455505
v -0.067328 0.000000 0.457070
v -0.112710 0.000000 0.448043
v -0.102982 0.000000 0.450379
v -0.147515 0.000000 0.437819
v -0.138001 0.000000 0.440910
v -0.181412 0.000000 0.424895
v -0.172169 0.000000 0.428724
v -0.214189 0.000000 0.409352
v -0.205275 0.000000 0.413894
v -0.245646 0.000000 0.391285
v -0.237116 0.000000 0.396512
v -0.275589 0.000000 0.370806
v -0.267495 0.000000 0.376686
v -0.303833 0.000000 0.348040
v -0.296225 0.000000 0.354537
v -0.330203 0.000000 0.323129
v -0.323129 0.000000 0.330203
v -0.354537 0.000000 0.296225
v -0.348040 0.000000 0.303833
v -0.376686 0.000000 0.267495
v -0.370806 0.000000 0.275589
v -0.396512 0.000000 0.237116
v -0.391285 0.000000 0.245646
v -0.413894 0.000000 0.205275
v -0.409352 0.000000 0.214189
v -0.428724 0.000000 0.172169
v -0.424895 0.000000 0.181412
v -0.440910 0.000000 0.138001
v -0.437819 0.000000 0.147515
v -0.450379 0.000000 0.102982
v -0.448043 0.000000 0.112710
v -0.457070 0.000000 0.067328
v -0.455505 0.000000 0.077209
v -0.035105 0.000000 0.381517
v -0.025010 0.000000 0.382311
v -0.029317 0.000000 0.372509
v -0.379170 0.000000 0.054928
v -0.377586 0.000000 0.064930
v -0.369061 0.000000 0.058454
v -0.350239 0.000000 0.113799
v -0.373692 0.000000 0.084508
v -0.371328 0.000000 0.094355
v -0.363337 0.000000 0.087230
v -0.094355 0.000000 0.371328
v -0.084508 0.000000 0.373692
v -0.087229 0.000000 0.363337
v -0.064930 0.000000 0.377586
v -0.054928 0.000000 0.379170
v -0.058454 0.000000 0.369061
v -0.365910 0.000000 0.113567
v -0.362780 0.000000 0.123198
v -0.355373 0.000000 0.115468
v -0.328125 0.000000 0.167188
v -0.355871 0.000000 0.141926
v -0.351996 0.000000 0.151282
v -0.345218 0.000000 0.142994
v -0.151282 0.000000 0.351996
v -0.141926 0.000000 0.355871
v -0.142994 0.000000 0.345218
v -0.123198 0.000000 0.362780
v -0.113567 0.000000 0.365909
v -0.057609 0.000000 0.363729
v -0.115468 0.000000 0.355373
v -0.343639 0.000000 0.169410
v -0.339041 0.000000 0.178433
v -0.297931 0.000000 0.216460
v -0.332935 0.000000 0.169639
v -0.329287 0.000000 0.195849
v -0.323996 0.000000 0.204484
v -0.318599 0.000000 0.195237
v -0.204484 0.000000 0.323996
v -0.195849 0.000000 0.329287
v -0.195237 0.000000 0.318599
v -0.178433 0.000000 0.339041
v -0.169410 0.000000 0.343639
v -0.169639 0.000000 0.332935
v -0.113799 0.000000 0.350239
v -0.252650 0.000000 0.288019
v -0.244950 0.000000 0.294596
v -0.242674 0.000000 0.284134
v -0.229274 0.000000 0.306954
v -0.221081 0.000000 0.312906
v -0.167188 0.000000 0.328125
v -0.219633 0.000000 0.302298
v -0.312906 0.000000 0.221081
v -0.306954 0.000000 0.229274
v -0.299232 0.000000 0.237003
v -0.302298 0.000000 0.219633
v -0.294596 0.000000 0.244950
v -0.288019 0.000000 0.252650
v -0.284134 0.000000 0.242674
v -0.274469 0.000000 0.267309
v -0.267309 0.000000 0.274469
v -0.264218 0.000000 0.264218
v -0.363729 0.000000 0.057609
v -0.260401 0.000000 0.260401
v -0.216459 0.000000 0.297931
v -0.371579 0.000000 0.018818
v -0.674500 0.000000 0.034767
v -0.698582 0.000000 0.036099
v -0.464216 0.000000 0.023287
v -0.481863 0.000000 0.024251
v -0.568202 0.000000 0.028971
v -0.588330 0.000000 0.030072
v -0.381441 0.000000 0.014176
v -0.370407 0.000000 0.039484
v -0.670713 0.000000 0.078963
v -0.694661 0.000000 0.081801
v -0.461600 0.000000 0.054216
v -0.479149 0.000000 0.056293
v -0.565007 0.000000 0.066455
v -0.585023 0.000000 0.068824
v -0.379287 0.000000 0.043661
v -0.364158 0.000000 0.076761
v -0.662369 0.000000 0.131753
v -0.686020 0.000000 0.136458
v -0.473174 0.000000 0.094120
v -0.557970 0.000000 0.110987
v -0.455842 0.000000 0.090673
v -0.577739 0.000000 0.114919
v -0.374215 0.000000 0.075323
v -0.359316 0.000000 0.096929
v -0.649990 0.000000 0.183316
v -0.673199 0.000000 0.189862
v -0.464331 0.000000 0.130955
v -0.547542 0.000000 0.154423
v -0.447323 0.000000 0.126158
v -0.566941 0.000000 0.159894
v -0.367624 0.000000 0.102777
v -0.633528 0.000000 0.233952
v -0.656149 0.000000 0.242308
v -0.452576 0.000000 0.167114
v -0.533678 0.000000 0.197071
v -0.435999 0.000000 0.160991
v -0.552585 0.000000 0.204055
v -0.357794 0.000000 0.133031
v -0.347652 0.000000 0.132881
v -0.339729 0.000000 0.151945
v -0.613310 0.000000 0.282740
v -0.635210 0.000000 0.292836
v -0.438128 0.000000 0.201980
v -0.516644 0.000000 0.238176
v -0.422080 0.000000 0.194582
v -0.534949 0.000000 0.246615
v -0.347020 0.000000 0.159020
v -0.589236 0.000000 0.329988
v -0.610276 0.000000 0.341771
v -0.420930 0.000000 0.235732
v -0.496364 0.000000 0.277977
v -0.405512 0.000000 0.227098
v -0.513950 0.000000 0.287826
v -0.332623 0.000000 0.187275
v -0.322614 0.000000 0.185535
v -0.311777 0.000000 0.203220
v -0.561529 0.000000 0.375202
v -0.581580 0.000000 0.388599
v -0.401137 0.000000 0.268031
v -0.473024 0.000000 0.316065
v -0.386444 0.000000 0.258214
v -0.489783 0.000000 0.327263
v -0.317871 0.000000 0.211348
v -0.530360 0.000000 0.418102
v -0.549298 0.000000 0.433032
v -0.378871 0.000000 0.298678
v -0.446768 0.000000 0.352203
v -0.364994 0.000000 0.287738
v -0.462597 0.000000 0.364682
v -0.289618 0.000000 0.233719
v -0.276148 0.000000 0.249491
v -0.495921 0.000000 0.458425
v -0.513629 0.000000 0.474794
v -0.354269 0.000000 0.327483
v -0.417757 0.000000 0.386171
v -0.341293 0.000000 0.315488
v -0.432558 0.000000 0.399853
v -0.280896 0.000000 0.258472
v -0.458425 0.000000 0.495921
v -0.474794 0.000000 0.513629
v -0.327483 0.000000 0.354269
v -0.386171 0.000000 0.417757
v -0.315488 0.000000 0.341293
v -0.399853 0.000000 0.432558
v -0.258472 0.000000 0.280896
v -0.249491 0.000000 0.276148
v -0.233719 0.000000 0.289618
v -0.418102 0.000000 0.530360
v -0.433032 0.000000 0.549298
v -0.298678 0.000000 0.378871
v -0.352203 0.000000 0.446768
v -0.287738 0.000000 0.364994
v -0.364682 0.000000 0.462597
v -0.237003 0.000000 0.299232
v -0.327263 0.000000 0.489783
v -0.375202 0.000000 0.561529
v -0.316065 0.000000 0.473024
v -0.388599 0.000000 0.581580
v -0.258214 0.000000 0.386444
v -0.268031 0.000000 0.401137
v -0.211348 0.000000 0.317871
v -0.203220 0.000000 0.311777
v -0.185535 0.000000 0.322614
v -0.277977 0.000000 0.496364
v -0.287826 0.000000 0.513950
v -0.329988 0.000000 0.589236
v -0.341771 0.000000 0.610276
v -0.235732 0.000000 0.420930
v -0.227098 0.000000 0.405512
v -0.187275 0.000000 0.332623
v -0.282740 0.000000 0.613310
v -0.292836 0.000000 0.635210
v -0.201980 0.000000 0.438128
v -0.238176 0.000000 0.516644
v -0.194582 0.000000 0.422080
v -0.246615 0.000000 0.534949
v -0.159020 0.000000 0.347020
v -0.151945 0.000000 0.339729
v -0.132447 0.000000 0.347714
v -0.233054 0.000000 0.633859
v -0.241369 0.000000 0.656495
v -0.166531 0.000000 0.452791
v -0.196346 0.000000 0.533945
v -0.160437 0.000000 0.436204
v -0.203297 0.000000 0.552865
v -0.132610 0.000000 0.357929
v -0.183316 0.000000 0.649990
v -0.189862 0.000000 0.673199
v -0.130955 0.000000 0.464331
v -0.154423 0.000000 0.547542
v -0.126158 0.000000 0.447323
v -0.159894 0.000000 0.566941
v -0.102777 0.000000 0.367624
v -0.096929 0.000000 0.359316
v -0.076761 0.000000 0.364158
v -0.131753 0.000000 0.662369
v -0.136458 0.000000 0.686020
v -0.094120 0.000000 0.473174
v -0.110987 0.000000 0.557970
v -0.090673 0.000000 0.455842
v -0.114919 0.000000 0.577739
v -0.075323 0.000000 0.374215
v -0.078587 0.000000 0.670758
v -0.081385 0.000000 0.694710
v -0.056191 0.000000 0.479161
v -0.066228 0.000000 0.565034
v -0.054140 0.000000 0.461609
v -0.068568 0.000000 0.585054
v -0.043638 0.000000 0.379235
v -0.039182 0.000000 0.370174
v -0.019362 0.000000 0.371314
v -0.032521 0.000000 0.674589
v -0.033792 0.000000 0.698672
v -0.021608 0.000000 0.464282
v -0.022525 0.000000 0.481931
v -0.027014 0.000000 0.568279
v -0.028060 0.000000 0.588409
v -0.015058 0.000000 0.380917
vn -0.0000 1.0000 -0.0000
vt 0.506110 0.099891
vt 0.500000 0.099697
vt 0.500000 0.079671
vt 0.506415 0.079964
vt 0.504933 0.177028
vt 0.500000 0.176899
vt 0.500000 0.159343
vt 0.505198 0.159607
vt 0.503134 0.296592
vt 0.500000 0.296272
vt 0.500000 0.239014
vt 0.504005 0.239055
vt 0.507301 0.021919
vt 0.500000 0.021632
vt 0.500000 0.000000
vt 0.507631 0.000300
vt 0.681226 0.497730
vt 0.680756 0.485774
vt 0.703100 0.484016
vt 0.703487 0.497359
vt 0.679083 0.471636
vt 0.701220 0.468130
vt 0.676305 0.457673
vt 0.698099 0.452441
vt 0.672441 0.443971
vt 0.693757 0.437044
vt 0.667513 0.430614
vt 0.688221 0.422036
vt 0.661553 0.417685
vt 0.681523 0.407509
vt 0.654596 0.405263
vt 0.673707 0.393552
vt 0.646687 0.393426
vt 0.664820 0.380251
vt 0.637873 0.382245
vt 0.654916 0.367689
vt 0.628209 0.371791
vt 0.644058 0.355942
vt 0.617755 0.362127
vt 0.632311 0.345084
vt 0.606574 0.353313
vt 0.619749 0.335180
vt 0.594737 0.345404
vt 0.606448 0.326293
vt 0.582315 0.338447
vt 0.592491 0.318477
vt 0.569386 0.332487
vt 0.577964 0.311779
vt 0.556029 0.327559
vt 0.562956 0.306243
vt 0.542327 0.323695
vt 0.547559 0.301901
vt 0.528364 0.320917
vt 0.531870 0.298780
vt 0.514226 0.319244
vt 0.515984 0.296899
vt 0.502695 0.318791
vt 0.500000 0.318685
vt 0.681315 0.500000
vt 0.703728 0.500000
vt 0.920329 0.500000
vt 0.920116 0.494595
vt 0.978126 0.493849
vt 0.978368 0.500000
vt 0.760880 0.496632
vt 0.760986 0.500000
vt 0.823101 0.500000
vt 0.822982 0.495845
vt 0.840444 0.495620
vt 0.840657 0.500000
vt 0.900303 0.500000
vt 0.900101 0.494853
vt 0.999747 0.493571
vt 1.000000 0.500000
vt 0.709370 0.473700
vt 0.710521 0.483432
vt 0.516568 0.289479
vt 0.526300 0.290630
vt 0.513240 0.289348
vt 0.710700 0.487981
vt 0.753025 0.486824
vt 0.514641 0.247033
vt 0.705338 0.450703
vt 0.707250 0.460314
vt 0.702678 0.441271
vt 0.549297 0.294662
vt 0.558729 0.297322
vt 0.539686 0.292751
vt 0.695098 0.419188
vt 0.698490 0.428382
vt 0.690995 0.410288
vt 0.580812 0.304902
vt 0.589712 0.309005
vt 0.571618 0.301510
vt 0.680054 0.389663
vt 0.684842 0.398213
vt 0.674610 0.381515
vt 0.610337 0.319946
vt 0.618485 0.325390
vt 0.601787 0.315158
vt 0.660577 0.362855
vt 0.666643 0.370550
vt 0.653925 0.355658
vt 0.637145 0.339423
vt 0.644341 0.346075
vt 0.629450 0.333356
vt 0.517601 0.239705
vt 0.523337 0.240161
vt 0.520080 0.244854
vt 0.528249 0.178239
vt 0.522433 0.177781
vt 0.534340 0.101278
vt 0.529636 0.160737
vt 0.523802 0.160278
vt 0.528456 0.100815
vt 0.540489 0.023457
vt 0.535919 0.081315
vt 0.530020 0.080851
vt 0.534557 0.022990
vt 0.542192 0.001892
vt 0.536249 0.001424
vt 0.524607 0.022599
vt 0.525785 0.001013
vt 0.516167 0.177535
vt 0.517120 0.160015
vt 0.520361 0.100497
vt 0.521450 0.080514
vt 0.516344 0.247100
vt 0.509707 0.239354
vt 0.759776 0.476097
vt 0.760312 0.482976
vt 0.754145 0.479998
vt 0.537401 0.241822
vt 0.542763 0.245241
vt 0.540245 0.245902
vt 0.557542 0.245552
vt 0.564250 0.247168
vt 0.559512 0.252113
vt 0.752839 0.435753
vt 0.754444 0.442464
vt 0.747887 0.440488
vt 0.757100 0.455789
vt 0.755504 0.461945
vt 0.754098 0.459755
vt 0.577328 0.250851
vt 0.582090 0.255068
vt 0.579499 0.255326
vt 0.596638 0.257686
vt 0.603011 0.260331
vt 0.597558 0.264474
vt 0.739675 0.396992
vt 0.742311 0.403368
vt 0.735526 0.402442
vt 0.747018 0.416114
vt 0.746406 0.422444
vt 0.744674 0.420501
vt 0.615352 0.266015
vt 0.619395 0.270925
vt 0.616796 0.270775
vt 0.633354 0.275787
vt 0.639235 0.279397
vt 0.633201 0.282636
vt 0.720610 0.360766
vt 0.724211 0.366652
vt 0.717365 0.366799
vt 0.730854 0.378504
vt 0.731240 0.384853
vt 0.729225 0.383204
vt 0.696113 0.327969
vt 0.700591 0.333220
vt 0.693851 0.334435
vt 0.709006 0.343887
vt 0.710380 0.350097
vt 0.708132 0.348783
vt 0.650535 0.286941
vt 0.653760 0.292423
vt 0.651217 0.291868
vt 0.666787 0.299408
vt 0.672031 0.303894
vt 0.665564 0.306149
vt 0.682011 0.313113
vt 0.684340 0.319032
vt 0.681914 0.318086
vt 0.822242 0.478147
vt 0.821693 0.471174
vt 0.899208 0.472131
vt 0.839745 0.476780
vt 0.839195 0.469786
vt 0.898653 0.465076
vt 0.977033 0.466034
vt 0.919172 0.470568
vt 0.918616 0.463497
vt 0.976474 0.458923
vt 0.819534 0.452931
vt 0.758174 0.462605
vt 0.818440 0.446023
vt 0.895791 0.440895
vt 0.836876 0.450196
vt 0.835778 0.443266
vt 0.894684 0.433906
vt 0.972898 0.428711
vt 0.915571 0.437771
vt 0.914461 0.430765
vt 0.971782 0.421666
vt 0.814856 0.428006
vt 0.813223 0.421205
vt 0.889933 0.410024
vt 0.831930 0.423918
vt 0.830292 0.417096
vt 0.888281 0.403143
vt 0.965847 0.391828
vt 0.909407 0.405357
vt 0.907752 0.398460
vt 0.964182 0.384892
vt 0.808237 0.403525
vt 0.749146 0.422678
vt 0.806076 0.396873
vt 0.881672 0.379707
vt 0.824937 0.398110
vt 0.822769 0.391437
vt 0.879485 0.372978
vt 0.955924 0.355611
vt 0.900720 0.373527
vt 0.898528 0.366782
vt 0.953720 0.348827
vt 0.799717 0.379638
vt 0.797041 0.373177
vt 0.871057 0.350133
vt 0.815941 0.372930
vt 0.813257 0.366448
vt 0.868349 0.343595
vt 0.943190 0.320285
vt 0.889561 0.342477
vt 0.886847 0.335924
vt 0.940460 0.313695
vt 0.789350 0.356494
vt 0.733982 0.384655
vt 0.786175 0.350262
vt 0.858155 0.321482
vt 0.804998 0.348533
vt 0.801813 0.342282
vt 0.854942 0.315177
vt 0.927723 0.286067
vt 0.876001 0.312398
vt 0.872781 0.306078
vt 0.924485 0.279711
vt 0.777199 0.334234
vt 0.773544 0.328271
vt 0.843044 0.293932
vt 0.792173 0.325070
vt 0.788508 0.319088
vt 0.839347 0.287898
vt 0.909620 0.253168
vt 0.860123 0.283475
vt 0.856417 0.277428
vt 0.905893 0.247086
vt 0.763338 0.312996
vt 0.713058 0.349472
vt 0.759227 0.307338
vt 0.825819 0.267652
vt 0.777548 0.302686
vt 0.773424 0.297010
vt 0.821660 0.261927
vt 0.888991 0.221790
vt 0.842025 0.255888
vt 0.837856 0.250150
vt 0.884798 0.216019
vt 0.747854 0.292911
vt 0.743312 0.287593
vt 0.806585 0.242805
vt 0.761211 0.281518
vt 0.756655 0.276183
vt 0.801989 0.237424
vt 0.865964 0.192128
vt 0.821818 0.229805
vt 0.817211 0.224412
vt 0.861331 0.186704
vt 0.730842 0.274103
vt 0.686887 0.317996
vt 0.725897 0.269158
vt 0.785460 0.219543
vt 0.743264 0.261697
vt 0.738303 0.256736
vt 0.780457 0.214540
vt 0.840680 0.164364
vt 0.799626 0.205389
vt 0.794611 0.200374
vt 0.835636 0.159320
vt 0.712407 0.256688
vt 0.707089 0.252146
vt 0.762576 0.198011
vt 0.723817 0.243345
vt 0.718482 0.238789
vt 0.757195 0.193415
vt 0.813296 0.138669
vt 0.775588 0.182789
vt 0.770195 0.178182
vt 0.807872 0.134036
vt 0.692662 0.240773
vt 0.656114 0.291001
vt 0.687004 0.236662
vt 0.738073 0.178340
vt 0.702990 0.226576
vt 0.697315 0.222452
vt 0.732348 0.174181
vt 0.783981 0.115202
vt 0.749850 0.162144
vt 0.744112 0.157975
vt 0.778210 0.111009
vt 0.671730 0.226456
vt 0.665766 0.222802
vt 0.712102 0.160653
vt 0.680912 0.211492
vt 0.674930 0.207826
vt 0.706068 0.156956
vt 0.752914 0.094107
vt 0.722572 0.143583
vt 0.716525 0.139877
vt 0.746832 0.090380
vt 0.649738 0.213825
vt 0.621498 0.269152
vt 0.643506 0.210650
vt 0.684823 0.145058
vt 0.657718 0.198187
vt 0.651467 0.195002
vt 0.678518 0.141845
vt 0.720289 0.075515
vt 0.693922 0.127219
vt 0.687602 0.123999
vt 0.713933 0.072277
vt 0.626823 0.202959
vt 0.620362 0.200283
vt 0.656405 0.131651
vt 0.633552 0.186743
vt 0.627070 0.184058
vt 0.649867 0.128943
vt 0.686305 0.059540
vt 0.664076 0.113153
vt 0.657523 0.110439
vt 0.679715 0.056810
vt 0.603127 0.193924
vt 0.583889 0.252988
vt 0.596475 0.191763
vt 0.627022 0.120515
vt 0.608562 0.177231
vt 0.601890 0.175063
vt 0.620293 0.118328
vt 0.651173 0.046280
vt 0.633218 0.101472
vt 0.626473 0.099280
vt 0.644388 0.044076
vt 0.578795 0.186777
vt 0.571994 0.185144
vt 0.596857 0.111719
vt 0.582904 0.169708
vt 0.576082 0.168070
vt 0.589976 0.110067
vt 0.615108 0.035818
vt 0.601540 0.092248
vt 0.594643 0.090593
vt 0.608172 0.034153
vt 0.553977 0.181560
vt 0.544215 0.242906
vt 0.547069 0.180466
vt 0.566094 0.105316
vt 0.556734 0.164221
vt 0.549804 0.163124
vt 0.559105 0.104209
vt 0.578334 0.028218
vt 0.569235 0.085539
vt 0.562230 0.084429
vt 0.571289 0.027102
vt 0.998599 0.464343
vt 0.998038 0.457219
vt 0.994264 0.425334
vt 0.993147 0.418276
vt 0.986883 0.386784
vt 0.985214 0.379836
vt 0.976499 0.348933
vt 0.974291 0.342137
vt 0.963177 0.312013
vt 0.960443 0.305411
vt 0.947000 0.276252
vt 0.943756 0.269885
vt 0.928067 0.241871
vt 0.924334 0.235778
vt 0.906495 0.209081
vt 0.902295 0.203299
vt 0.882417 0.178084
vt 0.877776 0.172650
vt 0.855981 0.149072
vt 0.850928 0.144019
vt 0.827350 0.122224
vt 0.821916 0.117583
vt 0.796701 0.097705
vt 0.790919 0.093505
vt 0.764222 0.075667
vt 0.758130 0.071933
vt 0.730115 0.056244
vt 0.723748 0.053000
vt 0.694589 0.039557
vt 0.687987 0.036823
vt 0.657863 0.025709
vt 0.651067 0.023501
vt 0.620164 0.014786
vt 0.613216 0.013117
vt 0.581724 0.006853
vt 0.574666 0.005736
vt 0.848993 0.304554
vt 0.866452 0.294777
vt 0.832583 0.277775
vt 0.849221 0.266658
vt 0.593253 0.031185
vt 0.597470 0.009985
vt 0.555889 0.025279
vt 0.558429 0.003814
vt 0.629748 0.039947
vt 0.635616 0.019143
vt 0.665588 0.051598
vt 0.673077 0.031322
vt 0.700119 0.065908
vt 0.709169 0.046278
vt 0.733561 0.082948
vt 0.744122 0.064088
vt 0.765562 0.102558
vt 0.777571 0.084586
vt 0.795926 0.124619
vt 0.809308 0.107644
vt 0.824466 0.148994
vt 0.839139 0.133122
vt 0.851005 0.175534
vt 0.866878 0.160861
vt 0.875381 0.204074
vt 0.892356 0.190692
vt 0.897442 0.234438
vt 0.915414 0.222429
vt 0.917052 0.266439
vt 0.935912 0.255878
vt 0.934092 0.299881
vt 0.953722 0.290832
vt 0.948636 0.335048
vt 0.968925 0.327594
vt 0.960053 0.370252
vt 0.980857 0.364384
vt 0.968815 0.406747
vt 0.990014 0.402530
vt 0.974752 0.444378
vt 0.996221 0.441868
vt 0.977464 0.476982
vt 0.999052 0.475863
vt 0.768441 0.320633
vt 0.783028 0.310887
vt 0.753541 0.300125
vt 0.767318 0.289264
vt 0.814122 0.252366
vt 0.829837 0.239978
vt 0.737077 0.280848
vt 0.749960 0.268940
vt 0.793725 0.228484
vt 0.808419 0.214901
vt 0.719152 0.262923
vt 0.731060 0.250040
vt 0.771516 0.206275
vt 0.785100 0.191581
vt 0.699875 0.246459
vt 0.710736 0.232682
vt 0.747634 0.185878
vt 0.760022 0.170163
vt 0.679367 0.231559
vt 0.689113 0.216972
vt 0.722225 0.167417
vt 0.733342 0.150779
vt 0.657752 0.218313
vt 0.666324 0.203007
vt 0.695446 0.151007
vt 0.705223 0.133548
vt 0.635165 0.206805
vt 0.642510 0.190873
vt 0.822511 0.485001
vt 0.840033 0.484096
vt 0.820654 0.462391
vt 0.838078 0.460354
vt 0.899557 0.481017
vt 0.919542 0.479982
vt 0.897275 0.453434
vt 0.917150 0.451111
vt 0.816648 0.437015
vt 0.833854 0.433592
vt 0.892308 0.421965
vt 0.911934 0.418061
vt 0.810730 0.412365
vt 0.827615 0.407603
vt 0.884976 0.391425
vt 0.904236 0.385994
vt 0.803006 0.388552
vt 0.819473 0.382502
vt 0.875416 0.361948
vt 0.894199 0.355048
vt 0.793195 0.364835
vt 0.809127 0.357490
vt 0.863252 0.332538
vt 0.881424 0.324161
vt 0.781686 0.342248
vt 0.796993 0.333676
vt 0.667461 0.136748
vt 0.675839 0.118576
vt 0.611831 0.197136
vt 0.617910 0.180679
vt 0.638560 0.124771
vt 0.645493 0.106000
vt 0.587635 0.189270
vt 0.592397 0.172385
vt 0.608575 0.115023
vt 0.614006 0.095764
vt 0.562985 0.183352
vt 0.566408 0.166146
vt 0.578035 0.107692
vt 0.581939 0.088066
vt 0.537659 0.179352
vt 0.539720 0.161930
vt 0.546723 0.102744
vt 0.549074 0.082872
vt 0.753429 0.484367
vt 0.760621 0.490610
vt 0.752040 0.473877
vt 0.751230 0.467170
vt 0.758980 0.469603
vt 0.552800 0.252192
vt 0.546411 0.250922
vt 0.550878 0.244229
vt 0.532830 0.248770
vt 0.539617 0.249868
vt 0.526455 0.246812
vt 0.530533 0.241660
vt 0.565619 0.254556
vt 0.570846 0.249695
vt 0.748483 0.447038
vt 0.755187 0.449488
vt 0.744769 0.434543
vt 0.743001 0.428274
vt 0.750992 0.429216
vt 0.749078 0.453589
vt 0.750132 0.460383
vt 0.584804 0.261248
vt 0.578259 0.259145
vt 0.590979 0.263521
vt 0.590326 0.255365
vt 0.571726 0.256999
vt 0.603207 0.267843
vt 0.609130 0.263860
vt 0.737159 0.409059
vt 0.744214 0.410421
vt 0.731515 0.397058
vt 0.728789 0.391143
vt 0.736829 0.390823
vt 0.738752 0.415196
vt 0.740855 0.421741
vt 0.621109 0.277454
vt 0.614973 0.274353
vt 0.626792 0.280637
vt 0.627426 0.272470
vt 0.608857 0.271211
vt 0.638254 0.286846
vt 0.644727 0.283839
vt 0.719955 0.372845
vt 0.727088 0.373103
vt 0.712561 0.362109
vt 0.708943 0.356693
vt 0.716834 0.355119
vt 0.722546 0.378891
vt 0.725648 0.385027
vt 0.697356 0.340002
vt 0.704441 0.339141
vt 0.688374 0.330554
vt 0.683952 0.325771
vt 0.691500 0.322983
vt 0.700860 0.345568
vt 0.704883 0.351143
vt 0.654432 0.299140
vt 0.648857 0.295116
vt 0.659547 0.303172
vt 0.661451 0.295205
vt 0.643307 0.291057
vt 0.669897 0.311098
vt 0.676760 0.309140
vt 0.674229 0.316048
vt 0.679075 0.320925
vt 0.538055 0.244496
vt 0.577556 0.253594
vt 0.615147 0.268760
vt 0.649903 0.289620
vt 0.680968 0.315660
vt 0.707577 0.346240
vt 0.729075 0.380605
vt 0.744933 0.417910
vt 0.754759 0.457237
vt 0.519893 0.247239
vt 0.559188 0.253463
vt 0.597026 0.265757
vt 0.632475 0.283820
vt 0.692795 0.335337
vt 0.716180 0.367525
vt 0.734242 0.402974
vt 0.746537 0.440812
vt 0.752761 0.480107
vt 0.664662 0.307205
s 1
f 83/1/1 71/2/1 39/3/1 77/4/1
f 84/5/1 74/6/1 38/7/1 78/8/1
f 92/9/1 42/10/1 37/11/1 85/12/1
f 81/13/1 41/14/1 1/15/1 80/16/1
f 77/4/1 39/3/1 41/14/1 81/13/1
f 63/17/1 32/18/1 90/19/1 94/20/1
f 32/18/1 31/21/1 100/22/1 90/19/1
f 31/21/1 30/23/1 101/24/1 100/22/1
f 30/23/1 29/25/1 108/26/1 101/24/1
f 29/25/1 28/27/1 109/28/1 108/26/1
f 28/27/1 27/29/1 116/30/1 109/28/1
f 27/29/1 26/31/1 117/32/1 116/30/1
f 26/31/1 25/33/1 121/34/1 117/32/1
f 25/33/1 24/35/1 122/36/1 121/34/1
f 24/35/1 23/37/1 124/38/1 122/36/1
f 23/37/1 22/39/1 125/40/1 124/38/1
f 22/39/1 21/41/1 123/42/1 125/40/1
f 21/41/1 20/43/1 118/44/1 123/42/1
f 20/43/1 19/45/1 113/46/1 118/44/1
f 19/45/1 18/47/1 110/48/1 113/46/1
f 18/47/1 17/49/1 105/50/1 110/48/1
f 17/49/1 16/51/1 102/52/1 105/50/1
f 16/51/1 15/53/1 97/54/1 102/52/1
f 15/53/1 14/55/1 91/56/1 97/54/1
f 76/57/1 13/58/1 42/10/1 92/9/1
f 33/59/1 63/17/1 94/20/1 62/60/1
f 9/61/1 65/62/1 68/63/1 40/64/1
f 62/60/1 94/20/1 93/65/1 7/66/1
f 73/67/1 75/68/1 66/69/1 8/70/1
f 70/71/1 72/72/1 65/62/1 9/61/1
f 40/64/1 68/63/1 64/73/1 2/74/1
f 8/70/1 66/69/1 72/72/1 70/71/1
f 78/8/1 38/7/1 71/2/1 83/1/1
f 7/66/1 93/65/1 75/68/1 73/67/1
f 85/12/1 37/11/1 74/6/1 84/5/1
f 14/55/1 76/57/1 92/9/1 91/56/1
f 60/75/1 61/76/1 90/19/1 100/22/1
f 43/77/1 44/78/1 97/54/1 91/56/1
f 82/79/1 43/77/1 91/56/1 92/9/1
f 61/76/1 69/80/1 94/20/1 90/19/1
f 69/80/1 67/81/1 93/65/1 94/20/1
f 79/82/1 82/79/1 92/9/1 85/12/1
f 59/83/1 89/84/1 100/22/1 101/24/1
f 58/85/1 59/83/1 101/24/1 108/26/1
f 45/86/1 46/87/1 105/50/1 102/52/1
f 88/88/1 45/86/1 102/52/1 97/54/1
f 57/89/1 99/90/1 108/26/1 109/28/1
f 56/91/1 57/89/1 109/28/1 116/30/1
f 47/92/1 48/93/1 113/46/1 110/48/1
f 98/94/1 47/92/1 110/48/1 105/50/1
f 55/95/1 107/96/1 116/30/1 117/32/1
f 54/97/1 55/95/1 117/32/1 121/34/1
f 49/98/1 50/99/1 123/42/1 118/44/1
f 106/100/1 49/98/1 118/44/1 113/46/1
f 53/101/1 115/102/1 121/34/1 122/36/1
f 52/103/1 53/101/1 122/36/1 124/38/1
f 51/104/1 120/105/1 124/38/1 125/40/1
f 114/106/1 51/104/1 125/40/1 123/42/1
f 138/107/1 139/108/1 36/109/1
f 137/110/1 139/108/1 138/107/1 136/111/1
f 135/112/1 128/113/1 129/114/1 134/115/1
f 133/116/1 130/117/1 131/118/1 132/119/1
f 126/120/1 133/116/1 132/119/1 127/121/1
f 130/117/1 135/112/1 134/115/1 131/118/1
f 128/113/1 137/110/1 136/111/1 129/114/1
f 421/122/1 81/13/1 80/16/1 422/123/1
f 423/124/1 84/5/1 78/8/1 424/125/1
f 425/126/1 83/1/1 77/4/1 426/127/1
f 420/128/1 79/82/1 85/12/1 427/129/1
f 356/130/1 357/131/1 358/132/1
f 359/133/1 360/134/1 361/135/1
f 363/136/1 364/137/1 365/138/1
f 366/139/1 367/140/1 368/141/1
f 369/142/1 370/143/1 371/144/1
f 372/145/1 373/146/1 374/147/1
f 376/148/1 377/149/1 378/150/1
f 379/151/1 380/152/1 381/153/1
f 382/154/1 383/155/1 385/156/1
f 386/157/1 387/158/1 389/159/1
f 390/160/1 391/161/1 392/162/1
f 393/163/1 394/164/1 395/165/1
f 396/166/1 397/167/1 398/168/1
f 400/169/1 401/170/1 402/171/1
f 403/172/1 404/173/1 406/174/1
f 407/175/1 408/176/1 410/177/1
f 411/178/1 412/179/1 413/180/1
f 414/181/1 415/182/1 416/183/1
f 321/184/1 357/131/1 356/130/1 320/185/1
f 285/186/1 204/187/1 205/188/1 284/189/1
f 249/190/1 206/191/1 207/192/1 248/193/1
f 323/194/1 370/195/1 369/142/1 322/196/1
f 287/197/1 208/198/1 209/199/1 286/200/1
f 251/201/1 210/202/1 211/203/1 250/204/1
f 325/205/1 367/140/1 366/139/1 324/206/1
f 289/207/1 212/208/1 213/209/1 288/210/1
f 253/211/1 214/212/1 215/213/1 252/214/1
f 327/215/1 383/216/1 382/154/1 326/217/1
f 291/218/1 216/219/1 217/220/1 290/221/1
f 255/222/1 218/223/1 219/224/1 254/225/1
f 329/226/1 380/152/1 379/151/1 328/227/1
f 293/228/1 220/229/1 221/230/1 292/231/1
f 257/232/1 222/233/1 223/234/1 256/235/1
f 331/236/1 397/237/1 396/166/1 330/238/1
f 295/239/1 224/240/1 225/241/1 294/242/1
f 259/243/1 226/244/1 227/245/1 258/246/1
f 333/247/1 394/164/1 393/163/1 332/248/1
f 297/249/1 228/250/1 229/251/1 296/252/1
f 261/253/1 140/254/1 141/255/1 260/256/1
f 335/257/1 404/258/1 403/172/1 334/259/1
f 299/260/1 178/261/1 179/262/1 298/263/1
f 263/264/1 180/265/1 181/266/1 262/267/1
f 337/268/1 401/170/1 400/169/1 336/269/1
f 301/270/1 182/271/1 183/272/1 300/273/1
f 265/274/1 184/275/1 185/276/1 264/277/1
f 339/278/1 415/279/1 414/181/1 338/280/1
f 303/281/1 186/282/1 187/283/1 302/284/1
f 267/285/1 188/286/1 189/287/1 266/288/1
f 341/289/1 412/179/1 411/178/1 340/290/1
f 305/291/1 190/292/1 191/293/1 304/294/1
f 269/295/1 192/296/1 193/297/1 268/298/1
f 343/299/1 408/300/1 407/175/1 342/301/1
f 307/302/1 194/303/1 195/304/1 306/305/1
f 271/306/1 196/307/1 197/308/1 270/309/1
f 345/310/1 391/161/1 390/160/1 344/311/1
f 309/312/1 198/313/1 199/314/1 308/315/1
f 273/316/1 200/317/1 201/318/1 272/319/1
f 347/320/1 387/321/1 386/157/1 346/322/1
f 311/323/1 202/324/1 203/325/1 310/326/1
f 275/327/1 230/328/1 231/329/1 274/330/1
f 349/331/1 377/149/1 376/148/1 348/332/1
f 313/333/1 232/334/1 233/335/1 312/336/1
f 277/337/1 234/338/1 235/339/1 276/340/1
f 351/341/1 373/342/1 372/145/1 350/343/1
f 315/344/1 236/345/1 237/346/1 314/347/1
f 279/348/1 238/349/1 239/350/1 278/351/1
f 353/352/1 364/137/1 363/136/1 352/353/1
f 317/354/1 240/355/1 241/356/1 316/357/1
f 281/358/1 242/359/1 243/360/1 280/361/1
f 355/362/1 360/363/1 359/133/1 354/364/1
f 319/365/1 244/366/1 245/367/1 318/368/1
f 283/369/1 246/370/1 247/371/1 282/372/1
f 176/373/1 249/190/1 248/193/1 177/374/1
f 174/375/1 251/201/1 250/204/1 175/376/1
f 172/377/1 253/211/1 252/214/1 173/378/1
f 170/379/1 255/222/1 254/225/1 171/380/1
f 168/381/1 257/232/1 256/235/1 169/382/1
f 166/383/1 259/243/1 258/246/1 167/384/1
f 164/385/1 261/253/1 260/256/1 165/386/1
f 162/387/1 263/264/1 262/267/1 163/388/1
f 160/389/1 265/274/1 264/277/1 161/390/1
f 158/391/1 267/285/1 266/288/1 159/392/1
f 156/393/1 269/295/1 268/298/1 157/394/1
f 154/395/1 271/306/1 270/309/1 155/396/1
f 152/397/1 273/316/1 272/319/1 153/398/1
f 150/399/1 275/327/1 274/330/1 151/400/1
f 148/401/1 277/337/1 276/340/1 149/402/1
f 146/403/1 279/348/1 278/351/1 147/404/1
f 144/405/1 281/358/1 280/361/1 145/406/1
f 142/407/1 283/369/1 282/372/1 143/408/1
f 206/191/1 285/186/1 284/189/1 207/192/1
f 210/202/1 287/197/1 286/200/1 211/203/1
f 214/212/1 289/207/1 288/210/1 215/213/1
f 218/223/1 291/218/1 290/221/1 219/224/1
f 222/233/1 293/228/1 292/231/1 223/234/1
f 226/244/1 295/239/1 294/242/1 227/245/1
f 140/254/1 297/249/1 296/252/1 141/255/1
f 180/265/1 299/260/1 298/263/1 181/266/1
f 184/275/1 301/270/1 300/273/1 185/276/1
f 188/286/1 303/281/1 302/284/1 189/287/1
f 192/296/1 305/291/1 304/294/1 193/297/1
f 196/307/1 307/302/1 306/305/1 197/308/1
f 200/317/1 309/312/1 308/315/1 201/318/1
f 230/328/1 311/323/1 310/326/1 231/329/1
f 234/338/1 313/333/1 312/336/1 235/339/1
f 238/349/1 315/344/1 314/347/1 239/350/1
f 242/359/1 317/354/1 316/357/1 243/360/1
f 246/370/1 319/365/1 318/368/1 247/371/1
f 204/187/1 321/184/1 320/185/1 205/188/1
f 208/198/1 323/194/1 322/196/1 209/199/1
f 212/208/1 325/205/1 324/206/1 213/209/1
f 216/219/1 327/215/1 326/217/1 217/220/1
f 220/229/1 329/226/1 328/227/1 221/230/1
f 224/240/1 331/236/1 330/238/1 225/241/1
f 228/250/1 333/247/1 332/248/1 229/251/1
f 178/261/1 335/257/1 334/259/1 179/262/1
f 182/271/1 337/268/1 336/269/1 183/272/1
f 186/282/1 339/278/1 338/280/1 187/283/1
f 190/292/1 341/289/1 340/290/1 191/293/1
f 194/303/1 343/299/1 342/301/1 195/304/1
f 198/313/1 345/310/1 344/311/1 199/314/1
f 202/324/1 347/320/1 346/322/1 203/325/1
f 232/334/1 349/331/1 348/332/1 233/335/1
f 236/345/1 351/341/1 350/343/1 237/346/1
f 240/355/1 353/352/1 352/353/1 241/356/1
f 244/366/1 355/362/1 354/364/1 245/367/1
f 524/409/1 297/249/1 140/254/1 525/410/1
f 517/411/1 299/260/1 180/265/1 515/412/1
f 437/413/1 283/369/1 142/407/1 438/414/1
f 429/415/1 133/116/1 126/120/1 430/416/1
f 445/417/1 281/358/1 144/405/1 446/418/1
f 452/419/1 279/348/1 146/403/1 453/420/1
f 461/421/1 277/337/1 148/401/1 462/422/1
f 468/423/1 275/327/1 150/399/1 469/424/1
f 477/425/1 273/316/1 152/397/1 478/426/1
f 484/427/1 271/306/1 154/395/1 485/428/1
f 492/429/1 269/295/1 156/393/1 493/430/1
f 499/431/1 267/285/1 158/391/1 500/432/1
f 508/433/1 265/274/1 160/389/1 509/434/1
f 516/435/1 263/264/1 162/387/1 518/436/1
f 526/437/1 261/253/1 164/385/1 527/438/1
f 531/439/1 259/243/1 166/383/1 532/440/1
f 540/441/1 257/232/1 168/381/1 541/442/1
f 547/443/1 255/222/1 170/379/1 548/444/1
f 556/445/1 253/211/1 172/377/1 557/446/1
f 563/447/1 251/201/1 174/375/1 564/448/1
f 572/449/1 249/190/1 176/373/1 573/450/1
f 519/451/1 335/257/1 178/261/1 520/452/1
f 512/453/1 337/268/1 182/271/1 510/454/1
f 511/455/1 301/270/1 184/275/1 513/456/1
f 503/457/1 339/278/1 186/282/1 501/458/1
f 502/459/1 303/281/1 188/286/1 504/460/1
f 496/461/1 341/289/1 190/292/1 494/462/1
f 495/463/1 305/291/1 192/296/1 497/464/1
f 488/465/1 343/299/1 194/303/1 486/466/1
f 487/467/1 307/302/1 196/307/1 489/468/1
f 481/469/1 345/310/1 198/313/1 479/470/1
f 480/471/1 309/312/1 200/317/1 482/472/1
f 472/473/1 347/320/1 202/324/1 470/474/1
f 471/475/1 311/323/1 230/328/1 473/476/1
f 465/477/1 349/331/1 232/334/1 463/478/1
f 574/479/1 321/184/1 204/187/1 575/480/1
f 567/481/1 323/194/1 208/198/1 565/482/1
f 576/483/1 285/186/1 206/191/1 577/484/1
f 566/485/1 287/197/1 210/202/1 568/486/1
f 560/487/1 325/205/1 212/208/1 558/488/1
f 559/489/1 289/207/1 214/212/1 561/490/1
f 551/491/1 327/215/1 216/219/1 549/492/1
f 550/493/1 291/218/1 218/223/1 552/494/1
f 544/495/1 329/226/1 220/229/1 542/496/1
f 543/497/1 293/228/1 222/233/1 545/498/1
f 535/499/1 331/236/1 224/240/1 533/500/1
f 534/501/1 295/239/1 226/244/1 536/502/1
f 529/503/1 333/247/1 228/250/1 528/504/1
f 464/505/1 313/333/1 234/338/1 466/506/1
f 456/507/1 351/341/1 236/345/1 454/508/1
f 455/509/1 315/344/1 238/349/1 457/510/1
f 449/511/1 353/352/1 240/355/1 447/512/1
f 448/513/1 317/354/1 242/359/1 450/514/1
f 441/515/1 355/362/1 244/366/1 439/516/1
f 440/517/1 319/365/1 246/370/1 442/518/1
f 431/519/1 137/110/1 128/113/1 432/520/1
f 433/521/1 135/112/1 130/117/1 434/522/1
f 571/523/1 358/132/1 357/131/1 578/524/1
f 570/525/1 10/526/1 370/195/1 569/527/1
f 436/528/1 86/529/1 360/363/1 443/530/1
f 44/78/1 35/531/1 417/532/1 97/54/1
f 428/533/1 36/109/1 139/108/1 435/534/1
f 86/529/1 417/532/1 361/135/1 360/134/1
f 444/535/1 365/138/1 364/137/1 451/536/1
f 555/537/1 368/141/1 367/140/1 562/538/1
f 554/539/1 11/540/1 383/216/1 553/541/1
f 89/84/1 87/542/1 384/543/1 100/22/1
f 10/526/1 384/543/1 371/144/1 370/143/1
f 95/544/1 362/545/1 374/147/1 373/146/1
f 459/546/1 95/544/1 373/342/1 458/547/1
f 46/87/1 34/548/1 362/545/1 105/50/1
f 460/549/1 378/150/1 377/149/1 467/550/1
f 539/551/1 381/153/1 380/152/1 546/552/1
f 538/553/1 12/554/1 397/237/1 537/555/1
f 99/90/1 96/556/1 399/557/1 108/26/1
f 11/540/1 399/557/1 385/156/1 383/155/1
f 103/558/1 375/559/1 389/159/1 387/158/1
f 475/560/1 103/558/1 387/321/1 474/561/1
f 48/93/1 6/562/1 375/559/1 113/46/1
f 476/563/1 392/162/1 391/161/1 483/564/1
f 523/565/1 395/165/1 394/164/1 530/566/1
f 522/567/1 3/568/1 404/258/1 521/569/1
f 107/96/1 104/570/1 405/571/1 116/30/1
f 12/554/1 405/571/1 398/168/1 397/167/1
f 507/572/1 402/171/1 401/170/1 514/573/1
f 506/574/1 4/575/1 415/279/1 505/576/1
f 115/102/1 112/577/1 419/578/1 121/34/1
f 3/568/1 419/578/1 406/174/1 404/173/1
f 111/579/1 388/580/1 410/177/1 408/176/1
f 490/581/1 111/579/1 408/300/1 409/582/1
f 50/99/1 5/583/1 388/580/1 123/42/1
f 491/584/1 413/180/1 412/179/1 498/585/1
f 120/105/1 119/586/1 418/587/1 124/38/1
f 4/575/1 418/587/1 416/183/1 415/182/1
f 417/532/1 86/529/1 88/88/1 97/54/1
f 417/532/1 35/531/1 359/588/1 361/135/1
f 362/545/1 34/548/1 372/589/1 374/147/1
f 362/545/1 95/544/1 98/94/1 105/50/1
f 375/559/1 6/562/1 386/590/1 389/159/1
f 375/559/1 103/558/1 106/100/1 113/46/1
f 388/580/1 5/583/1 407/591/1 410/177/1
f 388/580/1 111/579/1 114/106/1 123/42/1
f 418/587/1 4/575/1 52/103/1 124/38/1
f 418/587/1 119/586/1 414/592/1 416/183/1
f 419/578/1 112/577/1 403/593/1 406/174/1
f 419/578/1 3/568/1 54/97/1 121/34/1
f 405/571/1 12/554/1 56/91/1 116/30/1
f 405/571/1 104/570/1 396/594/1 398/168/1
f 399/557/1 96/556/1 382/595/1 385/156/1
f 399/557/1 11/540/1 58/85/1 108/26/1
f 384/543/1 10/526/1 60/75/1 100/22/1
f 384/543/1 87/542/1 369/596/1 371/144/1
f 36/597/1 420/128/1 427/129/1 138/107/1
f 134/115/1 425/126/1 426/127/1 131/118/1
f 136/111/1 423/124/1 424/125/1 129/114/1
f 132/119/1 421/122/1 422/123/1 127/121/1
f 35/531/1 428/533/1 435/534/1 359/588/1
f 318/368/1 433/521/1 434/522/1 247/371/1
f 354/364/1 431/519/1 432/520/1 245/367/1
f 282/372/1 429/415/1 430/416/1 143/408/1
f 365/598/1 436/528/1 443/530/1 363/136/1
f 316/357/1 440/517/1 442/518/1 243/360/1
f 352/353/1 441/515/1 439/516/1 241/356/1
f 280/361/1 437/413/1 438/414/1 145/406/1
f 34/548/1 444/535/1 451/536/1 372/589/1
f 314/347/1 448/513/1 450/514/1 239/350/1
f 350/343/1 449/511/1 447/512/1 237/346/1
f 278/351/1 445/417/1 446/418/1 147/404/1
f 378/599/1 459/546/1 458/547/1 376/148/1
f 312/336/1 455/509/1 457/510/1 235/339/1
f 348/332/1 456/507/1 454/508/1 233/335/1
f 276/340/1 452/419/1 453/420/1 149/402/1
f 6/562/1 460/549/1 467/550/1 386/590/1
f 310/326/1 464/505/1 466/506/1 231/329/1
f 346/322/1 465/477/1 463/478/1 203/325/1
f 274/330/1 461/421/1 462/422/1 151/400/1
f 392/600/1 475/560/1 474/561/1 390/160/1
f 308/315/1 471/475/1 473/476/1 201/318/1
f 344/311/1 472/473/1 470/474/1 199/314/1
f 272/319/1 468/423/1 469/424/1 153/398/1
f 5/583/1 476/563/1 483/564/1 407/591/1
f 306/305/1 480/471/1 482/472/1 197/308/1
f 342/301/1 481/469/1 479/470/1 195/304/1
f 270/309/1 477/425/1 478/426/1 155/396/1
f 304/294/1 487/467/1 489/468/1 193/297/1
f 340/290/1 488/465/1 486/466/1 191/293/1
f 268/298/1 484/427/1 485/428/1 157/394/1
f 119/586/1 491/584/1 498/585/1 414/592/1
f 302/284/1 495/463/1 497/464/1 189/287/1
f 338/280/1 496/461/1 494/462/1 187/283/1
f 266/288/1 492/429/1 493/430/1 159/392/1
f 402/601/1 506/574/1 505/576/1 400/169/1
f 300/273/1 502/459/1 504/460/1 185/276/1
f 336/269/1 503/457/1 501/458/1 183/272/1
f 264/277/1 499/431/1 500/432/1 161/390/1
f 112/577/1 507/572/1 514/573/1 403/593/1
f 298/263/1 511/455/1 513/456/1 181/266/1
f 334/259/1 512/453/1 510/454/1 179/262/1
f 262/267/1 508/433/1 509/434/1 163/388/1
f 395/602/1 522/567/1 521/569/1 393/163/1
f 332/248/1 519/451/1 520/452/1 229/251/1
f 260/256/1 516/435/1 518/436/1 165/386/1
f 296/252/1 517/411/1 515/412/1 141/255/1
f 104/570/1 523/565/1 530/566/1 396/594/1
f 330/238/1 529/503/1 528/504/1 225/241/1
f 258/246/1 526/437/1 527/438/1 167/384/1
f 294/242/1 524/409/1 525/410/1 227/245/1
f 381/603/1 538/553/1 537/555/1 379/151/1
f 292/231/1 534/501/1 536/502/1 223/234/1
f 328/227/1 535/499/1 533/500/1 221/230/1
f 256/235/1 531/439/1 532/440/1 169/382/1
f 96/556/1 539/551/1 546/552/1 382/595/1
f 290/221/1 543/497/1 545/498/1 219/224/1
f 326/217/1 544/495/1 542/496/1 217/220/1
f 254/225/1 540/441/1 541/442/1 171/380/1
f 368/604/1 554/539/1 553/541/1 366/139/1
f 288/210/1 550/493/1 552/494/1 215/213/1
f 324/206/1 551/491/1 549/492/1 213/209/1
f 252/214/1 547/443/1 548/444/1 173/378/1
f 87/542/1 555/537/1 562/538/1 369/596/1
f 286/200/1 559/489/1 561/490/1 211/203/1
f 322/196/1 560/487/1 558/488/1 209/199/1
f 250/204/1 556/445/1 557/446/1 175/376/1
f 358/605/1 570/525/1 569/527/1 356/130/1
f 284/189/1 566/485/1 568/486/1 207/192/1
f 320/185/1 567/481/1 565/482/1 205/188/1
f 248/193/1 563/447/1 564/448/1 177/374/1
f 67/81/1 571/523/1 578/524/1 93/65/1
f 72/72/1 576/483/1 577/484/1 65/62/1
f 75/68/1 574/479/1 575/480/1 66/69/1
f 68/63/1 572/449/1 573/450/1 64/73/1
f 413/606/1 490/581/1 409/582/1 411/178/1
f 652/1/1 70/2/1 9/3/1 646/4/1
f 653/5/1 73/6/1 8/7/1 647/8/1
f 661/9/1 62/10/1 7/11/1 654/12/1
f 650/13/1 40/14/1 2/15/1 649/16/1
f 646/4/1 9/3/1 40/14/1 650/13/1
f 634/17/1 608/18/1 659/19/1 663/20/1
f 608/18/1 607/21/1 669/22/1 659/19/1
f 607/21/1 606/23/1 670/24/1 669/22/1
f 606/23/1 605/25/1 677/26/1 670/24/1
f 605/25/1 604/27/1 678/28/1 677/26/1
f 604/27/1 603/29/1 685/30/1 678/28/1
f 603/29/1 602/31/1 686/32/1 685/30/1
f 602/31/1 601/33/1 690/34/1 686/32/1
f 601/33/1 600/35/1 691/36/1 690/34/1
f 600/35/1 599/37/1 693/38/1 691/36/1
f 599/37/1 598/39/1 694/40/1 693/38/1
f 598/39/1 597/41/1 692/42/1 694/40/1
f 597/41/1 596/43/1 687/44/1 692/42/1
f 596/43/1 595/45/1 682/46/1 687/44/1
f 595/45/1 594/47/1 679/48/1 682/46/1
f 594/47/1 593/49/1 674/50/1 679/48/1
f 593/49/1 592/51/1 671/52/1 674/50/1
f 592/51/1 591/53/1 666/54/1 671/52/1
f 591/53/1 590/55/1 660/56/1 666/54/1
f 645/57/1 33/58/1 62/10/1 661/9/1
f 609/59/1 634/17/1 663/20/1 633/60/1
f 586/61/1 636/62/1 639/63/1 613/64/1
f 633/60/1 663/20/1 662/65/1 584/66/1
f 643/67/1 644/68/1 637/69/1 585/70/1
f 641/71/1 642/72/1 636/62/1 586/61/1
f 613/64/1 639/63/1 635/73/1 579/74/1
f 585/70/1 637/69/1 642/72/1 641/71/1
f 647/8/1 8/7/1 70/2/1 652/1/1
f 584/66/1 662/65/1 644/68/1 643/67/1
f 654/12/1 7/11/1 73/6/1 653/5/1
f 590/55/1 645/57/1 661/9/1 660/56/1
f 631/75/1 632/76/1 659/19/1 669/22/1
f 614/77/1 615/78/1 666/54/1 660/56/1
f 651/79/1 614/77/1 660/56/1 661/9/1
f 632/76/1 640/80/1 663/20/1 659/19/1
f 640/80/1 638/81/1 662/65/1 663/20/1
f 648/82/1 651/79/1 661/9/1 654/12/1
f 630/83/1 658/84/1 669/22/1 670/24/1
f 629/85/1 630/83/1 670/24/1 677/26/1
f 616/86/1 617/87/1 674/50/1 671/52/1
f 657/88/1 616/86/1 671/52/1 666/54/1
f 628/89/1 668/90/1 677/26/1 678/28/1
f 627/91/1 628/89/1 678/28/1 685/30/1
f 618/92/1 619/93/1 682/46/1 679/48/1
f 667/94/1 618/92/1 679/48/1 674/50/1
f 626/95/1 676/96/1 685/30/1 686/32/1
f 625/97/1 626/95/1 686/32/1 690/34/1
f 620/98/1 621/99/1 692/42/1 687/44/1
f 675/100/1 620/98/1 687/44/1 682/46/1
f 624/101/1 684/102/1 690/34/1 691/36/1
f 623/103/1 624/101/1 691/36/1 693/38/1
f 622/104/1 689/105/1 693/38/1 694/40/1
f 683/106/1 622/104/1 694/40/1 692/42/1
f 707/107/1 708/108/1 612/109/1
f 706/110/1 708/108/1 707/107/1 705/111/1
f 704/112/1 697/113/1 698/114/1 703/115/1
f 702/116/1 699/117/1 700/118/1 701/119/1
f 695/120/1 702/116/1 701/119/1 696/121/1
f 699/117/1 704/112/1 703/115/1 700/118/1
f 697/113/1 706/110/1 705/111/1 698/114/1
f 990/122/1 650/13/1 649/16/1 991/123/1
f 992/124/1 653/5/1 647/8/1 993/125/1
f 994/126/1 652/1/1 646/4/1 995/127/1
f 989/128/1 648/82/1 654/12/1 996/129/1
f 925/130/1 926/131/1 927/132/1
f 928/133/1 929/134/1 930/135/1
f 932/136/1 933/137/1 934/138/1
f 935/139/1 936/140/1 937/141/1
f 938/142/1 939/143/1 940/144/1
f 941/145/1 942/146/1 943/147/1
f 945/148/1 946/149/1 947/150/1
f 948/151/1 949/152/1 950/153/1
f 951/154/1 952/155/1 954/156/1
f 955/157/1 956/158/1 958/159/1
f 959/160/1 960/161/1 961/162/1
f 962/163/1 963/164/1 964/165/1
f 965/166/1 966/167/1 967/168/1
f 969/169/1 970/170/1 971/171/1
f 972/172/1 973/173/1 975/174/1
f 976/175/1 977/176/1 979/177/1
f 980/178/1 981/179/1 982/180/1
f 983/181/1 984/182/1 985/183/1
f 890/184/1 926/131/1 925/130/1 889/185/1
f 854/186/1 773/187/1 774/188/1 853/189/1
f 818/190/1 775/191/1 776/192/1 817/193/1
f 892/194/1 939/195/1 938/142/1 891/196/1
f 856/197/1 777/198/1 778/199/1 855/200/1
f 820/201/1 779/202/1 780/203/1 819/204/1
f 894/205/1 936/140/1 935/139/1 893/206/1
f 858/207/1 781/208/1 782/209/1 857/210/1
f 822/211/1 783/212/1 784/213/1 821/214/1
f 896/215/1 952/216/1 951/154/1 895/217/1
f 860/218/1 785/219/1 786/220/1 859/221/1
f 824/222/1 787/223/1 788/224/1 823/225/1
f 898/226/1 949/152/1 948/151/1 897/227/1
f 862/228/1 789/229/1 790/230/1 861/231/1
f 826/232/1 791/233/1 792/234/1 825/235/1
f 900/236/1 966/237/1 965/166/1 899/238/1
f 864/239/1 793/240/1 794/241/1 863/242/1
f 828/243/1 795/244/1 796/245/1 827/246/1
f 902/247/1 963/164/1 962/163/1 901/248/1
f 866/249/1 797/250/1 798/251/1 865/252/1
f 830/253/1 709/254/1 710/255/1 829/256/1
f 904/257/1 973/258/1 972/172/1 903/259/1
f 868/260/1 747/261/1 748/262/1 867/263/1
f 832/264/1 749/265/1 750/266/1 831/267/1
f 906/268/1 970/170/1 969/169/1 905/269/1
f 870/270/1 751/271/1 752/272/1 869/273/1
f 834/274/1 753/275/1 754/276/1 833/277/1
f 908/278/1 984/279/1 983/181/1 907/280/1
f 872/281/1 755/282/1 756/283/1 871/284/1
f 836/285/1 757/286/1 758/287/1 835/288/1
f 910/289/1 981/179/1 980/178/1 909/290/1
f 874/291/1 759/292/1 760/293/1 873/294/1
f 838/295/1 761/296/1 762/297/1 837/298/1
f 912/299/1 977/300/1 976/175/1 911/301/1
f 876/302/1 763/303/1 764/304/1 875/305/1
f 840/306/1 765/307/1 766/308/1 839/309/1
f 914/310/1 960/161/1 959/160/1 913/311/1
f 878/312/1 767/313/1 768/314/1 877/315/1
f 842/316/1 769/317/1 770/318/1 841/319/1
f 916/320/1 956/321/1 955/157/1 915/322/1
f 880/323/1 771/324/1 772/325/1 879/326/1
f 844/327/1 799/328/1 800/329/1 843/330/1
f 918/331/1 946/149/1 945/148/1 917/332/1
f 882/333/1 801/334/1 802/335/1 881/336/1
f 846/337/1 803/338/1 804/339/1 845/340/1
f 920/341/1 942/342/1 941/145/1 919/343/1
f 884/344/1 805/345/1 806/346/1 883/347/1
f 848/348/1 807/349/1 808/350/1 847/351/1
f 922/352/1 933/137/1 932/136/1 921/353/1
f 886/354/1 809/355/1 810/356/1 885/357/1
f 850/358/1 811/359/1 812/360/1 849/361/1
f 924/362/1 929/363/1 928/133/1 923/364/1
f 888/365/1 813/366/1 814/367/1 887/368/1
f 852/369/1 815/370/1 816/371/1 851/372/1
f 745/373/1 818/190/1 817/193/1 746/374/1
f 743/375/1 820/201/1 819/204/1 744/376/1
f 741/377/1 822/211/1 821/214/1 742/378/1
f 739/379/1 824/222/1 823/225/1 740/380/1
f 737/381/1 826/232/1 825/235/1 738/382/1
f 735/383/1 828/243/1 827/246/1 736/384/1
f 733/385/1 830/253/1 829/256/1 734/386/1
f 731/387/1 832/264/1 831/267/1 732/388/1
f 729/389/1 834/274/1 833/277/1 730/390/1
f 727/391/1 836/285/1 835/288/1 728/392/1
f 725/393/1 838/295/1 837/298/1 726/394/1
f 723/395/1 840/306/1 839/309/1 724/396/1
f 721/397/1 842/316/1 841/319/1 722/398/1
f 719/399/1 844/327/1 843/330/1 720/400/1
f 717/401/1 846/337/1 845/340/1 718/402/1
f 715/403/1 848/348/1 847/351/1 716/404/1
f 713/405/1 850/358/1 849/361/1 714/406/1
f 711/407/1 852/369/1 851/372/1 712/408/1
f 775/191/1 854/186/1 853/189/1 776/192/1
f 779/202/1 856/197/1 855/200/1 780/203/1
f 783/212/1 858/207/1 857/210/1 784/213/1
f 787/223/1 860/218/1 859/221/1 788/224/1
f 791/233/1 862/228/1 861/231/1 792/234/1
f 795/244/1 864/239/1 863/242/1 796/245/1
f 709/254/1 866/249/1 865/252/1 710/255/1
f 749/265/1 868/260/1 867/263/1 750/266/1
f 753/275/1 870/270/1 869/273/1 754/276/1
f 757/286/1 872/281/1 871/284/1 758/287/1
f 761/296/1 874/291/1 873/294/1 762/297/1
f 765/307/1 876/302/1 875/305/1 766/308/1
f 769/317/1 878/312/1 877/315/1 770/318/1
f 799/328/1 880/323/1 879/326/1 800/329/1
f 803/338/1 882/333/1 881/336/1 804/339/1
f 807/349/1 884/344/1 883/347/1 808/350/1
f 811/359/1 886/354/1 885/357/1 812/360/1
f 815/370/1 888/365/1 887/368/1 816/371/1
f 773/187/1 890/184/1 889/185/1 774/188/1
f 777/198/1 892/194/1 891/196/1 778/199/1
f 781/208/1 894/205/1 893/206/1 782/209/1
f 785/219/1 896/215/1 895/217/1 786/220/1
f 789/229/1 898/226/1 897/227/1 790/230/1
f 793/240/1 900/236/1 899/238/1 794/241/1
f 797/250/1 902/247/1 901/248/1 798/251/1
f 747/261/1 904/257/1 903/259/1 748/262/1
f 751/271/1 906/268/1 905/269/1 752/272/1
f 755/282/1 908/278/1 907/280/1 756/283/1
f 759/292/1 910/289/1 909/290/1 760/293/1
f 763/303/1 912/299/1 911/301/1 764/304/1
f 767/313/1 914/310/1 913/311/1 768/314/1
f 771/324/1 916/320/1 915/322/1 772/325/1
f 801/334/1 918/331/1 917/332/1 802/335/1
f 805/345/1 920/341/1 919/343/1 806/346/1
f 809/355/1 922/352/1 921/353/1 810/356/1
f 813/366/1 924/362/1 923/364/1 814/367/1
f 1093/409/1 866/249/1 709/254/1 1094/410/1
f 1086/411/1 868/260/1 749/265/1 1084/412/1
f 1006/413/1 852/369/1 711/407/1 1007/414/1
f 998/415/1 702/116/1 695/120/1 999/416/1
f 1014/417/1 850/358/1 713/405/1 1015/418/1
f 1021/419/1 848/348/1 715/403/1 1022/420/1
f 1030/421/1 846/337/1 717/401/1 1031/422/1
f 1037/423/1 844/327/1 719/399/1 1038/424/1
f 1046/425/1 842/316/1 721/397/1 1047/426/1
f 1053/427/1 840/306/1 723/395/1 1054/428/1
f 1061/429/1 838/295/1 725/393/1 1062/430/1
f 1068/431/1 836/285/1 727/391/1 1069/432/1
f 1077/433/1 834/274/1 729/389/1 1078/434/1
f 1085/435/1 832/264/1 731/387/1 1087/436/1
f 1095/437/1 830/253/1 733/385/1 1096/438/1
f 1100/439/1 828/243/1 735/383/1 1101/440/1
f 1109/441/1 826/232/1 737/381/1 1110/442/1
f 1116/443/1 824/222/1 739/379/1 1117/444/1
f 1125/445/1 822/211/1 741/377/1 1126/446/1
f 1132/447/1 820/201/1 743/375/1 1133/448/1
f 1141/449/1 818/190/1 745/373/1 1142/450/1
f 1088/451/1 904/257/1 747/261/1 1089/452/1
f 1081/453/1 906/268/1 751/271/1 1079/454/1
f 1080/455/1 870/270/1 753/275/1 1082/456/1
f 1072/457/1 908/278/1 755/282/1 1070/458/1
f 1071/459/1 872/281/1 757/286/1 1073/460/1
f 1065/461/1 910/289/1 759/292/1 1063/462/1
f 1064/463/1 874/291/1 761/296/1 1066/464/1
f 1057/465/1 912/299/1 763/303/1 1055/466/1
f 1056/467/1 876/302/1 765/307/1 1058/468/1
f 1050/469/1 914/310/1 767/313/1 1048/470/1
f 1049/471/1 878/312/1 769/317/1 1051/472/1
f 1041/473/1 916/320/1 771/324/1 1039/474/1
f 1040/475/1 880/323/1 799/328/1 1042/476/1
f 1034/477/1 918/331/1 801/334/1 1032/478/1
f 1143/479/1 890/184/1 773/187/1 1144/480/1
f 1136/481/1 892/194/1 777/198/1 1134/482/1
f 1145/483/1 854/186/1 775/191/1 1146/484/1
f 1135/485/1 856/197/1 779/202/1 1137/486/1
f 1129/487/1 894/205/1 781/208/1 1127/488/1
f 1128/489/1 858/207/1 783/212/1 1130/490/1
f 1120/491/1 896/215/1 785/219/1 1118/492/1
f 1119/493/1 860/218/1 787/223/1 1121/494/1
f 1113/495/1 898/226/1 789/229/1 1111/496/1
f 1112/497/1 862/228/1 791/233/1 1114/498/1
f 1104/499/1 900/236/1 793/240/1 1102/500/1
f 1103/501/1 864/239/1 795/244/1 1105/502/1
f 1098/503/1 902/247/1 797/250/1 1097/504/1
f 1033/505/1 882/333/1 803/338/1 1035/506/1
f 1025/507/1 920/341/1 805/345/1 1023/508/1
f 1024/509/1 884/344/1 807/349/1 1026/510/1
f 1018/511/1 922/352/1 809/355/1 1016/512/1
f 1017/513/1 886/354/1 811/359/1 1019/514/1
f 1010/515/1 924/362/1 813/366/1 1008/516/1
f 1009/517/1 888/365/1 815/370/1 1011/518/1
f 1000/519/1 706/110/1 697/113/1 1001/520/1
f 1002/521/1 704/112/1 699/117/1 1003/522/1
f 1140/523/1 927/132/1 926/131/1 1147/524/1
f 1139/525/1 587/526/1 939/195/1 1138/527/1
f 1005/528/1 655/529/1 929/363/1 1012/530/1
f 615/78/1 611/531/1 986/532/1 666/54/1
f 997/533/1 612/109/1 708/108/1 1004/534/1
f 655/529/1 986/532/1 930/135/1 929/134/1
f 1013/535/1 934/138/1 933/137/1 1020/536/1
f 1124/537/1 937/141/1 936/140/1 1131/538/1
f 1123/539/1 588/540/1 952/216/1 1122/541/1
f 658/84/1 656/542/1 953/543/1 669/22/1
f 587/526/1 953/543/1 940/144/1 939/143/1
f 664/544/1 931/545/1 943/147/1 942/146/1
f 1028/546/1 664/544/1 942/342/1 1027/547/1
f 617/87/1 610/548/1 931/545/1 674/50/1
f 1029/549/1 947/150/1 946/149/1 1036/550/1
f 1108/551/1 950/153/1 949/152/1 1115/552/1
f 1107/553/1 589/554/1 966/237/1 1106/555/1
f 668/90/1 665/556/1 968/557/1 677/26/1
f 588/540/1 968/557/1 954/156/1 952/155/1
f 672/558/1 944/559/1 958/159/1 956/158/1
f 1044/560/1 672/558/1 956/321/1 1043/561/1
f 619/93/1 583/562/1 944/559/1 682/46/1
f 1045/563/1 961/162/1 960/161/1 1052/564/1
f 1092/565/1 964/165/1 963/164/1 1099/566/1
f 1091/567/1 580/568/1 973/258/1 1090/569/1
f 676/96/1 673/570/1 974/571/1 685/30/1
f 589/554/1 974/571/1 967/168/1 966/167/1
f 1076/572/1 971/171/1 970/170/1 1083/573/1
f 1075/574/1 581/575/1 984/279/1 1074/576/1
f 684/102/1 681/577/1 988/578/1 690/34/1
f 580/568/1 988/578/1 975/174/1 973/173/1
f 680/579/1 957/580/1 979/177/1 977/176/1
f 1059/581/1 680/579/1 977/300/1 978/582/1
f 621/99/1 582/583/1 957/580/1 692/42/1
f 1060/584/1 982/180/1 981/179/1 1067/585/1
f 689/105/1 688/586/1 987/587/1 693/38/1
f 581/575/1 987/587/1 985/183/1 984/182/1
f 986/532/1 655/529/1 657/88/1 666/54/1
f 986/532/1 611/531/1 928/588/1 930/135/1
f 931/545/1 610/548/1 941/589/1 943/147/1
f 931/545/1 664/544/1 667/94/1 674/50/1
f 944/559/1 583/562/1 955/590/1 958/159/1
f 944/559/1 672/558/1 675/100/1 682/46/1
f 957/580/1 582/583/1 976/591/1 979/177/1
f 957/580/1 680/579/1 683/106/1 692/42/1
f 987/587/1 581/575/1 623/103/1 693/38/1
f 987/587/1 688/586/1 983/592/1 985/183/1
f 988/578/1 681/577/1 972/593/1 975/174/1
f 988/578/1 580/568/1 625/97/1 690/34/1
f 974/571/1 589/554/1 627/91/1 685/30/1
f 974/571/1 673/570/1 965/594/1 967/168/1
f 968/557/1 665/556/1 951/595/1 954/156/1
f 968/557/1 588/540/1 629/85/1 677/26/1
f 953/543/1 587/526/1 631/75/1 669/22/1
f 953/543/1 656/542/1 938/596/1 940/144/1
f 612/597/1 989/128/1 996/129/1 707/107/1
f 703/115/1 994/126/1 995/127/1 700/118/1
f 705/111/1 992/124/1 993/125/1 698/114/1
f 701/119/1 990/122/1 991/123/1 696/121/1
f 611/531/1 997/533/1 1004/534/1 928/588/1
f 887/368/1 1002/521/1 1003/522/1 816/371/1
f 923/364/1 1000/519/1 1001/520/1 814/367/1
f 851/372/1 998/415/1 999/416/1 712/408/1
f 934/598/1 1005/528/1 1012/530/1 932/136/1
f 885/357/1 1009/517/1 1011/518/1 812/360/1
f 921/353/1 1010/515/1 1008/516/1 810/356/1
f 849/361/1 1006/413/1 1007/414/1 714/406/1
f 610/548/1 1013/535/1 1020/536/1 941/589/1
f 883/347/1 1017/513/1 1019/514/1 808/350/1
f 919/343/1 1018/511/1 1016/512/1 806/346/1
f 847/351/1 1014/417/1 1015/418/1 716/404/1
f 947/599/1 1028/546/1 1027/547/1 945/148/1
f 881/336/1 1024/509/1 1026/510/1 804/339/1
f 917/332/1 1025/507/1 1023/508/1 802/335/1
f 845/340/1 1021/419/1 1022/420/1 718/402/1
f 583/562/1 1029/549/1 1036/550/1 955/590/1
f 879/326/1 1033/505/1 1035/506/1 800/329/1
f 915/322/1 1034/477/1 1032/478/1 772/325/1
f 843/330/1 1030/421/1 1031/422/1 720/400/1
f 961/600/1 1044/560/1 1043/561/1 959/160/1
f 877/315/1 1040/475/1 1042/476/1 770/318/1
f 913/311/1 1041/473/1 1039/474/1 768/314/1
f 841/319/1 1037/423/1 1038/424/1 722/398/1
f 582/583/1 1045/563/1 1052/564/1 976/591/1
f 875/305/1 1049/471/1 1051/472/1 766/308/1
f 911/301/1 1050/469/1 1048/470/1 764/304/1
f 839/309/1 1046/425/1 1047/426/1 724/396/1
f 873/294/1 1056/467/1 1058/468/1 762/297/1
f 909/290/1 1057/465/1 1055/466/1 760/293/1
f 837/298/1 1053/427/1 1054/428/1 726/394/1
f 688/586/1 1060/584/1 1067/585/1 983/592/1
f 871/284/1 1064/463/1 1066/464/1 758/287/1
f 907/280/1 1065/461/1 1063/462/1 756/283/1
f 835/288/1 1061/429/1 1062/430/1 728/392/1
f 971/601/1 1075/574/1 1074/576/1 969/169/1
f 869/273/1 1071/459/1 1073/460/1 754/276/1
f 905/269/1 1072/457/1 1070/458/1 752/272/1
f 833/277/1 1068/431/1 1069/432/1 730/390/1
f 681/577/1 1076/572/1 1083/573/1 972/593/1
f 867/263/1 1080/455/1 1082/456/1 750/266/1
f 903/259/1 1081/453/1 1079/454/1 748/262/1
f 831/267/1 1077/433/1 1078/434/1 732/388/1
f 964/602/1 1091/567/1 1090/569/1 962/163/1
f 901/248/1 1088/451/1 1089/452/1 798/251/1
f 829/256/1 1085/435/1 1087/436/1 734/386/1
f 865/252/1 1086/411/1 1084/412/1 710/255/1
f 673/570/1 1092/565/1 1099/566/1 965/594/1
f 899/238/1 1098/503/1 1097/504/1 794/241/1
f 827/246/1 1095/437/1 1096/438/1 736/384/1
f 863/242/1 1093/409/1 1094/410/1 796/245/1
f 950/603/1 1107/553/1 1106/555/1 948/151/1
f 861/231/1 1103/501/1 1105/502/1 792/234/1
f 897/227/1 1104/499/1 1102/500/1 790/230/1
f 825/235/1 1100/439/1 1101/440/1 738/382/1
f 665/556/1 1108/551/1 1115/552/1 951/595/1
f 859/221/1 1112/497/1 1114/498/1 788/224/1
f 895/217/1 1113/495/1 1111/496/1 786/220/1
f 823/225/1 1109/441/1 1110/442/1 740/380/1
f 937/604/1 1123/539/1 1122/541/1 935/139/1
f 857/210/1 1119/493/1 1121/494/1 784/213/1
f 893/206/1 1120/491/1 1118/492/1 782/209/1
f 821/214/1 1116/443/1 1117/444/1 742/378/1
f 656/542/1 1124/537/1 1131/538/1 938/596/1
f 855/200/1 1128/489/1 1130/490/1 780/203/1
f 891/196/1 1129/487/1 1127/488/1 778/199/1
f 819/204/1 1125/445/1 1126/446/1 744/376/1
f 927/605/1 1139/525/1 1138/527/1 925/130/1
f 853/189/1 1135/485/1 1137/486/1 776/192/1
f 889/185/1 1136/481/1 1134/482/1 774/188/1
f 817/193/1 1132/447/1 1133/448/1 746/374/1
f 638/81/1 1140/523/1 1147/524/1 662/65/1
f 642/72/1 1145/483/1 1146/484/1 636/62/1
f 644/68/1 1143/479/1 1144/480/1 637/69/1
f 639/63/1 1141/449/1 1142/450/1 635/73/1
f 982/606/1 1059/581/1 978/582/1 980/178/1
f 1221/1/1 641/2/1 586/3/1 1215/4/1
f 1222/5/1 643/6/1 585/7/1 1216/8/1
f 1230/9/1 633/10/1 584/11/1 1223/12/1
f 1219/13/1 613/14/1 579/15/1 1218/16/1
f 1215/4/1 586/3/1 613/14/1 1219/13/1
f 1203/17/1 1177/18/1 1228/19/1 1232/20/1
f 1177/18/1 1176/21/1 1238/22/1 1228/19/1
f 1176/21/1 1175/23/1 1239/24/1 1238/22/1
f 1175/23/1 1174/25/1 1246/26/1 1239/24/1
f 1174/25/1 1173/27/1 1247/28/1 1246/26/1
f 1173/27/1 1172/29/1 1254/30/1 1247/28/1
f 1172/29/1 1171/31/1 1255/32/1 1254/30/1
f 1171/31/1 1170/33/1 1259/34/1 1255/32/1
f 1170/33/1 1169/35/1 1260/36/1 1259/34/1
f 1169/35/1 1168/37/1 1262/38/1 1260/36/1
f 1168/37/1 1167/39/1 1263/40/1 1262/38/1
f 1167/39/1 1166/41/1 1261/42/1 1263/40/1
f 1166/41/1 1165/43/1 1256/44/1 1261/42/1
f 1165/43/1 1164/45/1 1251/46/1 1256/44/1
f 1164/45/1 1163/47/1 1248/48/1 1251/46/1
f 1163/47/1 1162/49/1 1243/50/1 1248/48/1
f 1162/49/1 1161/51/1 1240/52/1 1243/50/1
f 1161/51/1 1160/53/1 1235/54/1 1240/52/1
f 1160/53/1 1159/55/1 1229/56/1 1235/54/1
f 1214/57/1 609/58/1 633/10/1 1230/9/1
f 1178/59/1 1203/17/1 1232/20/1 1202/60/1
f 1155/61/1 1205/62/1 1208/63/1 1182/64/1
f 1202/60/1 1232/20/1 1231/65/1 1153/66/1
f 1212/67/1 1213/68/1 1206/69/1 1154/70/1
f 1210/71/1 1211/72/1 1205/62/1 1155/61/1
f 1182/64/1 1208/63/1 1204/73/1 1148/74/1
f 1154/70/1 1206/69/1 1211/72/1 1210/71/1
f 1216/8/1 585/7/1 641/2/1 1221/1/1
f 1153/66/1 1231/65/1 1213/68/1 1212/67/1
f 1223/12/1 584/11/1 643/6/1 1222/5/1
f 1159/55/1 1214/57/1 1230/9/1 1229/56/1
f 1200/75/1 1201/76/1 1228/19/1 1238/22/1
f 1183/77/1 1184/78/1 1235/54/1 1229/56/1
f 1220/79/1 1183/77/1 1229/56/1 1230/9/1
f 1201/76/1 1209/80/1 1232/20/1 1228/19/1
f 1209/80/1 1207/81/1 1231/65/1 1232/20/1
f 1217/82/1 1220/79/1 1230/9/1 1223/12/1
f 1199/83/1 1227/84/1 1238/22/1 1239/24/1
f 1198/85/1 1199/83/1 1239/24/1 1246/26/1
f 1185/86/1 1186/87/1 1243/50/1 1240/52/1
f 1226/88/1 1185/86/1 1240/52/1 1235/54/1
f 1197/89/1 1237/90/1 1246/26/1 1247/28/1
f 1196/91/1 1197/89/1 1247/28/1 1254/30/1
f 1187/92/1 1188/93/1 1251/46/1 1248/48/1
f 1236/94/1 1187/92/1 1248/48/1 1243/50/1
f 1195/95/1 1245/96/1 1254/30/1 1255/32/1
f 1194/97/1 1195/95/1 1255/32/1 1259/34/1
f 1189/98/1 1190/99/1 1261/42/1 1256/44/1
f 1244/100/1 1189/98/1 1256/44/1 1251/46/1
f 1193/101/1 1253/102/1 1259/34/1 1260/36/1
f 1192/103/1 1193/101/1 1260/36/1 1262/38/1
f 1191/104/1 1258/105/1 1262/38/1 1263/40/1
f 1252/106/1 1191/104/1 1263/40/1 1261/42/1
f 1276/107/1 1277/108/1 1181/109/1
f 1275/110/1 1277/108/1 1276/107/1 1274/111/1
f 1273/112/1 1266/113/1 1267/114/1 1272/115/1
f 1271/116/1 1268/117/1 1269/118/1 1270/119/1
f 1264/120/1 1271/116/1 1270/119/1 1265/121/1
f 1268/117/1 1273/112/1 1272/115/1 1269/118/1
f 1266/113/1 1275/110/1 1274/111/1 1267/114/1
f 1559/122/1 1219/13/1 1218/16/1 1560/123/1
f 1561/124/1 1222/5/1 1216/8/1 1562/125/1
f 1563/126/1 1221/1/1 1215/4/1 1564/127/1
f 1558/128/1 1217/82/1 1223/12/1 1565/129/1
f 1494/130/1 1495/131/1 1496/132/1
f 1497/133/1 1498/134/1 1499/135/1
f 1501/136/1 1502/137/1 1503/138/1
f 1504/139/1 1505/140/1 1506/141/1
f 1507/142/1 1508/143/1 1509/144/1
f 1510/145/1 1511/146/1 1512/147/1
f 1514/148/1 1515/149/1 1516/150/1
f 1517/151/1 1518/152/1 1519/153/1
f 1520/154/1 1521/155/1 1523/156/1
f 1524/157/1 1525/158/1 1527/159/1
f 1528/160/1 1529/161/1 1530/162/1
f 1531/163/1 1532/164/1 1533/165/1
f 1534/166/1 1535/167/1 1536/168/1
f 1538/169/1 1539/170/1 1540/171/1
f 1541/172/1 1542/173/1 1544/174/1
f 1545/175/1 1546/176/1 1548/177/1
f 1549/178/1 1550/179/1 1551/180/1
f 1552/181/1 1553/182/1 1554/183/1
f 1459/184/1 1495/131/1 1494/130/1 1458/185/1
f 1423/186/1 1342/187/1 1343/188/1 1422/189/1
f 1387/190/1 1344/191/1 1345/192/1 1386/193/1
f 1461/194/1 1508/195/1 1507/142/1 1460/196/1
f 1425/197/1 1346/198/1 1347/199/1 1424/200/1
f 1389/201/1 1348/202/1 1349/203/1 1388/204/1
f 1463/205/1 1505/140/1 1504/139/1 1462/206/1
f 1427/207/1 1350/208/1 1351/209/1 1426/210/1
f 1391/211/1 1352/212/1 1353/213/1 1390/214/1
f 1465/215/1 1521/216/1 1520/154/1 1464/217/1
f 1429/218/1 1354/219/1 1355/220/1 1428/221/1
f 1393/222/1 1356/223/1 1357/224/1 1392/225/1
f 1467/226/1 1518/152/1 1517/151/1 1466/227/1
f 1431/228/1 1358/229/1 1359/230/1 1430/231/1
f 1395/232/1 1360/233/1 1361/234/1 1394/235/1
f 1469/236/1 1535/237/1 1534/166/1 1468/238/1
f 1433/239/1 1362/240/1 1363/241/1 1432/242/1
f 1397/243/1 1364/244/1 1365/245/1 1396/246/1
f 1471/247/1 1532/164/1 1531/163/1 1470/248/1
f 1435/249/1 1366/250/1 1367/251/1 1434/252/1
f 1399/253/1 1278/254/1 1279/255/1 1398/256/1
f 1473/257/1 1542/258/1 1541/172/1 1472/259/1
f 1437/260/1 1316/261/1 1317/262/1 1436/263/1
f 1401/264/1 1318/265/1 1319/266/1 1400/267/1
f 1475/268/1 1539/170/1 1538/169/1 1474/269/1
f 1439/270/1 1320/271/1 1321/272/1 1438/273/1
f 1403/274/1 1322/275/1 1323/276/1 1402/277/1
f 1477/278/1 1553/279/1 1552/181/1 1476/280/1
f 1441/281/1 1324/282/1 1325/283/1 1440/284/1
f 1405/285/1 1326/286/1 1327/287/1 1404/288/1
f 1479/289/1 1550/179/1 1549/178/1 1478/290/1
f 1443/291/1 1328/292/1 1329/293/1 1442/294/1
f 1407/295/1 1330/296/1 1331/297/1 1406/298/1
f 1481/299/1 1546/300/1 1545/175/1 1480/301/1
f 1445/302/1 1332/303/1 1333/304/1 1444/305/1
f 1409/306/1 1334/307/1 1335/308/1 1408/309/1
f 1483/310/1 1529/161/1 1528/160/1 1482/311/1
f 1447/312/1 1336/313/1 1337/314/1 1446/315/1
f 1411/316/1 1338/317/1 1339/318/1 1410/319/1
f 1485/320/1 1525/321/1 1524/157/1 1484/322/1
f 1449/323/1 1340/324/1 1341/325/1 1448/326/1
f 1413/327/1 1368/328/1 1369/329/1 1412/330/1
f 1487/331/1 1515/149/1 1514/148/1 1486/332/1
f 1451/333/1 1370/334/1 1371/335/1 1450/336/1
f 1415/337/1 1372/338/1 1373/339/1 1414/340/1
f 1489/341/1 1511/342/1 1510/145/1 1488/343/1
f 1453/344/1 1374/345/1 1375/346/1 1452/347/1
f 1417/348/1 1376/349/1 1377/350/1 1416/351/1
f 1491/352/1 1502/137/1 1501/136/1 1490/353/1
f 1455/354/1 1378/355/1 1379/356/1 1454/357/1
f 1419/358/1 1380/359/1 1381/360/1 1418/361/1
f 1493/362/1 1498/363/1 1497/133/1 1492/364/1
f 1457/365/1 1382/366/1 1383/367/1 1456/368/1
f 1421/369/1 1384/370/1 1385/371/1 1420/372/1
f 1314/373/1 1387/190/1 1386/193/1 1315/374/1
f 1312/375/1 1389/201/1 1388/204/1 1313/376/1
f 1310/377/1 1391/211/1 1390/214/1 1311/378/1
f 1308/379/1 1393/222/1 1392/225/1 1309/380/1
f 1306/381/1 1395/232/1 1394/235/1 1307/382/1
f 1304/383/1 1397/243/1 1396/246/1 1305/384/1
f 1302/385/1 1399/253/1 1398/256/1 1303/386/1
f 1300/387/1 1401/264/1 1400/267/1 1301/388/1
f 1298/389/1 1403/274/1 1402/277/1 1299/390/1
f 1296/391/1 1405/285/1 1404/288/1 1297/392/1
f 1294/393/1 1407/295/1 1406/298/1 1295/394/1
f 1292/395/1 1409/306/1 1408/309/1 1293/396/1
f 1290/397/1 1411/316/1 1410/319/1 1291/398/1
f 1288/399/1 1413/327/1 1412/330/1 1289/400/1
f 1286/401/1 1415/337/1 1414/340/1 1287/402/1
f 1284/403/1 1417/348/1 1416/351/1 1285/404/1
f 1282/405/1 1419/358/1 1418/361/1 1283/406/1
f 1280/407/1 1421/369/1 1420/372/1 1281/408/1
f 1344/191/1 1423/186/1 1422/189/1 1345/192/1
f 1348/202/1 1425/197/1 1424/200/1 1349/203/1
f 1352/212/1 1427/207/1 1426/210/1 1353/213/1
f 1356/223/1 1429/218/1 1428/221/1 1357/224/1
f 1360/233/1 1431/228/1 1430/231/1 1361/234/1
f 1364/244/1 1433/239/1 1432/242/1 1365/245/1
f 1278/254/1 1435/249/1 1434/252/1 1279/255/1
f 1318/265/1 1437/260/1 1436/263/1 1319/266/1
f 1322/275/1 1439/270/1 1438/273/1 1323/276/1
f 1326/286/1 1441/281/1 1440/284/1 1327/287/1
f 1330/296/1 1443/291/1 1442/294/1 1331/297/1
f 1334/307/1 1445/302/1 1444/305/1 1335/308/1
f 1338/317/1 1447/312/1 1446/315/1 1339/318/1
f 1368/328/1 1449/323/1 1448/326/1 1369/329/1
f 1372/338/1 1451/333/1 1450/336/1 1373/339/1
f 1376/349/1 1453/344/1 1452/347/1 1377/350/1
f 1380/359/1 1455/354/1 1454/357/1 1381/360/1
f 1384/370/1 1457/365/1 1456/368/1 1385/371/1
f 1342/187/1 1459/184/1 1458/185/1 1343/188/1
f 1346/198/1 1461/194/1 1460/196/1 1347/199/1
f 1350/208/1 1463/205/1 1462/206/1 1351/209/1
f 1354/219/1 1465/215/1 1464/217/1 1355/220/1
f 1358/229/1 1467/226/1 1466/227/1 1359/230/1
f 1362/240/1 1469/236/1 1468/238/1 1363/241/1
f 1366/250/1 1471/247/1 1470/248/1 1367/251/1
f 1316/261/1 1473/257/1 1472/259/1 1317/262/1
f 1320/271/1 1475/268/1 1474/269/1 1321/272/1
f 1324/282/1 1477/278/1 1476/280/1 1325/283/1
f 1328/292/1 1479/289/1 1478/290/1 1329/293/1
f 1332/303/1 1481/299/1 1480/301/1 1333/304/1
f 1336/313/1 1483/310/1 1482/311/1 1337/314/1
f 1340/324/1 1485/320/1 1484/322/1 1341/325/1
f 1370/334/1 1487/331/1 1486/332/1 1371/335/1
f 1374/345/1 1489/341/1 1488/343/1 1375/346/1
f 1378/355/1 1491/352/1 1490/353/1 1379/356/1
f 1382/366/1 1493/362/1 1492/364/1 1383/367/1
f 1662/409/1 1435/249/1 1278/254/1 1663/410/1
f 1655/411/1 1437/260/1 1318/265/1 1653/412/1
f 1575/413/1 1421/369/1 1280/407/1 1576/414/1
f 1567/415/1 1271/116/1 1264/120/1 1568/416/1
f 1583/417/1 1419/358/1 1282/405/1 1584/418/1
f 1590/419/1 1417/348/1 1284/403/1 1591/420/1
f 1599/421/1 1415/337/1 1286/401/1 1600/422/1
f 1606/423/1 1413/327/1 1288/399/1 1607/424/1
f 1615/425/1 1411/316/1 1290/397/1 1616/426/1
f 1622/427/1 1409/306/1 1292/395/1 1623/428/1
f 1630/429/1 1407/295/1 1294/393/1 1631/430/1
f 1637/431/1 1405/285/1 1296/391/1 1638/432/1
f 1646/433/1 1403/274/1 1298/389/1 1647/434/1
f 1654/435/1 1401/264/1 1300/387/1 1656/436/1
f 1664/437/1 1399/253/1 1302/385/1 1665/438/1
f 1669/439/1 1397/243/1 1304/383/1 1670/440/1
f 1678/441/1 1395/232/1 1306/381/1 1679/442/1
f 1685/443/1 1393/222/1 1308/379/1 1686/444/1
f 1694/445/1 1391/211/1 1310/377/1 1695/446/1
f 1701/447/1 1389/201/1 1312/375/1 1702/448/1
f 1710/449/1 1387/190/1 1314/373/1 1711/450/1
f 1657/451/1 1473/257/1 1316/261/1 1658/452/1
f 1650/453/1 1475/268/1 1320/271/1 1648/454/1
f 1649/455/1 1439/270/1 1322/275/1 1651/456/1
f 1641/457/1 1477/278/1 1324/282/1 1639/458/1
f 1640/459/1 1441/281/1 1326/286/1 1642/460/1
f 1634/461/1 1479/289/1 1328/292/1 1632/462/1
f 1633/463/1 1443/291/1 1330/296/1 1635/464/1
f 1626/465/1 1481/299/1 1332/303/1 1624/466/1
f 1625/467/1 1445/302/1 1334/307/1 1627/468/1
f 1619/469/1 1483/310/1 1336/313/1 1617/470/1
f 1618/471/1 1447/312/1 1338/317/1 1620/472/1
f 1610/473/1 1485/320/1 1340/324/1 1608/474/1
f 1609/475/1 1449/323/1 1368/328/1 1611/476/1
f 1603/477/1 1487/331/1 1370/334/1 1601/478/1
f 1712/479/1 1459/184/1 1342/187/1 1713/480/1
f 1705/481/1 1461/194/1 1346/198/1 1703/482/1
f 1714/483/1 1423/186/1 1344/191/1 1715/484/1
f 1704/485/1 1425/197/1 1348/202/1 1706/486/1
f 1698/487/1 1463/205/1 1350/208/1 1696/488/1
f 1697/489/1 1427/207/1 1352/212/1 1699/490/1
f 1689/491/1 1465/215/1 1354/219/1 1687/492/1
f 1688/493/1 1429/218/1 1356/223/1 1690/494/1
f 1682/495/1 1467/226/1 1358/229/1 1680/496/1
f 1681/497/1 1431/228/1 1360/233/1 1683/498/1
f 1673/499/1 1469/236/1 1362/240/1 1671/500/1
f 1672/501/1 1433/239/1 1364/244/1 1674/502/1
f 1667/503/1 1471/247/1 1366/250/1 1666/504/1
f 1602/505/1 1451/333/1 1372/338/1 1604/506/1
f 1594/507/1 1489/341/1 1374/345/1 1592/508/1
f 1593/509/1 1453/344/1 1376/349/1 1595/510/1
f 1587/511/1 1491/352/1 1378/355/1 1585/512/1
f 1586/513/1 1455/354/1 1380/359/1 1588/514/1
f 1579/515/1 1493/362/1 1382/366/1 1577/516/1
f 1578/517/1 1457/365/1 1384/370/1 1580/518/1
f 1569/519/1 1275/110/1 1266/113/1 1570/520/1
f 1571/521/1 1273/112/1 1268/117/1 1572/522/1
f 1709/523/1 1496/132/1 1495/131/1 1716/524/1
f 1708/525/1 1156/526/1 1508/195/1 1707/527/1
f 1574/528/1 1224/529/1 1498/363/1 1581/530/1
f 1184/78/1 1180/531/1 1555/532/1 1235/54/1
f 1566/533/1 1181/109/1 1277/108/1 1573/534/1
f 1224/529/1 1555/532/1 1499/135/1 1498/134/1
f 1582/535/1 1503/138/1 1502/137/1 1589/536/1
f 1693/537/1 1506/141/1 1505/140/1 1700/538/1
f 1692/539/1 1157/540/1 1521/216/1 1691/541/1
f 1227/84/1 1225/542/1 1522/543/1 1238/22/1
f 1156/526/1 1522/543/1 1509/144/1 1508/143/1
f 1233/544/1 1500/545/1 1512/147/1 1511/146/1
f 1597/546/1 1233/544/1 1511/342/1 1596/547/1
f 1186/87/1 1179/548/1 1500/545/1 1243/50/1
f 1598/549/1 1516/150/1 1515/149/1 1605/550/1
f 1677/551/1 1519/153/1 1518/152/1 1684/552/1
f 1676/553/1 1158/554/1 1535/237/1 1675/555/1
f 1237/90/1 1234/556/1 1537/557/1 1246/26/1
f 1157/540/1 1537/557/1 1523/156/1 1521/155/1
f 1241/558/1 1513/559/1 1527/159/1 1525/158/1
f 1613/560/1 1241/558/1 1525/321/1 1612/561/1
f 1188/93/1 1152/562/1 1513/559/1 1251/46/1
f 1614/563/1 1530/162/1 1529/161/1 1621/564/1
f 1661/565/1 1533/165/1 1532/164/1 1668/566/1
f 1660/567/1 1149/568/1 1542/258/1 1659/569/1
f 1245/96/1 1242/570/1 1543/571/1 1254/30/1
f 1158/554/1 1543/571/1 1536/168/1 1535/167/1
f 1645/572/1 1540/171/1 1539/170/1 1652/573/1
f 1644/574/1 1150/575/1 1553/279/1 1643/576/1
f 1253/102/1 1250/577/1 1557/578/1 1259/34/1
f 1149/568/1 1557/578/1 1544/174/1 1542/173/1
f 1249/579/1 1526/580/1 1548/177/1 1546/176/1
f 1628/581/1 1249/579/1 1546/300/1 1547/582/1
f 1190/99/1 1151/583/1 1526/580/1 1261/42/1
f 1629/584/1 1551/180/1 1550/179/1 1636/585/1
f 1258/105/1 1257/586/1 1556/587/1 1262/38/1
f 1150/575/1 1556/587/1 1554/183/1 1553/182/1
f 1555/532/1 1224/529/1 1226/88/1 1235/54/1
f 1555/532/1 1180/531/1 1497/588/1 1499/135/1
f 1500/545/1 1179/548/1 1510/589/1 1512/147/1
f 1500/545/1 1233/544/1 1236/94/1 1243/50/1
f 1513/559/1 1152/562/1 1524/590/1 1527/159/1
f 1513/559/1 1241/558/1 1244/100/1 1251/46/1
f 1526/580/1 1151/583/1 1545/591/1 1548/177/1
f 1526/580/1 1249/579/1 1252/106/1 1261/42/1
f 1556/587/1 1150/575/1 1192/103/1 1262/38/1
f 1556/587/1 1257/586/1 1552/592/1 1554/183/1
f 1557/578/1 1250/577/1 1541/593/1 1544/174/1
f 1557/578/1 1149/568/1 1194/97/1 1259/34/1
f 1543/571/1 1158/554/1 1196/91/1 1254/30/1
f 1543/571/1 1242/570/1 1534/594/1 1536/168/1
f 1537/557/1 1234/556/1 1520/595/1 1523/156/1
f 1537/557/1 1157/540/1 1198/85/1 1246/26/1
f 1522/543/1 1156/526/1 1200/75/1 1238/22/1
f 1522/543/1 1225/542/1 1507/596/1 1509/144/1
f 1181/597/1 1558/128/1 1565/129/1 1276/107/1
f 1272/115/1 1563/126/1 1564/127/1 1269/118/1
f 1274/111/1 1561/124/1 1562/125/1 1267/114/1
f 1270/119/1 1559/122/1 1560/123/1 1265/121/1
f 1180/531/1 1566/533/1 1573/534/1 1497/588/1
f 1456/368/1 1571/521/1 1572/522/1 1385/371/1
f 1492/364/1 1569/519/1 1570/520/1 1383/367/1
f 1420/372/1 1567/415/1 1568/416/1 1281/408/1
f 1503/598/1 1574/528/1 1581/530/1 1501/136/1
f 1454/357/1 1578/517/1 1580/518/1 1381/360/1
f 1490/353/1 1579/515/1 1577/516/1 1379/356/1
f 1418/361/1 1575/413/1 1576/414/1 1283/406/1
f 1179/548/1 1582/535/1 1589/536/1 1510/589/1
f 1452/347/1 1586/513/1 1588/514/1 1377/350/1
f 1488/343/1 1587/511/1 1585/512/1 1375/346/1
f 1416/351/1 1583/417/1 1584/418/1 1285/404/1
f 1516/599/1 1597/546/1 1596/547/1 1514/148/1
f 1450/336/1 1593/509/1 1595/510/1 1373/339/1
f 1486/332/1 1594/507/1 1592/508/1 1371/335/1
f 1414/340/1 1590/419/1 1591/420/1 1287/402/1
f 1152/562/1 1598/549/1 1605/550/1 1524/590/1
f 1448/326/1 1602/505/1 1604/506/1 1369/329/1
f 1484/322/1 1603/477/1 1601/478/1 1341/325/1
f 1412/330/1 1599/421/1 1600/422/1 1289/400/1
f 1530/600/1 1613/560/1 1612/561/1 1528/160/1
f 1446/315/1 1609/475/1 1611/476/1 1339/318/1
f 1482/311/1 1610/473/1 1608/474/1 1337/314/1
f 1410/319/1 1606/423/1 1607/424/1 1291/398/1
f 1151/583/1 1614/563/1 1621/564/1 1545/591/1
f 1444/305/1 1618/471/1 1620/472/1 1335/308/1
f 1480/301/1 1619/469/1 1617/470/1 1333/304/1
f 1408/309/1 1615/425/1 1616/426/1 1293/396/1
f 1442/294/1 1625/467/1 1627/468/1 1331/297/1
f 1478/290/1 1626/465/1 1624/466/1 1329/293/1
f 1406/298/1 1622/427/1 1623/428/1 1295/394/1
f 1257/586/1 1629/584/1 1636/585/1 1552/592/1
f 1440/284/1 1633/463/1 1635/464/1 1327/287/1
f 1476/280/1 1634/461/1 1632/462/1 1325/283/1
f 1404/288/1 1630/429/1 1631/430/1 1297/392/1
f 1540/601/1 1644/574/1 1643/576/1 1538/169/1
f 1438/273/1 1640/459/1 1642/460/1 1323/276/1
f 1474/269/1 1641/457/1 1639/458/1 1321/272/1
f 1402/277/1 1637/431/1 1638/432/1 1299/390/1
f 1250/577/1 1645/572/1 1652/573/1 1541/593/1
f 1436/263/1 1649/455/1 1651/456/1 1319/266/1
f 1472/259/1 1650/453/1 1648/454/1 1317/262/1
f 1400/267/1 1646/433/1 1647/434/1 1301/388/1
f 1533/602/1 1660/567/1 1659/569/1 1531/163/1
f 1470/248/1 1657/451/1 1658/452/1 1367/251/1
f 1398/256/1 1654/435/1 1656/436/1 1303/386/1
f 1434/252/1 1655/411/1 1653/412/1 1279/255/1
f 1242/570/1 1661/565/1 1668/566/1 1534/594/1
f 1468/238/1 1667/503/1 1666/504/1 1363/241/1
f 1396/246/1 1664/437/1 1665/438/1 1305/384/1
f 1432/242/1 1662/409/1 1663/410/1 1365/245/1
f 1519/603/1 1676/553/1 1675/555/1 1517/151/1
f 1430/231/1 1672/501/1 1674/502/1 1361/234/1
f 1466/227/1 1673/499/1 1671/500/1 1359/230/1
f 1394/235/1 1669/439/1 1670/440/1 1307/382/1
f 1234/556/1 1677/551/1 1684/552/1 1520/595/1
f 1428/221/1 1681/497/1 1683/498/1 1357/224/1
f 1464/217/1 1682/495/1 1680/496/1 1355/220/1
f 1392/225/1 1678/441/1 1679/442/1 1309/380/1
f 1506/604/1 1692/539/1 1691/541/1 1504/139/1
f 1426/210/1 1688/493/1 1690/494/1 1353/213/1
f 1462/206/1 1689/491/1 1687/492/1 1351/209/1
f 1390/214/1 1685/443/1 1686/444/1 1311/378/1
f 1225/542/1 1693/537/1 1700/538/1 1507/596/1
f 1424/200/1 1697/489/1 1699/490/1 1349/203/1
f 1460/196/1 1698/487/1 1696/488/1 1347/199/1
f 1388/204/1 1694/445/1 1695/446/1 1313/376/1
f 1496/605/1 1708/525/1 1707/527/1 1494/130/1
f 1422/189/1 1704/485/1 1706/486/1 1345/192/1
f 1458/185/1 1705/481/1 1703/482/1 1343/188/1
f 1386/193/1 1701/447/1 1702/448/1 1315/374/1
f 1207/81/1 1709/523/1 1716/524/1 1231/65/1
f 1211/72/1 1714/483/1 1715/484/1 1205/62/1
f 1213/68/1 1712/479/1 1713/480/1 1206/69/1
f 1208/63/1 1710/449/1 1711/450/1 1204/73/1
f 1551/606/1 1628/581/1 1547/582/1 1549/178/1
f 1781/1/1 1210/2/1 1155/3/1 1775/4/1
f 1782/5/1 1212/6/1 1154/7/1 1776/8/1
f 1790/9/1 1202/10/1 1153/11/1 1783/12/1
f 1779/13/1 1182/14/1 1148/15/1 1778/16/1
f 1775/4/1 1155/3/1 1182/14/1 1779/13/1
f 1765/17/1 1742/18/1 1788/19/1 1792/20/1
f 1742/18/1 1741/21/1 1798/22/1 1788/19/1
f 1741/21/1 1740/23/1 1799/24/1 1798/22/1
f 1740/23/1 1739/25/1 1806/26/1 1799/24/1
f 1739/25/1 1738/27/1 1807/28/1 1806/26/1
f 1738/27/1 1737/29/1 1814/30/1 1807/28/1
f 1737/29/1 1736/31/1 1815/32/1 1814/30/1
f 1736/31/1 1735/33/1 1819/34/1 1815/32/1
f 1735/33/1 1734/35/1 1820/36/1 1819/34/1
f 1734/35/1 1733/37/1 1822/38/1 1820/36/1
f 1733/37/1 1732/39/1 1823/40/1 1822/38/1
f 1732/39/1 1731/41/1 1821/42/1 1823/40/1
f 1731/41/1 1730/43/1 1816/44/1 1821/42/1
f 1730/43/1 1729/45/1 1811/46/1 1816/44/1
f 1729/45/1 1728/47/1 1808/48/1 1811/46/1
f 1728/47/1 1727/49/1 1803/50/1 1808/48/1
f 1727/49/1 1726/51/1 1800/52/1 1803/50/1
f 1726/51/1 1725/53/1 1795/54/1 1800/52/1
f 1725/53/1 1724/55/1 1789/56/1 1795/54/1
f 1774/57/1 1178/58/1 1202/10/1 1790/9/1
f 13/59/1 1765/17/1 1792/20/1 42/60/1
f 39/61/1 1767/62/1 1770/63/1 41/64/1
f 42/60/1 1792/20/1 1791/65/1 37/66/1
f 74/67/1 1773/68/1 1768/69/1 38/70/1
f 71/71/1 1772/72/1 1767/62/1 39/61/1
f 41/64/1 1770/63/1 1766/73/1 1/74/1
f 38/70/1 1768/69/1 1772/72/1 71/71/1
f 1776/8/1 1154/7/1 1210/2/1 1781/1/1
f 37/66/1 1791/65/1 1773/68/1 74/67/1
f 1783/12/1 1153/11/1 1212/6/1 1782/5/1
f 1724/55/1 1774/57/1 1790/9/1 1789/56/1
f 1763/75/1 1764/76/1 1788/19/1 1798/22/1
f 1746/77/1 1747/78/1 1795/54/1 1789/56/1
f 1780/79/1 1746/77/1 1789/56/1 1790/9/1
f 1764/76/1 1771/80/1 1792/20/1 1788/19/1
f 1771/80/1 1769/81/1 1791/65/1 1792/20/1
f 1777/82/1 1780/79/1 1790/9/1 1783/12/1
f 1762/83/1 1787/84/1 1798/22/1 1799/24/1
f 1761/85/1 1762/83/1 1799/24/1 1806/26/1
f 1748/86/1 1749/87/1 1803/50/1 1800/52/1
f 1786/88/1 1748/86/1 1800/52/1 1795/54/1
f 1760/89/1 1797/90/1 1806/26/1 1807/28/1
f 1759/91/1 1760/89/1 1807/28/1 1814/30/1
f 1750/92/1 1751/93/1 1811/46/1 1808/48/1
f 1796/94/1 1750/92/1 1808/48/1 1803/50/1
f 1758/95/1 1805/96/1 1814/30/1 1815/32/1
f 1757/97/1 1758/95/1 1815/32/1 1819/34/1
f 1752/98/1 1753/99/1 1821/42/1 1816/44/1
f 1804/100/1 1752/98/1 1816/44/1 1811/46/1
f 1756/101/1 1813/102/1 1819/34/1 1820/36/1
f 1755/103/1 1756/101/1 1820/36/1 1822/38/1
f 1754/104/1 1818/105/1 1822/38/1 1823/40/1
f 1812/106/1 1754/104/1 1823/40/1 1821/42/1
f 1836/107/1 1837/108/1 1745/109/1
f 1835/110/1 1837/108/1 1836/107/1 1834/111/1
f 1833/112/1 1826/113/1 1827/114/1 1832/115/1
f 1831/116/1 1828/117/1 1829/118/1 1830/119/1
f 1824/120/1 1831/116/1 1830/119/1 1825/121/1
f 1828/117/1 1833/112/1 1832/115/1 1829/118/1
f 1826/113/1 1835/110/1 1834/111/1 1827/114/1
f 2119/122/1 1779/13/1 1778/16/1 2120/123/1
f 2121/124/1 1782/5/1 1776/8/1 2122/125/1
f 2123/126/1 1781/1/1 1775/4/1 2124/127/1
f 2118/128/1 1777/82/1 1783/12/1 2125/129/1
f 2054/130/1 2055/131/1 2056/132/1
f 2057/133/1 2058/134/1 2059/135/1
f 2061/136/1 2062/137/1 2063/138/1
f 2064/139/1 2065/140/1 2066/141/1
f 2067/142/1 2068/143/1 2069/144/1
f 2070/145/1 2071/146/1 2072/147/1
f 2074/148/1 2075/149/1 2076/150/1
f 2077/151/1 2078/152/1 2079/153/1
f 2080/154/1 2081/155/1 2083/156/1
f 2084/157/1 2085/158/1 2087/159/1
f 2088/160/1 2089/161/1 2090/162/1
f 2091/163/1 2092/164/1 2093/165/1
f 2094/166/1 2095/167/1 2096/168/1
f 2098/169/1 2099/170/1 2100/171/1
f 2101/172/1 2102/173/1 2104/174/1
f 2105/175/1 2106/176/1 2108/177/1
f 2109/178/1 2110/179/1 2111/180/1
f 2112/181/1 2113/182/1 2114/183/1
f 2019/184/1 2055/131/1 2054/130/1 2018/185/1
f 1983/186/1 1902/187/1 1903/188/1 1982/189/1
f 1947/190/1 1904/191/1 1905/192/1 1946/193/1
f 2021/194/1 2068/195/1 2067/142/1 2020/196/1
f 1985/197/1 1906/198/1 1907/199/1 1984/200/1
f 1949/201/1 1908/202/1 1909/203/1 1948/204/1
f 2023/205/1 2065/140/1 2064/139/1 2022/206/1
f 1987/207/1 1910/208/1 1911/209/1 1986/210/1
f 1951/211/1 1912/212/1 1913/213/1 1950/214/1
f 2025/215/1 2081/216/1 2080/154/1 2024/217/1
f 1989/218/1 1914/219/1 1915/220/1 1988/221/1
f 1953/222/1 1916/223/1 1917/224/1 1952/225/1
f 2027/226/1 2078/152/1 2077/151/1 2026/227/1
f 1991/228/1 1918/229/1 1919/230/1 1990/231/1
f 1955/232/1 1920/233/1 1921/234/1 1954/235/1
f 2029/236/1 2095/237/1 2094/166/1 2028/238/1
f 1993/239/1 1922/240/1 1923/241/1 1992/242/1
f 1957/243/1 1924/244/1 1925/245/1 1956/246/1
f 2031/247/1 2092/164/1 2091/163/1 2030/248/1
f 1995/249/1 1926/250/1 1927/251/1 1994/252/1
f 1959/253/1 1838/254/1 1839/255/1 1958/256/1
f 2033/257/1 2102/258/1 2101/172/1 2032/259/1
f 1997/260/1 1876/261/1 1877/262/1 1996/263/1
f 1961/264/1 1878/265/1 1879/266/1 1960/267/1
f 2035/268/1 2099/170/1 2098/169/1 2034/269/1
f 1999/270/1 1880/271/1 1881/272/1 1998/273/1
f 1963/274/1 1882/275/1 1883/276/1 1962/277/1
f 2037/278/1 2113/279/1 2112/181/1 2036/280/1
f 2001/281/1 1884/282/1 1885/283/1 2000/284/1
f 1965/285/1 1886/286/1 1887/287/1 1964/288/1
f 2039/289/1 2110/179/1 2109/178/1 2038/290/1
f 2003/291/1 1888/292/1 1889/293/1 2002/294/1
f 1967/295/1 1890/296/1 1891/297/1 1966/298/1
f 2041/299/1 2106/300/1 2105/175/1 2040/301/1
f 2005/302/1 1892/303/1 1893/304/1 2004/305/1
f 1969/306/1 1894/307/1 1895/308/1 1968/309/1
f 2043/310/1 2089/161/1 2088/160/1 2042/311/1
f 2007/312/1 1896/313/1 1897/314/1 2006/315/1
f 1971/316/1 1898/317/1 1899/318/1 1970/319/1
f 2045/320/1 2085/321/1 2084/157/1 2044/322/1
f 2009/323/1 1900/324/1 1901/325/1 2008/326/1
f 1973/327/1 1928/328/1 1929/329/1 1972/330/1
f 2047/331/1 2075/149/1 2074/148/1 2046/332/1
f 2011/333/1 1930/334/1 1931/335/1 2010/336/1
f 1975/337/1 1932/338/1 1933/339/1 1974/340/1
f 2049/341/1 2071/342/1 2070/145/1 2048/343/1
f 2013/344/1 1934/345/1 1935/346/1 2012/347/1
f 1977/348/1 1936/349/1 1937/350/1 1976/351/1
f 2051/352/1 2062/137/1 2061/136/1 2050/353/1
f 2015/354/1 1938/355/1 1939/356/1 2014/357/1
f 1979/358/1 1940/359/1 1941/360/1 1978/361/1
f 2053/362/1 2058/363/1 2057/133/1 2052/364/1
f 2017/365/1 1942/366/1 1943/367/1 2016/368/1
f 1981/369/1 1944/370/1 1945/371/1 1980/372/1
f 1874/373/1 1947/190/1 1946/193/1 1875/374/1
f 1872/375/1 1949/201/1 1948/204/1 1873/376/1
f 1870/377/1 1951/211/1 1950/214/1 1871/378/1
f 1868/379/1 1953/222/1 1952/225/1 1869/380/1
f 1866/381/1 1955/232/1 1954/235/1 1867/382/1
f 1864/383/1 1957/243/1 1956/246/1 1865/384/1
f 1862/385/1 1959/253/1 1958/256/1 1863/386/1
f 1860/387/1 1961/264/1 1960/267/1 1861/388/1
f 1858/389/1 1963/274/1 1962/277/1 1859/390/1
f 1856/391/1 1965/285/1 1964/288/1 1857/392/1
f 1854/393/1 1967/295/1 1966/298/1 1855/394/1
f 1852/395/1 1969/306/1 1968/309/1 1853/396/1
f 1850/397/1 1971/316/1 1970/319/1 1851/398/1
f 1848/399/1 1973/327/1 1972/330/1 1849/400/1
f 1846/401/1 1975/337/1 1974/340/1 1847/402/1
f 1844/403/1 1977/348/1 1976/351/1 1845/404/1
f 1842/405/1 1979/358/1 1978/361/1 1843/406/1
f 1840/407/1 1981/369/1 1980/372/1 1841/408/1
f 1904/191/1 1983/186/1 1982/189/1 1905/192/1
f 1908/202/1 1985/197/1 1984/200/1 1909/203/1
f 1912/212/1 1987/207/1 1986/210/1 1913/213/1
f 1916/223/1 1989/218/1 1988/221/1 1917/224/1
f 1920/233/1 1991/228/1 1990/231/1 1921/234/1
f 1924/244/1 1993/239/1 1992/242/1 1925/245/1
f 1838/254/1 1995/249/1 1994/252/1 1839/255/1
f 1878/265/1 1997/260/1 1996/263/1 1879/266/1
f 1882/275/1 1999/270/1 1998/273/1 1883/276/1
f 1886/286/1 2001/281/1 2000/284/1 1887/287/1
f 1890/296/1 2003/291/1 2002/294/1 1891/297/1
f 1894/307/1 2005/302/1 2004/305/1 1895/308/1
f 1898/317/1 2007/312/1 2006/315/1 1899/318/1
f 1928/328/1 2009/323/1 2008/326/1 1929/329/1
f 1932/338/1 2011/333/1 2010/336/1 1933/339/1
f 1936/349/1 2013/344/1 2012/347/1 1937/350/1
f 1940/359/1 2015/354/1 2014/357/1 1941/360/1
f 1944/370/1 2017/365/1 2016/368/1 1945/371/1
f 1902/187/1 2019/184/1 2018/185/1 1903/188/1
f 1906/198/1 2021/194/1 2020/196/1 1907/199/1
f 1910/208/1 2023/205/1 2022/206/1 1911/209/1
f 1914/219/1 2025/215/1 2024/217/1 1915/220/1
f 1918/229/1 2027/226/1 2026/227/1 1919/230/1
f 1922/240/1 2029/236/1 2028/238/1 1923/241/1
f 1926/250/1 2031/247/1 2030/248/1 1927/251/1
f 1876/261/1 2033/257/1 2032/259/1 1877/262/1
f 1880/271/1 2035/268/1 2034/269/1 1881/272/1
f 1884/282/1 2037/278/1 2036/280/1 1885/283/1
f 1888/292/1 2039/289/1 2038/290/1 1889/293/1
f 1892/303/1 2041/299/1 2040/301/1 1893/304/1
f 1896/313/1 2043/310/1 2042/311/1 1897/314/1
f 1900/324/1 2045/320/1 2044/322/1 1901/325/1
f 1930/334/1 2047/331/1 2046/332/1 1931/335/1
f 1934/345/1 2049/341/1 2048/343/1 1935/346/1
f 1938/355/1 2051/352/1 2050/353/1 1939/356/1
f 1942/366/1 2053/362/1 2052/364/1 1943/367/1
f 2222/409/1 1995/249/1 1838/254/1 2223/410/1
f 2215/411/1 1997/260/1 1878/265/1 2213/412/1
f 2135/413/1 1981/369/1 1840/407/1 2136/414/1
f 2127/415/1 1831/116/1 1824/120/1 2128/416/1
f 2143/417/1 1979/358/1 1842/405/1 2144/418/1
f 2150/419/1 1977/348/1 1844/403/1 2151/420/1
f 2159/421/1 1975/337/1 1846/401/1 2160/422/1
f 2166/423/1 1973/327/1 1848/399/1 2167/424/1
f 2175/425/1 1971/316/1 1850/397/1 2176/426/1
f 2182/427/1 1969/306/1 1852/395/1 2183/428/1
f 2190/429/1 1967/295/1 1854/393/1 2191/430/1
f 2197/431/1 1965/285/1 1856/391/1 2198/432/1
f 2206/433/1 1963/274/1 1858/389/1 2207/434/1
f 2214/435/1 1961/264/1 1860/387/1 2216/436/1
f 2224/437/1 1959/253/1 1862/385/1 2225/438/1
f 2229/439/1 1957/243/1 1864/383/1 2230/440/1
f 2238/441/1 1955/232/1 1866/381/1 2239/442/1
f 2245/443/1 1953/222/1 1868/379/1 2246/444/1
f 2254/445/1 1951/211/1 1870/377/1 2255/446/1
f 2261/447/1 1949/201/1 1872/375/1 2262/448/1
f 2270/449/1 1947/190/1 1874/373/1 2271/450/1
f 2217/451/1 2033/257/1 1876/261/1 2218/452/1
f 2210/453/1 2035/268/1 1880/271/1 2208/454/1
f 2209/455/1 1999/270/1 1882/275/1 2211/456/1
f 2201/457/1 2037/278/1 1884/282/1 2199/458/1
f 2200/459/1 2001/281/1 1886/286/1 2202/460/1
f 2194/461/1 2039/289/1 1888/292/1 2192/462/1
f 2193/463/1 2003/291/1 1890/296/1 2195/464/1
f 2186/465/1 2041/299/1 1892/303/1 2184/466/1
f 2185/467/1 2005/302/1 1894/307/1 2187/468/1
f 2179/469/1 2043/310/1 1896/313/1 2177/470/1
f 2178/471/1 2007/312/1 1898/317/1 2180/472/1
f 2170/473/1 2045/320/1 1900/324/1 2168/474/1
f 2169/475/1 2009/323/1 1928/328/1 2171/476/1
f 2163/477/1 2047/331/1 1930/334/1 2161/478/1
f 2272/479/1 2019/184/1 1902/187/1 2273/480/1
f 2265/481/1 2021/194/1 1906/198/1 2263/482/1
f 2274/483/1 1983/186/1 1904/191/1 2275/484/1
f 2264/485/1 1985/197/1 1908/202/1 2266/486/1
f 2258/487/1 2023/205/1 1910/208/1 2256/488/1
f 2257/489/1 1987/207/1 1912/212/1 2259/490/1
f 2249/491/1 2025/215/1 1914/219/1 2247/492/1
f 2248/493/1 1989/218/1 1916/223/1 2250/494/1
f 2242/495/1 2027/226/1 1918/229/1 2240/496/1
f 2241/497/1 1991/228/1 1920/233/1 2243/498/1
f 2233/499/1 2029/236/1 1922/240/1 2231/500/1
f 2232/501/1 1993/239/1 1924/244/1 2234/502/1
f 2227/503/1 2031/247/1 1926/250/1 2226/504/1
f 2162/505/1 2011/333/1 1932/338/1 2164/506/1
f 2154/507/1 2049/341/1 1934/345/1 2152/508/1
f 2153/509/1 2013/344/1 1936/349/1 2155/510/1
f 2147/511/1 2051/352/1 1938/355/1 2145/512/1
f 2146/513/1 2015/354/1 1940/359/1 2148/514/1
f 2139/515/1 2053/362/1 1942/366/1 2137/516/1
f 2138/517/1 2017/365/1 1944/370/1 2140/518/1
f 2129/519/1 1835/110/1 1826/113/1 2130/520/1
f 2131/521/1 1833/112/1 1828/117/1 2132/522/1
f 2269/523/1 2056/132/1 2055/131/1 2276/524/1
f 2268/525/1 1721/526/1 2068/195/1 2267/527/1
f 2134/528/1 1784/529/1 2058/363/1 2141/530/1
f 1747/78/1 1744/531/1 2115/532/1 1795/54/1
f 2126/533/1 1745/109/1 1837/108/1 2133/534/1
f 1784/529/1 2115/532/1 2059/135/1 2058/134/1
f 2142/535/1 2063/138/1 2062/137/1 2149/536/1
f 2253/537/1 2066/141/1 2065/140/1 2260/538/1
f 2252/539/1 1722/540/1 2081/216/1 2251/541/1
f 1787/84/1 1785/542/1 2082/543/1 1798/22/1
f 1721/526/1 2082/543/1 2069/144/1 2068/143/1
f 1793/544/1 2060/545/1 2072/147/1 2071/146/1
f 2157/546/1 1793/544/1 2071/342/1 2156/547/1
f 1749/87/1 1743/548/1 2060/545/1 1803/50/1
f 2158/549/1 2076/150/1 2075/149/1 2165/550/1
f 2237/551/1 2079/153/1 2078/152/1 2244/552/1
f 2236/553/1 1723/554/1 2095/237/1 2235/555/1
f 1797/90/1 1794/556/1 2097/557/1 1806/26/1
f 1722/540/1 2097/557/1 2083/156/1 2081/155/1
f 1801/558/1 2073/559/1 2087/159/1 2085/158/1
f 2173/560/1 1801/558/1 2085/321/1 2172/561/1
f 1751/93/1 1720/562/1 2073/559/1 1811/46/1
f 2174/563/1 2090/162/1 2089/161/1 2181/564/1
f 2221/565/1 2093/165/1 2092/164/1 2228/566/1
f 2220/567/1 1717/568/1 2102/258/1 2219/569/1
f 1805/96/1 1802/570/1 2103/571/1 1814/30/1
f 1723/554/1 2103/571/1 2096/168/1 2095/167/1
f 2205/572/1 2100/171/1 2099/170/1 2212/573/1
f 2204/574/1 1718/575/1 2113/279/1 2203/576/1
f 1813/102/1 1810/577/1 2117/578/1 1819/34/1
f 1717/568/1 2117/578/1 2104/174/1 2102/173/1
f 1809/579/1 2086/580/1 2108/177/1 2106/176/1
f 2188/581/1 1809/579/1 2106/300/1 2107/582/1
f 1753/99/1 1719/583/1 2086/580/1 1821/42/1
f 2189/584/1 2111/180/1 2110/179/1 2196/585/1
f 1818/105/1 1817/586/1 2116/587/1 1822/38/1
f 1718/575/1 2116/587/1 2114/183/1 2113/182/1
f 2115/532/1 1784/529/1 1786/88/1 1795/54/1
f 2115/532/1 1744/531/1 2057/588/1 2059/135/1
f 2060/545/1 1743/548/1 2070/589/1 2072/147/1
f 2060/545/1 1793/544/1 1796/94/1 1803/50/1
f 2073/559/1 1720/562/1 2084/590/1 2087/159/1
f 2073/559/1 1801/558/1 1804/100/1 1811/46/1
f 2086/580/1 1719/583/1 2105/591/1 2108/177/1
f 2086/580/1 1809/579/1 1812/106/1 1821/42/1
f 2116/587/1 1718/575/1 1755/103/1 1822/38/1
f 2116/587/1 1817/586/1 2112/592/1 2114/183/1
f 2117/578/1 1810/577/1 2101/593/1 2104/174/1
f 2117/578/1 1717/568/1 1757/97/1 1819/34/1
f 2103/571/1 1723/554/1 1759/91/1 1814/30/1
f 2103/571/1 1802/570/1 2094/594/1 2096/168/1
f 2097/557/1 1794/556/1 2080/595/1 2083/156/1
f 2097/557/1 1722/540/1 1761/85/1 1806/26/1
f 2082/543/1 1721/526/1 1763/75/1 1798/22/1
f 2082/543/1 1785/542/1 2067/596/1 2069/144/1
f 1745/597/1 2118/128/1 2125/129/1 1836/107/1
f 1832/115/1 2123/126/1 2124/127/1 1829/118/1
f 1834/111/1 2121/124/1 2122/125/1 1827/114/1
f 1830/119/1 2119/122/1 2120/123/1 1825/121/1
f 1744/531/1 2126/533/1 2133/534/1 2057/588/1
f 2016/368/1 2131/521/1 2132/522/1 1945/371/1
f 2052/364/1 2129/519/1 2130/520/1 1943/367/1
f 1980/372/1 2127/415/1 2128/416/1 1841/408/1
f 2063/598/1 2134/528/1 2141/530/1 2061/136/1
f 2014/357/1 2138/517/1 2140/518/1 1941/360/1
f 2050/353/1 2139/515/1 2137/516/1 1939/356/1
f 1978/361/1 2135/413/1 2136/414/1 1843/406/1
f 1743/548/1 2142/535/1 2149/536/1 2070/589/1
f 2012/347/1 2146/513/1 2148/514/1 1937/350/1
f 2048/343/1 2147/511/1 2145/512/1 1935/346/1
f 1976/351/1 2143/417/1 2144/418/1 1845/404/1
f 2076/599/1 2157/546/1 2156/547/1 2074/148/1
f 2010/336/1 2153/509/1 2155/510/1 1933/339/1
f 2046/332/1 2154/507/1 2152/508/1 1931/335/1
f 1974/340/1 2150/419/1 2151/420/1 1847/402/1
f 1720/562/1 2158/549/1 2165/550/1 2084/590/1
f 2008/326/1 2162/505/1 2164/506/1 1929/329/1
f 2044/322/1 2163/477/1 2161/478/1 1901/325/1
f 1972/330/1 2159/421/1 2160/422/1 1849/400/1
f 2090/600/1 2173/560/1 2172/561/1 2088/160/1
f 2006/315/1 2169/475/1 2171/476/1 1899/318/1
f 2042/311/1 2170/473/1 2168/474/1 1897/314/1
f 1970/319/1 2166/423/1 2167/424/1 1851/398/1
f 1719/583/1 2174/563/1 2181/564/1 2105/591/1
f 2004/305/1 2178/471/1 2180/472/1 1895/308/1
f 2040/301/1 2179/469/1 2177/470/1 1893/304/1
f 1968/309/1 2175/425/1 2176/426/1 1853/396/1
f 2002/294/1 2185/467/1 2187/468/1 1891/297/1
f 2038/290/1 2186/465/1 2184/466/1 1889/293/1
f 1966/298/1 2182/427/1 2183/428/1 1855/394/1
f 1817/586/1 2189/584/1 2196/585/1 2112/592/1
f 2000/284/1 2193/463/1 2195/464/1 1887/287/1
f 2036/280/1 2194/461/1 2192/462/1 1885/283/1
f 1964/288/1 2190/429/1 2191/430/1 1857/392/1
f 2100/601/1 2204/574/1 2203/576/1 2098/169/1
f 1998/273/1 2200/459/1 2202/460/1 1883/276/1
f 2034/269/1 2201/457/1 2199/458/1 1881/272/1
f 1962/277/1 2197/431/1 2198/432/1 1859/390/1
f 1810/577/1 2205/572/1 2212/573/1 2101/593/1
f 1996/263/1 2209/455/1 2211/456/1 1879/266/1
f 2032/259/1 2210/453/1 2208/454/1 1877/262/1
f 1960/267/1 2206/433/1 2207/434/1 1861/388/1
f 2093/602/1 2220/567/1 2219/569/1 2091/163/1
f 2030/248/1 2217/451/1 2218/452/1 1927/251/1
f 1958/256/1 2214/435/1 2216/436/1 1863/386/1
f 1994/252/1 2215/411/1 2213/412/1 1839/255/1
f 1802/570/1 2221/565/1 2228/566/1 2094/594/1
f 2028/238/1 2227/503/1 2226/504/1 1923/241/1
f 1956/246/1 2224/437/1 2225/438/1 1865/384/1
f 1992/242/1 2222/409/1 2223/410/1 1925/245/1
f 2079/603/1 2236/553/1 2235/555/1 2077/151/1
f 1990/231/1 2232/501/1 2234/502/1 1921/234/1
f 2026/227/1 2233/499/1 2231/500/1 1919/230/1
f 1954/235/1 2229/439/1 2230/440/1 1867/382/1
f 1794/556/1 2237/551/1 2244/552/1 2080/595/1
f 1988/221/1 2241/497/1 2243/498/1 1917/224/1
f 2024/217/1 2242/495/1 2240/496/1 1915/220/1
f 1952/225/1 2238/441/1 2239/442/1 1869/380/1
f 2066/604/1 2252/539/1 2251/541/1 2064/139/1
f 1986/210/1 2248/493/1 2250/494/1 1913/213/1
f 2022/206/1 2249/491/1 2247/492/1 1911/209/1
f 1950/214/1 2245/443/1 2246/444/1 1871/378/1
f 1785/542/1 2253/537/1 2260/538/1 2067/596/1
f 1984/200/1 2257/489/1 2259/490/1 1909/203/1
f 2020/196/1 2258/487/1 2256/488/1 1907/199/1
f 1948/204/1 2254/445/1 2255/446/1 1873/376/1
f 2056/605/1 2268/525/1 2267/527/1 2054/130/1
f 1982/189/1 2264/485/1 2266/486/1 1905/192/1
f 2018/185/1 2265/481/1 2263/482/1 1903/188/1
f 1946/193/1 2261/447/1 2262/448/1 1875/374/1
f 1769/81/1 2269/523/1 2276/524/1 1791/65/1
f 1772/72/1 2274/483/1 2275/484/1 1767/62/1
f 1773/68/1 2272/479/1 2273/480/1 1768/69/1
f 1770/63/1 2270/449/1 2271/450/1 1766/73/1
f 2111/606/1 2188/581/1 2107/582/1 2109/178/1
