# Blender 5.1.1
# www.blender.org
o sh_table_plate
v 0.000000 0.890000 0.000000
v -0.000000 0.910000 0.000000
v 0.129239 0.910000 -0.312009
v 0.000000 0.910000 -0.337716
v 0.238802 0.910000 -0.238802
v 0.312009 0.910000 -0.129239
v 0.337716 0.910000 0.000000
v 0.312009 0.910000 0.129239
v 0.238802 0.910000 0.238802
v 0.129239 0.910000 0.312009
v 0.000000 0.910000 0.337716
v -0.129239 0.910000 0.312009
v -0.238802 0.910000 0.238802
v -0.312009 0.910000 0.129239
v -0.337716 0.910000 0.000000
v -0.312009 0.910000 -0.129239
v -0.238802 0.910000 -0.238802
v -0.129239 0.910000 -0.312009
v 0.000000 0.890000 -0.337716
v 0.129239 0.890000 -0.312009
v 0.238802 0.890000 -0.238802
v 0.312009 0.890000 -0.129239
v 0.337716 0.890000 0.000000
v 0.312009 0.890000 0.129239
v 0.238802 0.890000 0.238802
v 0.129239 0.890000 0.312009
v 0.000000 0.890000 0.337716
v -0.129239 0.890000 0.312009
v -0.238802 0.890000 0.238802
v -0.312009 0.890000 0.129239
v -0.337716 0.890000 0.000000
v -0.312009 0.890000 -0.129239
v -0.238802 0.890000 -0.238802
v -0.129239 0.890000 -0.312009
v 0.000000 0.900000 -0.345091
v 0.132061 0.900000 -0.318823
v 0.244017 0.900000 -0.244017
v 0.318823 0.900000 -0.132061
v 0.345091 0.900000 0.000000
v 0.318823 0.900000 0.132061
v 0.244017 0.900000 0.244017
v 0.132061 0.900000 0.318823
v 0.000000 0.900000 0.345091
v -0.132061 0.900000 0.318823
v -0.244017 0.900000 0.244017
v -0.318823 0.900000 0.132061
v -0.345091 0.900000 0.000000
v -0.318823 0.900000 -0.132061
v -0.244017 0.900000 -0.244017
v -0.132061 0.900000 -0.318823
vn -0.0000 -0.0000 -1.0000
vn -0.0000 0.5935 -0.8048
vn 0.3080 0.5935 -0.7435
vn 0.3827 -0.0000 -0.9239
vn 0.5691 0.5935 -0.5691
vn 0.7071 -0.0000 -0.7071
vn 0.7435 0.5935 -0.3080
vn 0.9239 -0.0000 -0.3827
vn 0.8048 0.5935 -0.0000
vn 1.0000 -0.0000 -0.0000
vn 0.7435 0.5935 0.3080
vn 0.9239 -0.0000 0.3827
vn 0.5691 0.5935 0.5691
vn 0.7071 -0.0000 0.7071
vn 0.3080 0.5935 0.7435
vn 0.3827 -0.0000 0.9239
vn -0.0000 0.5935 0.8048
vn -0.0000 -0.0000 1.0000
vn -0.3080 0.5935 0.7435
vn -0.3827 -0.0000 0.9239
vn -0.5691 0.5935 0.5691
vn -0.7071 -0.0000 0.7071
vn -0.7435 0.5935 0.3080
vn -0.9239 -0.0000 0.3827
vn -0.8048 0.5935 -0.0000
vn -1.0000 -0.0000 -0.0000
vn -0.7435 0.5935 -0.3080
vn -0.9239 -0.0000 -0.3827
vn -0.5691 0.5935 -0.5691
vn -0.7071 -0.0000 -0.7071
vn -0.3080 0.5935 -0.7435
vn -0.3827 -0.0000 -0.9239
vn -0.0000 1.0000 -0.0000
vn -0.0000 -1.0000 -0.0000
vn -0.3080 -0.5935 -0.7435
vn -0.0000 -0.5935 -0.8048
vn -0.5691 -0.5935 -0.5691
vn -0.7435 -0.5935 -0.3080
vn -0.8048 -0.5935 -0.0000
vn -0.7435 -0.5935 0.3080
vn -0.5691 -0.5935 0.5691
vn -0.3080 -0.5935 0.7435
vn -0.0000 -0.5935 0.8048
vn 0.3080 -0.5935 0.7435
vn 0.5691 -0.5935 0.5691
vn 0.7435 -0.5935 0.3080
vn 0.8048 -0.5935 -0.0000
vn 0.7435 -0.5935 -0.3080
vn 0.5691 -0.5935 -0.5691
vn 0.3080 -0.5935 -0.7435
vt 1.000000 0.750000
vt 1.000000 1.000000
vt 0.937500 1.000000
vt 0.937500 0.750000
vt 0.875000 1.000000
vt 0.875000 0.750000
vt 0.812500 1.000000
vt 0.812500 0.750000
vt 0.750000 1.000000
vt 0.750000 0.750000
vt 0.687500 1.000000
vt 0.687500 0.750000
vt 0.625000 1.000000
vt 0.625000 0.750000
vt 0.562500 1.000000
vt 0.562500 0.750000
vt 0.500000 1.000000
vt 0.500000 0.750000
vt 0.437500 1.000000
vt 0.437500 0.750000
vt 0.375000 1.000000
vt 0.375000 0.750000
vt 0.312500 1.000000
vt 0.312500 0.750000
vt 0.250000 1.000000
vt 0.250000 0.750000
vt 0.187500 1.000000
vt 0.187500 0.750000
vt 0.125000 1.000000
vt 0.125000 0.750000
vt 0.062500 1.000000
vt 0.062500 0.750000
vt 0.000000 1.000000
vt 0.000000 0.750000
vt 0.268137 0.293787
vt 0.341844 0.471731
vt 0.250000 0.490000
vt 0.283513 0.283513
vt 0.419706 0.419706
vt 0.293787 0.268137
vt 0.471731 0.341844
vt 0.297395 0.250000
vt 0.490000 0.250000
vt 0.293787 0.231863
vt 0.471731 0.158156
vt 0.283513 0.216487
vt 0.419706 0.080294
vt 0.268137 0.206213
vt 0.341844 0.028269
vt 0.250000 0.202605
vt 0.250000 0.010000
vt 0.231863 0.206213
vt 0.158156 0.028269
vt 0.216487 0.216487
vt 0.080294 0.080294
vt 0.206213 0.231863
vt 0.028269 0.158156
vt 0.202605 0.250000
vt 0.010000 0.250000
vt 0.206213 0.268137
vt 0.028269 0.341844
vt 0.216487 0.283513
vt 0.080294 0.419706
vt 0.231863 0.293787
vt 0.158156 0.471731
vt 0.250000 0.297395
vt 0.750000 0.388461
vt 0.750000 0.490000
vt 0.841844 0.471731
vt 0.802987 0.377921
vt 0.919706 0.419706
vt 0.847907 0.347907
vt 0.971731 0.341844
vt 0.877921 0.302987
vt 0.990000 0.250000
vt 0.888461 0.250000
vt 0.971731 0.158156
vt 0.877921 0.197013
vt 0.919706 0.080294
vt 0.847907 0.152094
vt 0.841844 0.028269
vt 0.802987 0.122079
vt 0.750000 0.010000
vt 0.750000 0.111539
vt 0.658156 0.028269
vt 0.697013 0.122079
vt 0.580294 0.080294
vt 0.652094 0.152094
vt 0.528269 0.158156
vt 0.622079 0.197013
vt 0.510000 0.250000
vt 0.611539 0.250000
vt 0.528269 0.341844
vt 0.622079 0.302987
vt 0.580294 0.419706
vt 0.652094 0.347907
vt 0.658156 0.471731
vt 0.697013 0.377921
vt 0.062500 0.500000
vt 0.000000 0.500000
vt 0.125000 0.500000
vt 0.187500 0.500000
vt 0.250000 0.500000
vt 0.312500 0.500000
vt 0.375000 0.500000
vt 0.437500 0.500000
vt 0.500000 0.500000
vt 0.562500 0.500000
vt 0.625000 0.500000
vt 0.687500 0.500000
vt 0.750000 0.500000
vt 0.812500 0.500000
vt 0.875000 0.500000
vt 0.937500 0.500000
vt 1.000000 0.500000
s 1
f 35/1/1 4/2/2 3/3/3 36/4/4
f 36/4/4 3/3/3 5/5/5 37/6/6
f 37/6/6 5/5/5 6/7/7 38/8/8
f 38/8/8 6/7/7 7/9/9 39/10/10
f 39/10/10 7/9/9 8/11/11 40/12/12
f 40/12/12 8/11/11 9/13/13 41/14/14
f 41/14/14 9/13/13 10/15/15 42/16/16
f 42/16/16 10/15/15 11/17/17 43/18/18
f 43/18/18 11/17/17 12/19/19 44/20/20
f 44/20/20 12/19/19 13/21/21 45/22/22
f 45/22/22 13/21/21 14/23/23 46/24/24
f 46/24/24 14/23/23 15/25/25 47/26/26
f 47/26/26 15/25/25 16/27/27 48/28/28
f 48/28/28 16/27/27 17/29/29 49/30/30
f 49/30/30 17/29/29 18/31/31 50/32/32
f 50/32/32 18/31/31 4/33/2 35/34/1
f 2/35/33 3/36/33 4/37/33
f 2/38/33 5/39/33 3/36/33
f 2/40/33 6/41/33 5/39/33
f 2/42/33 7/43/33 6/41/33
f 2/44/33 8/45/33 7/43/33
f 2/46/33 9/47/33 8/45/33
f 2/48/33 10/49/33 9/47/33
f 2/50/33 11/51/33 10/49/33
f 2/52/33 12/53/33 11/51/33
f 2/54/33 13/55/33 12/53/33
f 2/56/33 14/57/33 13/55/33
f 2/58/33 15/59/33 14/57/33
f 2/60/33 16/61/33 15/59/33
f 2/62/33 17/63/33 16/61/33
f 2/64/33 18/65/33 17/63/33
f 2/66/33 4/37/33 18/65/33
f 1/67/34 19/68/34 20/69/34
f 1/70/34 20/69/34 21/71/34
f 1/72/34 21/71/34 22/73/34
f 1/74/34 22/73/34 23/75/34
f 1/76/34 23/75/34 24/77/34
f 1/78/34 24/77/34 25/79/34
f 1/80/34 25/79/34 26/81/34
f 1/82/34 26/81/34 27/83/34
f 1/84/34 27/83/34 28/85/34
f 1/86/34 28/85/34 29/87/34
f 1/88/34 29/87/34 30/89/34
f 1/90/34 30/89/34 31/91/34
f 1/92/34 31/91/34 32/93/34
f 1/94/34 32/93/34 33/95/34
f 1/96/34 33/95/34 34/97/34
f 1/98/34 34/97/34 19/68/34
f 34/99/35 50/32/32 35/34/1 19/100/36
f 33/101/37 49/30/30 50/32/32 34/99/35
f 32/102/38 48/28/28 49/30/30 33/101/37
f 31/103/39 47/26/26 48/28/28 32/102/38
f 30/104/40 46/24/24 47/26/26 31/103/39
f 29/105/41 45/22/22 46/24/24 30/104/40
f 28/106/42 44/20/20 45/22/22 29/105/41
f 27/107/43 43/18/18 44/20/20 28/106/42
f 26/108/44 42/16/16 43/18/18 27/107/43
f 25/109/45 41/14/14 42/16/16 26/108/44
f 24/110/46 40/12/12 41/14/14 25/109/45
f 23/111/47 39/10/10 40/12/12 24/110/46
f 22/112/48 38/8/8 39/10/10 23/111/47
f 21/113/49 37/6/6 38/8/8 22/112/48
f 20/114/50 36/4/4 37/6/6 21/113/49
f 19/115/36 35/1/1 36/4/4 20/114/50
o sh_table_metal
v 0.242831 0.899150 -0.000000
v 0.247259 0.895887 -0.009526
v 0.256115 0.889363 -0.009526
v 0.260543 0.886100 -0.000000
v 0.256115 0.889363 0.009526
v 0.247259 0.895887 0.009526
v 0.202835 0.848014 0.000000
v 0.207248 0.844731 -0.009526
v 0.216073 0.838165 -0.009526
v 0.220486 0.834882 0.000000
v 0.216073 0.838165 0.009526
v 0.207248 0.844731 0.009526
v 0.162777 0.791302 0.000000
v 0.167522 0.788521 -0.009526
v 0.177012 0.782958 -0.009526
v 0.181757 0.780177 0.000000
v 0.177012 0.782958 0.009526
v 0.167522 0.788521 0.009526
v 0.127889 0.718089 0.000000
v 0.133071 0.716245 -0.009526
v 0.143434 0.712556 -0.009526
v 0.148615 0.710712 0.000000
v 0.143434 0.712556 0.009526
v 0.133071 0.716245 0.009526
v 0.103490 0.618006 0.000000
v 0.108926 0.617170 -0.009526
v 0.119799 0.615498 -0.009526
v 0.125235 0.614661 0.000000
v 0.119799 0.615498 0.009526
v 0.108926 0.617170 0.009526
v 0.094347 0.480232 -0.000000
v 0.099846 0.480336 -0.009526
v 0.110844 0.480544 -0.009526
v 0.116343 0.480648 -0.000000
v 0.110844 0.480544 0.009526
v 0.099846 0.480336 0.009526
v 0.102837 0.399020 -0.000000
v 0.108232 0.400085 -0.009526
v 0.119024 0.402216 -0.009526
v 0.124420 0.403281 -0.000000
v 0.119024 0.402216 0.009526
v 0.108232 0.400085 0.009526
v 0.125310 0.322466 -0.000000
v 0.130462 0.324392 -0.009526
v 0.140765 0.328245 -0.009526
v 0.145916 0.330172 -0.000000
v 0.140765 0.328245 0.009526
v 0.130462 0.324392 0.009526
v 0.157283 0.252730 -0.000000
v 0.162142 0.255308 -0.009526
v 0.171858 0.260464 -0.009526
v 0.176717 0.263042 -0.000000
v 0.171858 0.260464 0.009526
v 0.162142 0.255308 0.009526
v 0.194374 0.191634 -0.000000
v 0.198932 0.194713 -0.009526
v 0.208047 0.200871 -0.009526
v 0.212604 0.203950 -0.000000
v 0.208047 0.200871 0.009526
v 0.198932 0.194713 0.009526
v 0.232190 0.141109 -0.000000
v 0.236485 0.144544 -0.009526
v 0.245077 0.151413 -0.009526
v 0.249373 0.154847 -0.000000
v 0.245077 0.151413 0.009526
v 0.236485 0.144544 0.009526
v 0.273135 0.093101 -0.000000
v 0.277299 0.096694 -0.009526
v 0.285628 0.103880 -0.009526
v 0.289792 0.107472 -0.000000
v 0.285628 0.103880 0.009526
v 0.277299 0.096694 0.009526
v 0.298511 0.064045 -0.000000
v 0.302850 0.067425 -0.009526
v 0.311527 0.074186 -0.009526
v 0.315866 0.077566 -0.000000
v 0.311527 0.074186 0.009526
v 0.302850 0.067425 0.009526
v 0.311429 0.045633 -0.000000
v 0.316393 0.048003 -0.009526
v 0.326320 0.052741 -0.009526
v 0.331283 0.055111 0.000000
v 0.326320 0.052741 0.009526
v 0.316393 0.048003 0.009526
v 0.316511 0.028038 -0.000000
v 0.321938 0.028931 -0.009526
v 0.332792 0.030718 -0.009526
v 0.338219 0.031611 0.000000
v 0.332792 0.030718 0.009526
v 0.321938 0.028931 0.009526
v 0.317612 -0.000000 -0.000000
v 0.323112 -0.000000 -0.009526
v 0.334112 0.000000 -0.009526
v 0.339612 0.000000 -0.000000
v 0.334112 0.000000 0.009526
v 0.323112 -0.000000 0.009526
v -0.121415 0.899150 -0.210298
v -0.131879 0.895887 -0.209369
v -0.136307 0.889363 -0.217039
v -0.130271 0.886100 -0.225637
v -0.119807 0.889363 -0.226565
v -0.115379 0.895887 -0.218895
v -0.101418 0.848014 -0.175660
v -0.111874 0.844731 -0.174719
v -0.116287 0.838165 -0.182362
v -0.110243 0.834882 -0.190947
v -0.099787 0.838165 -0.191888
v -0.095374 0.844731 -0.184245
v -0.081389 0.791302 -0.140969
v -0.092011 0.788521 -0.140315
v -0.096756 0.782958 -0.148534
v -0.090878 0.780177 -0.157406
v -0.080256 0.782958 -0.158060
v -0.075511 0.788521 -0.149842
v -0.063944 0.718089 -0.110755
v -0.074785 0.716245 -0.110479
v -0.079967 0.712556 -0.119454
v -0.074308 0.710712 -0.128705
v -0.063467 0.712556 -0.128980
v -0.058285 0.716245 -0.120006
v -0.051745 0.618006 -0.089625
v -0.062713 0.617170 -0.089570
v -0.068149 0.615498 -0.098985
v -0.062617 0.614661 -0.108456
v -0.051649 0.615498 -0.108512
v -0.046213 0.617170 -0.099096
v -0.047173 0.480232 -0.081706
v -0.058173 0.480336 -0.081706
v -0.063672 0.480544 -0.091230
v -0.058171 0.480648 -0.100756
v -0.047172 0.480544 -0.100756
v -0.041673 0.480336 -0.091232
v -0.051418 0.399020 -0.089059
v -0.062366 0.400085 -0.088969
v -0.067762 0.402216 -0.098315
v -0.062210 0.403281 -0.107751
v -0.051262 0.402216 -0.107841
v -0.045866 0.400085 -0.098495
v -0.062655 0.322466 -0.108522
v -0.073481 0.324392 -0.108220
v -0.078632 0.328245 -0.117143
v -0.072958 0.330172 -0.126367
v -0.062132 0.328245 -0.126669
v -0.056981 0.324392 -0.117746
v -0.078642 0.252730 -0.136211
v -0.089321 0.255308 -0.135656
v -0.094179 0.260464 -0.144071
v -0.088358 0.263042 -0.153041
v -0.077679 0.260464 -0.153597
v -0.072821 0.255308 -0.145182
v -0.097187 0.191634 -0.168333
v -0.107716 0.194713 -0.167517
v -0.112273 0.200871 -0.175410
v -0.106302 0.203950 -0.184120
v -0.095773 0.200871 -0.184937
v -0.091216 0.194713 -0.177043
v -0.116095 0.141109 -0.201082
v -0.126493 0.144544 -0.200039
v -0.130789 0.151413 -0.207480
v -0.124687 0.154847 -0.215963
v -0.114289 0.151413 -0.217006
v -0.109993 0.144544 -0.209566
v -0.136567 0.093101 -0.236541
v -0.146900 0.096694 -0.235385
v -0.151064 0.103880 -0.242598
v -0.144896 0.107472 -0.250967
v -0.134564 0.103880 -0.252124
v -0.130400 0.096694 -0.244911
v -0.149256 0.064045 -0.258518
v -0.159675 0.067425 -0.257513
v -0.164014 0.074186 -0.265027
v -0.157933 0.077566 -0.273548
v -0.147514 0.074186 -0.274554
v -0.143175 0.067425 -0.267039
v -0.155715 0.045633 -0.269706
v -0.166446 0.048003 -0.269241
v -0.171410 0.052741 -0.277838
v -0.165642 0.055111 -0.286900
v -0.154910 0.052741 -0.287364
v -0.149946 0.048003 -0.278767
v -0.158255 0.028038 -0.274106
v -0.169219 0.028931 -0.274043
v -0.174646 0.030718 -0.283443
v -0.169109 0.031611 -0.292906
v -0.158146 0.030718 -0.292969
v -0.152719 0.028931 -0.283569
v -0.158806 -0.000000 -0.275060
v -0.169806 -0.000000 -0.275060
v -0.175306 0.000000 -0.284586
v -0.169806 0.000000 -0.294113
v -0.158806 0.000000 -0.294113
v -0.153306 -0.000000 -0.284586
v -0.121415 0.899150 0.210298
v -0.115379 0.895887 0.218896
v -0.119807 0.889363 0.226565
v -0.130271 0.886100 0.225637
v -0.136307 0.889363 0.217039
v -0.131879 0.895887 0.209369
v -0.101418 0.848014 0.175660
v -0.095374 0.844731 0.184245
v -0.099787 0.838165 0.191888
v -0.110243 0.834882 0.190947
v -0.116287 0.838165 0.182362
v -0.111874 0.844731 0.174719
v -0.081389 0.791302 0.140969
v -0.075511 0.788521 0.149842
v -0.080256 0.782958 0.158060
v -0.090878 0.780177 0.157406
v -0.096756 0.782958 0.148534
v -0.092011 0.788521 0.140315
v -0.063944 0.718089 0.110755
v -0.058285 0.716245 0.120006
v -0.063467 0.712556 0.128980
v -0.074308 0.710712 0.128705
v -0.079967 0.712556 0.119454
v -0.074785 0.716245 0.110479
v -0.051745 0.618006 0.089625
v -0.046213 0.617170 0.099096
v -0.051649 0.615498 0.108512
v -0.062617 0.614661 0.108456
v -0.068149 0.615498 0.098985
v -0.062713 0.617170 0.089570
v -0.047173 0.480232 0.081706
v -0.041673 0.480336 0.091232
v -0.047172 0.480544 0.100756
v -0.058171 0.480648 0.100756
v -0.063672 0.480544 0.091230
v -0.058173 0.480336 0.081706
v -0.051418 0.399020 0.089059
v -0.045866 0.400085 0.098495
v -0.051262 0.402216 0.107841
v -0.062210 0.403281 0.107751
v -0.067762 0.402216 0.098315
v -0.062366 0.400085 0.088969
v -0.062655 0.322466 0.108522
v -0.056981 0.324392 0.117746
v -0.062132 0.328245 0.126669
v -0.072958 0.330172 0.126367
v -0.078632 0.328245 0.117143
v -0.073481 0.324392 0.108220
v -0.078642 0.252730 0.136211
v -0.072821 0.255308 0.145182
v -0.077679 0.260464 0.153597
v -0.088358 0.263042 0.153041
v -0.094179 0.260464 0.144071
v -0.089321 0.255308 0.135656
v -0.097187 0.191634 0.168333
v -0.091216 0.194713 0.177043
v -0.095773 0.200871 0.184937
v -0.106302 0.203950 0.184120
v -0.112273 0.200871 0.175411
v -0.107716 0.194713 0.167517
v -0.116095 0.141109 0.201082
v -0.109993 0.144544 0.209566
v -0.114289 0.151413 0.217006
v -0.124686 0.154847 0.215963
v -0.130789 0.151413 0.207480
v -0.126493 0.144544 0.200039
v -0.136567 0.093101 0.236542
v -0.130399 0.096694 0.244911
v -0.134564 0.103880 0.252124
v -0.144896 0.107472 0.250967
v -0.151064 0.103880 0.242598
v -0.146899 0.096694 0.235385
v -0.149256 0.064045 0.258518
v -0.143175 0.067425 0.267039
v -0.147514 0.074186 0.274554
v -0.157933 0.077566 0.273548
v -0.164014 0.074186 0.265028
v -0.159675 0.067425 0.257513
v -0.155715 0.045633 0.269706
v -0.149946 0.048003 0.278767
v -0.154910 0.052741 0.287364
v -0.165642 0.055111 0.286900
v -0.171410 0.052741 0.277838
v -0.166446 0.048003 0.269241
v -0.158255 0.028038 0.274106
v -0.152719 0.028931 0.283569
v -0.158146 0.030718 0.292969
v -0.169109 0.031611 0.292906
v -0.174646 0.030718 0.283443
v -0.169219 0.028931 0.274043
v -0.158806 -0.000000 0.275060
v -0.153306 -0.000000 0.284586
v -0.158806 0.000000 0.294113
v -0.169806 0.000000 0.294113
v -0.175306 0.000000 0.284587
v -0.169806 -0.000000 0.275060
vn -0.7877 0.6161 -0.0000
vn -0.3885 0.3039 -0.8699
vn 0.3993 -0.3123 -0.8620
vn 0.7877 -0.6161 -0.0000
vn 0.3993 -0.3123 0.8620
vn -0.3885 0.3039 0.8699
vn -0.8024 0.5967 -0.0000
vn -0.4060 0.3019 -0.8626
vn 0.3966 -0.2952 -0.8692
vn 0.8022 -0.5970 -0.0000
vn 0.3966 -0.2952 0.8692
vn -0.4060 0.3019 0.8626
vn -0.8629 0.5055 -0.0000
vn -0.4484 0.2627 -0.8543
vn 0.4132 -0.2424 -0.8778
vn 0.8626 -0.5060 -0.0000
vn 0.4132 -0.2424 0.8778
vn -0.4484 0.2627 0.8543
vn -0.9421 0.3353 -0.0000
vn -0.4933 0.1756 -0.8520
vn 0.4470 -0.1591 -0.8803
vn 0.9421 -0.3353 -0.0000
vn 0.4470 -0.1591 0.8803
vn -0.4933 0.1756 0.8520
vn -0.9884 0.1521 -0.0000
vn -0.5141 0.0791 -0.8541
vn 0.4734 -0.0728 -0.8779
vn 0.9884 -0.1520 -0.0000
vn 0.4734 -0.0728 0.8779
vn -0.5141 0.0791 0.8541
vn -0.9998 -0.0189 -0.0000
vn -0.5197 -0.0098 -0.8543
vn 0.4791 0.0091 -0.8777
vn 0.9998 0.0189 -0.0000
vn 0.4791 0.0091 0.8777
vn -0.5197 -0.0098 0.8543
vn -0.9811 -0.1936 -0.0000
vn -0.5111 -0.1009 -0.8536
vn 0.4686 0.0925 -0.8786
vn 0.9811 0.1937 -0.0000
vn 0.4686 0.0925 0.8786
vn -0.5111 -0.1009 0.8536
vn -0.9367 -0.3502 -0.0000
vn -0.4841 -0.1810 -0.8561
vn 0.4518 0.1690 -0.8759
vn 0.9366 0.3504 -0.0000
vn 0.4518 0.1690 0.8759
vn -0.4841 -0.1810 0.8561
vn -0.8834 -0.4687 -0.0000
vn -0.4537 -0.2407 -0.8580
vn 0.4293 0.2278 -0.8740
vn 0.8833 0.4688 -0.0000
vn 0.4293 0.2278 0.8740
vn -0.4537 -0.2407 0.8580
vn -0.8287 -0.5598 -0.0000
vn -0.4238 -0.2862 -0.8594
vn 0.4046 0.2734 -0.8727
vn 0.8286 0.5599 -0.0000
vn 0.4046 0.2734 0.8727
vn -0.4238 -0.2862 0.8594
vn -0.7811 -0.6244 -0.0000
vn -0.3964 -0.3169 -0.8616
vn 0.3845 0.3075 -0.8704
vn 0.7810 0.6245 -0.0000
vn 0.3845 0.3075 0.8704
vn -0.3964 -0.3169 0.8616
vn -0.7571 -0.6533 -0.0000
vn -0.3796 -0.3276 -0.8652
vn 0.3777 0.3258 -0.8667
vn 0.7572 0.6531 -0.0000
vn 0.3777 0.3258 0.8667
vn -0.3796 -0.3276 0.8652
vn -0.7875 -0.6163 -0.0000
vn -0.3838 -0.3003 -0.8732
vn 0.4059 0.3149 -0.8580
vn 0.7900 0.6131 -0.0000
vn 0.4059 0.3149 0.8580
vn -0.3838 -0.3003 0.8732
vn -0.9021 -0.4315 -0.0000
vn -0.4135 -0.1977 -0.8888
vn 0.4833 0.2302 -0.8447
vn 0.9028 0.4301 -0.0000
vn 0.4833 0.2302 0.8447
vn -0.4135 -0.1977 0.8888
vn -0.9871 -0.1603 -0.0000
vn -0.4639 -0.0754 -0.8827
vn 0.5206 0.0867 -0.8494
vn 0.9864 0.1642 -0.0000
vn 0.5206 0.0867 0.8494
vn -0.4639 -0.0754 0.8827
vn -0.9992 -0.0399 -0.0000
vn -0.4907 -0.0196 -0.8711
vn 0.5106 0.0222 -0.8595
vn 0.9991 0.0435 -0.0000
vn 0.5106 0.0222 0.8595
vn -0.4907 -0.0196 0.8711
vn 0.3938 0.6161 0.6822
vn -0.5591 0.3039 0.7714
vn -0.9462 -0.3123 0.0852
vn -0.3939 -0.6161 -0.6822
vn 0.5468 -0.3123 -0.7768
vn 0.9476 0.3039 -0.0985
vn 0.4012 0.5967 0.6949
vn -0.5440 0.3019 0.7829
vn -0.9511 -0.2952 0.0911
vn -0.4011 -0.5970 -0.6947
vn 0.5545 -0.2952 -0.7781
vn 0.9500 0.3019 -0.0797
vn 0.4314 0.5055 0.7473
vn -0.5157 0.2627 0.8155
vn -0.9668 -0.2424 0.0811
vn -0.4313 -0.5060 -0.7470
vn 0.5536 -0.2424 -0.7967
vn 0.9641 0.2627 -0.0388
vn 0.4711 0.3353 0.8159
vn -0.4912 0.1756 0.8532
vn -0.9858 -0.1591 0.0530
vn -0.4711 -0.3353 -0.8159
vn 0.5388 -0.1591 -0.8272
vn 0.9845 0.1756 0.0012
vn 0.4942 0.1521 0.8560
vn -0.4826 0.0791 0.8722
vn -0.9969 -0.0728 0.0290
vn -0.4942 -0.1520 -0.8560
vn 0.5236 -0.0728 -0.8489
vn 0.9967 0.0791 0.0182
vn 0.4999 -0.0189 0.8659
vn -0.4800 -0.0098 0.8772
vn -0.9997 0.0091 0.0240
vn -0.4999 0.0189 -0.8659
vn 0.5206 0.0091 -0.8538
vn 0.9997 -0.0098 0.0229
vn 0.4905 -0.1936 0.8496
vn -0.4837 -0.1009 0.8694
vn -0.9951 0.0925 0.0335
vn -0.4905 0.1937 -0.8496
vn 0.5266 0.0925 -0.8451
vn 0.9948 -0.1009 0.0158
vn 0.4683 -0.3502 0.8112
vn -0.4993 -0.1810 0.8473
vn -0.9845 0.1691 0.0467
vn -0.4683 0.3504 -0.8111
vn 0.5327 0.1690 -0.8293
vn 0.9834 -0.1810 -0.0088
vn 0.4417 -0.4687 0.7650
vn -0.5163 -0.2407 0.8219
vn -0.9715 0.2278 0.0652
vn -0.4417 0.4688 -0.7650
vn 0.5422 0.2278 -0.8087
vn 0.9699 -0.2407 -0.0361
vn 0.4143 -0.5598 0.7176
vn -0.5323 -0.2862 0.7967
vn -0.9581 0.2734 0.0860
vn -0.4143 0.5599 -0.7176
vn 0.5535 0.2734 -0.7867
vn 0.9561 -0.2862 -0.0627
vn 0.3906 -0.6244 0.6765
vn -0.5480 -0.3169 0.7741
vn -0.9461 0.3075 0.1022
vn -0.3905 0.6245 -0.6764
vn 0.5615 0.3075 -0.7682
vn 0.9444 -0.3169 -0.0875
vn 0.3785 -0.6533 0.6556
vn -0.5594 -0.3276 0.7614
vn -0.9395 0.3258 0.1063
vn -0.3786 0.6531 -0.6558
vn 0.5618 0.3258 -0.7605
vn 0.9391 -0.3276 -0.1038
vn 0.3937 -0.6163 0.6820
vn -0.5644 -0.3003 0.7690
vn -0.9460 0.3149 0.0775
vn -0.3950 0.6131 -0.6842
vn 0.5401 0.3149 -0.7805
vn 0.9481 -0.3003 -0.1043
vn 0.4510 -0.4315 0.7812
vn -0.5630 -0.1977 0.8025
vn -0.9731 0.2302 0.0038
vn -0.4514 0.4301 -0.7818
vn 0.4899 0.2302 -0.8409
vn 0.9764 -0.1977 -0.0863
vn 0.4935 -0.1603 0.8548
vn -0.5325 -0.0754 0.8431
vn -0.9959 0.0867 -0.0262
vn -0.4932 0.1642 -0.8543
vn 0.4753 0.0867 -0.8756
vn 0.9964 -0.0754 -0.0396
vn 0.4996 -0.0399 0.8653
vn -0.5090 -0.0196 0.8605
vn -0.9997 0.0222 -0.0124
vn -0.4995 0.0435 -0.8652
vn 0.4891 0.0222 -0.8719
vn 0.9998 -0.0196 -0.0106
vn 0.3938 0.6161 -0.6822
vn 0.9476 0.3039 0.0985
vn 0.5468 -0.3123 0.7768
vn -0.3939 -0.6161 0.6822
vn -0.9462 -0.3123 -0.0852
vn -0.5591 0.3039 -0.7714
vn 0.4012 0.5967 -0.6949
vn 0.9500 0.3019 0.0797
vn 0.5545 -0.2952 0.7781
vn -0.4011 -0.5970 0.6947
vn -0.9511 -0.2952 -0.0911
vn -0.5440 0.3019 -0.7829
vn 0.4314 0.5055 -0.7473
vn 0.9641 0.2627 0.0388
vn 0.5536 -0.2424 0.7967
vn -0.4313 -0.5060 0.7470
vn -0.9668 -0.2424 -0.0811
vn -0.5157 0.2627 -0.8155
vn 0.4711 0.3353 -0.8159
vn 0.9845 0.1756 -0.0012
vn 0.5388 -0.1591 0.8272
vn -0.4710 -0.3353 0.8159
vn -0.9858 -0.1591 -0.0530
vn -0.4912 0.1756 -0.8532
vn 0.4942 0.1521 -0.8560
vn 0.9967 0.0791 -0.0182
vn 0.5236 -0.0728 0.8489
vn -0.4942 -0.1520 0.8560
vn -0.9969 -0.0728 -0.0290
vn -0.4826 0.0791 -0.8722
vn 0.4999 -0.0189 -0.8659
vn 0.9997 -0.0098 -0.0229
vn 0.5206 0.0091 0.8538
vn -0.4999 0.0189 0.8659
vn -0.9997 0.0091 -0.0240
vn -0.4800 -0.0098 -0.8772
vn 0.4905 -0.1936 -0.8496
vn 0.9948 -0.1009 -0.0158
vn 0.5266 0.0925 0.8451
vn -0.4905 0.1937 0.8496
vn -0.9951 0.0925 -0.0335
vn -0.4837 -0.1009 -0.8694
vn 0.4683 -0.3502 -0.8112
vn 0.9834 -0.1810 0.0088
vn 0.5327 0.1690 0.8293
vn -0.4683 0.3504 0.8111
vn -0.9845 0.1690 -0.0467
vn -0.4993 -0.1810 -0.8473
vn 0.4417 -0.4687 -0.7650
vn 0.9699 -0.2407 0.0361
vn 0.5422 0.2278 0.8087
vn -0.4417 0.4688 0.7650
vn -0.9715 0.2278 -0.0652
vn -0.5163 -0.2407 -0.8219
vn 0.4143 -0.5598 -0.7176
vn 0.9561 -0.2862 0.0627
vn 0.5535 0.2734 0.7867
vn -0.4143 0.5599 0.7176
vn -0.9581 0.2734 -0.0860
vn -0.5323 -0.2862 -0.7967
vn 0.3906 -0.6244 -0.6765
vn 0.9444 -0.3169 0.0875
vn 0.5615 0.3075 0.7682
vn -0.3905 0.6245 0.6764
vn -0.9461 0.3075 -0.1022
vn -0.5480 -0.3169 -0.7741
vn 0.3785 -0.6533 -0.6556
vn 0.9391 -0.3276 0.1038
vn 0.5618 0.3258 0.7605
vn -0.3786 0.6531 0.6558
vn -0.9395 0.3258 -0.1063
vn -0.5594 -0.3276 -0.7614
vn 0.3937 -0.6163 -0.6820
vn 0.9481 -0.3003 0.1043
vn 0.5401 0.3149 0.7805
vn -0.3950 0.6131 0.6842
vn -0.9460 0.3149 -0.0775
vn -0.5644 -0.3003 -0.7690
vn 0.4510 -0.4315 -0.7812
vn 0.9764 -0.1977 0.0863
vn 0.4899 0.2302 0.8409
vn -0.4514 0.4301 0.7818
vn -0.9731 0.2302 -0.0038
vn -0.5630 -0.1977 -0.8025
vn 0.4935 -0.1603 -0.8548
vn 0.9964 -0.0754 0.0396
vn 0.4753 0.0867 0.8756
vn -0.4932 0.1642 0.8543
vn -0.9959 0.0867 0.0262
vn -0.5325 -0.0754 -0.8431
vn 0.4996 -0.0399 -0.8653
vn 0.9998 -0.0196 0.0106
vn 0.4891 0.0222 0.8719
vn -0.4995 0.0435 0.8652
vn -0.9997 0.0222 0.0124
vn -0.5090 -0.0196 -0.8605
vt 0.000000 1.000000
vt 0.066667 1.000000
vt 0.066667 0.833333
vt 0.000000 0.833333
vt 0.000000 0.166667
vt 0.066667 0.166667
vt 0.066667 0.000000
vt 0.000000 0.000000
vt 0.000000 0.333333
vt 0.066667 0.333333
vt 0.000000 0.500000
vt 0.066667 0.500000
vt 0.000000 0.666667
vt 0.066667 0.666667
vt 0.133333 1.000000
vt 0.133333 0.833333
vt 0.133333 0.166667
vt 0.133333 0.000000
vt 0.133333 0.333333
vt 0.133333 0.500000
vt 0.133333 0.666667
vt 0.200000 1.000000
vt 0.200000 0.833333
vt 0.200000 0.166667
vt 0.200000 0.000000
vt 0.200000 0.333333
vt 0.200000 0.500000
vt 0.200000 0.666667
vt 0.266667 1.000000
vt 0.266667 0.833333
vt 0.266667 0.166667
vt 0.266667 0.000000
vt 0.266667 0.333333
vt 0.266667 0.500000
vt 0.266667 0.666667
vt 0.333333 1.000000
vt 0.333333 0.833333
vt 0.333333 0.166667
vt 0.333333 0.000000
vt 0.333333 0.333333
vt 0.333333 0.500000
vt 0.333333 0.666667
vt 0.400000 1.000000
vt 0.400000 0.833333
vt 0.400000 0.166667
vt 0.400000 0.000000
vt 0.400000 0.333333
vt 0.400000 0.500000
vt 0.400000 0.666667
vt 0.466667 1.000000
vt 0.466667 0.833333
vt 0.466667 0.166667
vt 0.466667 0.000000
vt 0.466667 0.333333
vt 0.466667 0.500000
vt 0.466667 0.666667
vt 0.533333 1.000000
vt 0.533333 0.833333
vt 0.533333 0.166667
vt 0.533333 0.000000
vt 0.533333 0.333333
vt 0.533333 0.500000
vt 0.533333 0.666667
vt 0.600000 1.000000
vt 0.600000 0.833333
vt 0.600000 0.166667
vt 0.600000 0.000000
vt 0.600000 0.333333
vt 0.600000 0.500000
vt 0.600000 0.666667
vt 0.666667 1.000000
vt 0.666667 0.833333
vt 0.666667 0.166667
vt 0.666667 0.000000
vt 0.666667 0.333333
vt 0.666667 0.500000
vt 0.666667 0.666667
vt 0.733333 1.000000
vt 0.733333 0.833333
vt 0.733333 0.166667
vt 0.733333 0.000000
vt 0.733333 0.333333
vt 0.733333 0.500000
vt 0.733333 0.666667
vt 0.800000 1.000000
vt 0.800000 0.833333
vt 0.800000 0.166667
vt 0.800000 0.000000
vt 0.800000 0.333333
vt 0.800000 0.500000
vt 0.800000 0.666667
vt 0.866667 1.000000
vt 0.866667 0.833333
vt 0.866667 0.166667
vt 0.866667 0.000000
vt 0.866667 0.333333
vt 0.866667 0.500000
vt 0.866667 0.666667
vt 0.933333 1.000000
vt 0.933333 0.833333
vt 0.933333 0.166667
vt 0.933333 0.000000
vt 0.933333 0.333333
vt 0.933333 0.500000
vt 0.933333 0.666667
vt 1.000000 1.000000
vt 1.000000 0.833333
vt 1.000000 0.166667
vt 1.000000 0.000000
vt 1.000000 0.333333
vt 1.000000 0.500000
vt 1.000000 0.666667
s 1
f 51/116/51 57/117/57 62/118/62 56/119/56
f 52/120/52 58/121/58 57/122/57 51/123/51
f 53/124/53 59/125/59 58/121/58 52/120/52
f 54/126/54 60/127/60 59/125/59 53/124/53
f 55/128/55 61/129/61 60/127/60 54/126/54
f 56/119/56 62/118/62 61/129/61 55/128/55
f 57/117/57 63/130/63 68/131/68 62/118/62
f 58/121/58 64/132/64 63/133/63 57/122/57
f 59/125/59 65/134/65 64/132/64 58/121/58
f 60/127/60 66/135/66 65/134/65 59/125/59
f 61/129/61 67/136/67 66/135/66 60/127/60
f 62/118/62 68/131/68 67/136/67 61/129/61
f 63/130/63 69/137/69 74/138/74 68/131/68
f 64/132/64 70/139/70 69/140/69 63/133/63
f 65/134/65 71/141/71 70/139/70 64/132/64
f 66/135/66 72/142/72 71/141/71 65/134/65
f 67/136/67 73/143/73 72/142/72 66/135/66
f 68/131/68 74/138/74 73/143/73 67/136/67
f 69/137/69 75/144/75 80/145/80 74/138/74
f 70/139/70 76/146/76 75/147/75 69/140/69
f 71/141/71 77/148/77 76/146/76 70/139/70
f 72/142/72 78/149/78 77/148/77 71/141/71
f 73/143/73 79/150/79 78/149/78 72/142/72
f 74/138/74 80/145/80 79/150/79 73/143/73
f 75/144/75 81/151/81 86/152/86 80/145/80
f 76/146/76 82/153/82 81/154/81 75/147/75
f 77/148/77 83/155/83 82/153/82 76/146/76
f 78/149/78 84/156/84 83/155/83 77/148/77
f 79/150/79 85/157/85 84/156/84 78/149/78
f 80/145/80 86/152/86 85/157/85 79/150/79
f 81/151/81 87/158/87 92/159/92 86/152/86
f 82/153/82 88/160/88 87/161/87 81/154/81
f 83/155/83 89/162/89 88/160/88 82/153/82
f 84/156/84 90/163/90 89/162/89 83/155/83
f 85/157/85 91/164/91 90/163/90 84/156/84
f 86/152/86 92/159/92 91/164/91 85/157/85
f 87/158/87 93/165/93 98/166/98 92/159/92
f 88/160/88 94/167/94 93/168/93 87/161/87
f 89/162/89 95/169/95 94/167/94 88/160/88
f 90/163/90 96/170/96 95/169/95 89/162/89
f 91/164/91 97/171/97 96/170/96 90/163/90
f 92/159/92 98/166/98 97/171/97 91/164/91
f 93/165/93 99/172/99 104/173/104 98/166/98
f 94/167/94 100/174/100 99/175/99 93/168/93
f 95/169/95 101/176/101 100/174/100 94/167/94
f 96/170/96 102/177/102 101/176/101 95/169/95
f 97/171/97 103/178/103 102/177/102 96/170/96
f 98/166/98 104/173/104 103/178/103 97/171/97
f 99/172/99 105/179/105 110/180/110 104/173/104
f 100/174/100 106/181/106 105/182/105 99/175/99
f 101/176/101 107/183/107 106/181/106 100/174/100
f 102/177/102 108/184/108 107/183/107 101/176/101
f 103/178/103 109/185/109 108/184/108 102/177/102
f 104/173/104 110/180/110 109/185/109 103/178/103
f 105/179/105 111/186/111 116/187/116 110/180/110
f 106/181/106 112/188/112 111/189/111 105/182/105
f 107/183/107 113/190/113 112/188/112 106/181/106
f 108/184/108 114/191/114 113/190/113 107/183/107
f 109/185/109 115/192/115 114/191/114 108/184/108
f 110/180/110 116/187/116 115/192/115 109/185/109
f 111/186/111 117/193/117 122/194/122 116/187/116
f 112/188/112 118/195/118 117/196/117 111/189/111
f 113/190/113 119/197/119 118/195/118 112/188/112
f 114/191/114 120/198/120 119/197/119 113/190/113
f 115/192/115 121/199/121 120/198/120 114/191/114
f 116/187/116 122/194/122 121/199/121 115/192/115
f 117/193/117 123/200/123 128/201/128 122/194/122
f 118/195/118 124/202/124 123/203/123 117/196/117
f 119/197/119 125/204/125 124/202/124 118/195/118
f 120/198/120 126/205/126 125/204/125 119/197/119
f 121/199/121 127/206/127 126/205/126 120/198/120
f 122/194/122 128/201/128 127/206/127 121/199/121
f 123/200/123 129/207/129 134/208/134 128/201/128
f 124/202/124 130/209/130 129/210/129 123/203/123
f 125/204/125 131/211/131 130/209/130 124/202/124
f 126/205/126 132/212/132 131/211/131 125/204/125
f 127/206/127 133/213/133 132/212/132 126/205/126
f 128/201/128 134/208/134 133/213/133 127/206/127
f 129/207/129 135/214/135 140/215/140 134/208/134
f 130/209/130 136/216/136 135/217/135 129/210/129
f 131/211/131 137/218/137 136/216/136 130/209/130
f 132/212/132 138/219/138 137/218/137 131/211/131
f 133/213/133 139/220/139 138/219/138 132/212/132
f 134/208/134 140/215/140 139/220/139 133/213/133
f 135/214/135 141/221/141 146/222/146 140/215/140
f 136/216/136 142/223/142 141/224/141 135/217/135
f 137/218/137 143/225/143 142/223/142 136/216/136
f 138/219/138 144/226/144 143/225/143 137/218/137
f 139/220/139 145/227/145 144/226/144 138/219/138
f 140/215/140 146/222/146 145/227/145 139/220/139
f 147/116/147 153/117/153 158/118/158 152/119/152
f 148/120/148 154/121/154 153/122/153 147/123/147
f 149/124/149 155/125/155 154/121/154 148/120/148
f 150/126/150 156/127/156 155/125/155 149/124/149
f 151/128/151 157/129/157 156/127/156 150/126/150
f 152/119/152 158/118/158 157/129/157 151/128/151
f 153/117/153 159/130/159 164/131/164 158/118/158
f 154/121/154 160/132/160 159/133/159 153/122/153
f 155/125/155 161/134/161 160/132/160 154/121/154
f 156/127/156 162/135/162 161/134/161 155/125/155
f 157/129/157 163/136/163 162/135/162 156/127/156
f 158/118/158 164/131/164 163/136/163 157/129/157
f 159/130/159 165/137/165 170/138/170 164/131/164
f 160/132/160 166/139/166 165/140/165 159/133/159
f 161/134/161 167/141/167 166/139/166 160/132/160
f 162/135/162 168/142/168 167/141/167 161/134/161
f 163/136/163 169/143/169 168/142/168 162/135/162
f 164/131/164 170/138/170 169/143/169 163/136/163
f 165/137/165 171/144/171 176/145/176 170/138/170
f 166/139/166 172/146/172 171/147/171 165/140/165
f 167/141/167 173/148/173 172/146/172 166/139/166
f 168/142/168 174/149/174 173/148/173 167/141/167
f 169/143/169 175/150/175 174/149/174 168/142/168
f 170/138/170 176/145/176 175/150/175 169/143/169
f 171/144/171 177/151/177 182/152/182 176/145/176
f 172/146/172 178/153/178 177/154/177 171/147/171
f 173/148/173 179/155/179 178/153/178 172/146/172
f 174/149/174 180/156/180 179/155/179 173/148/173
f 175/150/175 181/157/181 180/156/180 174/149/174
f 176/145/176 182/152/182 181/157/181 175/150/175
f 177/151/177 183/158/183 188/159/188 182/152/182
f 178/153/178 184/160/184 183/161/183 177/154/177
f 179/155/179 185/162/185 184/160/184 178/153/178
f 180/156/180 186/163/186 185/162/185 179/155/179
f 181/157/181 187/164/187 186/163/186 180/156/180
f 182/152/182 188/159/188 187/164/187 181/157/181
f 183/158/183 189/165/189 194/166/194 188/159/188
f 184/160/184 190/167/190 189/168/189 183/161/183
f 185/162/185 191/169/191 190/167/190 184/160/184
f 186/163/186 192/170/192 191/169/191 185/162/185
f 187/164/187 193/171/193 192/170/192 186/163/186
f 188/159/188 194/166/194 193/171/193 187/164/187
f 189/165/189 195/172/195 200/173/200 194/166/194
f 190/167/190 196/174/196 195/175/195 189/168/189
f 191/169/191 197/176/197 196/174/196 190/167/190
f 192/170/192 198/177/198 197/176/197 191/169/191
f 193/171/193 199/178/199 198/177/198 192/170/192
f 194/166/194 200/173/200 199/178/199 193/171/193
f 195/172/195 201/179/201 206/180/206 200/173/200
f 196/174/196 202/181/202 201/182/201 195/175/195
f 197/176/197 203/183/203 202/181/202 196/174/196
f 198/177/198 204/184/204 203/183/203 197/176/197
f 199/178/199 205/185/205 204/184/204 198/177/198
f 200/173/200 206/180/206 205/185/205 199/178/199
f 201/179/201 207/186/207 212/187/212 206/180/206
f 202/181/202 208/188/208 207/189/207 201/182/201
f 203/183/203 209/190/209 208/188/208 202/181/202
f 204/184/204 210/191/210 209/190/209 203/183/203
f 205/185/205 211/192/211 210/191/210 204/184/204
f 206/180/206 212/187/212 211/192/211 205/185/205
f 207/186/207 213/193/213 218/194/218 212/187/212
f 208/188/208 214/195/214 213/196/213 207/189/207
f 209/190/209 215/197/215 214/195/214 208/188/208
f 210/191/210 216/198/216 215/197/215 209/190/209
f 211/192/211 217/199/217 216/198/216 210/191/210
f 212/187/212 218/194/218 217/199/217 211/192/211
f 213/193/213 219/200/219 224/201/224 218/194/218
f 214/195/214 220/202/220 219/203/219 213/196/213
f 215/197/215 221/204/221 220/202/220 214/195/214
f 216/198/216 222/205/222 221/204/221 215/197/215
f 217/199/217 223/206/223 222/205/222 216/198/216
f 218/194/218 224/201/224 223/206/223 217/199/217
f 219/200/219 225/207/225 230/208/230 224/201/224
f 220/202/220 226/209/226 225/210/225 219/203/219
f 221/204/221 227/211/227 226/209/226 220/202/220
f 222/205/222 228/212/228 227/211/227 221/204/221
f 223/206/223 229/213/229 228/212/228 222/205/222
f 224/201/224 230/208/230 229/213/229 223/206/223
f 225/207/225 231/214/231 236/215/236 230/208/230
f 226/209/226 232/216/232 231/217/231 225/210/225
f 227/211/227 233/218/233 232/216/232 226/209/226
f 228/212/228 234/219/234 233/218/233 227/211/227
f 229/213/229 235/220/235 234/219/234 228/212/228
f 230/208/230 236/215/236 235/220/235 229/213/229
f 231/214/231 237/221/237 242/222/242 236/215/236
f 232/216/232 238/223/238 237/224/237 231/217/231
f 233/218/233 239/225/239 238/223/238 232/216/232
f 234/219/234 240/226/240 239/225/239 233/218/233
f 235/220/235 241/227/241 240/226/240 234/219/234
f 236/215/236 242/222/242 241/227/241 235/220/235
f 243/116/243 249/117/249 254/118/254 248/119/248
f 244/120/244 250/121/250 249/122/249 243/123/243
f 245/124/245 251/125/251 250/121/250 244/120/244
f 246/126/246 252/127/252 251/125/251 245/124/245
f 247/128/247 253/129/253 252/127/252 246/126/246
f 248/119/248 254/118/254 253/129/253 247/128/247
f 249/117/249 255/130/255 260/131/260 254/118/254
f 250/121/250 256/132/256 255/133/255 249/122/249
f 251/125/251 257/134/257 256/132/256 250/121/250
f 252/127/252 258/135/258 257/134/257 251/125/251
f 253/129/253 259/136/259 258/135/258 252/127/252
f 254/118/254 260/131/260 259/136/259 253/129/253
f 255/130/255 261/137/261 266/138/266 260/131/260
f 256/132/256 262/139/262 261/140/261 255/133/255
f 257/134/257 263/141/263 262/139/262 256/132/256
f 258/135/258 264/142/264 263/141/263 257/134/257
f 259/136/259 265/143/265 264/142/264 258/135/258
f 260/131/260 266/138/266 265/143/265 259/136/259
f 261/137/261 267/144/267 272/145/272 266/138/266
f 262/139/262 268/146/268 267/147/267 261/140/261
f 263/141/263 269/148/269 268/146/268 262/139/262
f 264/142/264 270/149/270 269/148/269 263/141/263
f 265/143/265 271/150/271 270/149/270 264/142/264
f 266/138/266 272/145/272 271/150/271 265/143/265
f 267/144/267 273/151/273 278/152/278 272/145/272
f 268/146/268 274/153/274 273/154/273 267/147/267
f 269/148/269 275/155/275 274/153/274 268/146/268
f 270/149/270 276/156/276 275/155/275 269/148/269
f 271/150/271 277/157/277 276/156/276 270/149/270
f 272/145/272 278/152/278 277/157/277 271/150/271
f 273/151/273 279/158/279 284/159/284 278/152/278
f 274/153/274 280/160/280 279/161/279 273/154/273
f 275/155/275 281/162/281 280/160/280 274/153/274
f 276/156/276 282/163/282 281/162/281 275/155/275
f 277/157/277 283/164/283 282/163/282 276/156/276
f 278/152/278 284/159/284 283/164/283 277/157/277
f 279/158/279 285/165/285 290/166/290 284/159/284
f 280/160/280 286/167/286 285/168/285 279/161/279
f 281/162/281 287/169/287 286/167/286 280/160/280
f 282/163/282 288/170/288 287/169/287 281/162/281
f 283/164/283 289/171/289 288/170/288 282/163/282
f 284/159/284 290/166/290 289/171/289 283/164/283
f 285/165/285 291/172/291 296/173/296 290/166/290
f 286/167/286 292/174/292 291/175/291 285/168/285
f 287/169/287 293/176/293 292/174/292 286/167/286
f 288/170/288 294/177/294 293/176/293 287/169/287
f 289/171/289 295/178/295 294/177/294 288/170/288
f 290/166/290 296/173/296 295/178/295 289/171/289
f 291/172/291 297/179/297 302/180/302 296/173/296
f 292/174/292 298/181/298 297/182/297 291/175/291
f 293/176/293 299/183/299 298/181/298 292/174/292
f 294/177/294 300/184/300 299/183/299 293/176/293
f 295/178/295 301/185/301 300/184/300 294/177/294
f 296/173/296 302/180/302 301/185/301 295/178/295
f 297/179/297 303/186/303 308/187/308 302/180/302
f 298/181/298 304/188/304 303/189/303 297/182/297
f 299/183/299 305/190/305 304/188/304 298/181/298
f 300/184/300 306/191/306 305/190/305 299/183/299
f 301/185/301 307/192/307 306/191/306 300/184/300
f 302/180/302 308/187/308 307/192/307 301/185/301
f 303/186/303 309/193/309 314/194/314 308/187/308
f 304/188/304 310/195/310 309/196/309 303/189/303
f 305/190/305 311/197/311 310/195/310 304/188/304
f 306/191/306 312/198/312 311/197/311 305/190/305
f 307/192/307 313/199/313 312/198/312 306/191/306
f 308/187/308 314/194/314 313/199/313 307/192/307
f 309/193/309 315/200/315 320/201/320 314/194/314
f 310/195/310 316/202/316 315/203/315 309/196/309
f 311/197/311 317/204/317 316/202/316 310/195/310
f 312/198/312 318/205/318 317/204/317 311/197/311
f 313/199/313 319/206/319 318/205/318 312/198/312
f 314/194/314 320/201/320 319/206/319 313/199/313
f 315/200/315 321/207/321 326/208/326 320/201/320
f 316/202/316 322/209/322 321/210/321 315/203/315
f 317/204/317 323/211/323 322/209/322 316/202/316
f 318/205/318 324/212/324 323/211/323 317/204/317
f 319/206/319 325/213/325 324/212/324 318/205/318
f 320/201/320 326/208/326 325/213/325 319/206/319
f 321/207/321 327/214/327 332/215/332 326/208/326
f 322/209/322 328/216/328 327/217/327 321/210/321
f 323/211/323 329/218/329 328/216/328 322/209/322
f 324/212/324 330/219/330 329/218/329 323/211/323
f 325/213/325 331/220/331 330/219/330 324/212/324
f 326/208/326 332/215/332 331/220/331 325/213/325
f 327/214/327 333/221/333 338/222/338 332/215/332
f 328/216/328 334/223/334 333/224/333 327/217/327
f 329/218/329 335/225/335 334/223/334 328/216/328
f 330/219/330 336/226/336 335/225/335 329/218/329
f 331/220/331 337/227/337 336/226/336 330/219/330
f 332/215/332 338/222/338 337/227/337 331/220/331
o sh_table_metal
v 0.242831 0.899150 -0.000000
v 0.247259 0.895887 -0.009526
v 0.256115 0.889363 -0.009526
v 0.260543 0.886100 -0.000000
v 0.256115 0.889363 0.009526
v 0.247259 0.895887 0.009526
v 0.202835 0.848014 0.000000
v 0.207248 0.844731 -0.009526
v 0.216073 0.838165 -0.009526
v 0.220486 0.834882 0.000000
v 0.216073 0.838165 0.009526
v 0.207248 0.844731 0.009526
v 0.162777 0.791302 0.000000
v 0.167522 0.788521 -0.009526
v 0.177012 0.782958 -0.009526
v 0.181757 0.780177 0.000000
v 0.177012 0.782958 0.009526
v 0.167522 0.788521 0.009526
v 0.127889 0.718089 0.000000
v 0.133071 0.716245 -0.009526
v 0.143434 0.712556 -0.009526
v 0.148615 0.710712 0.000000
v 0.143434 0.712556 0.009526
v 0.133071 0.716245 0.009526
v 0.103490 0.618006 0.000000
v 0.108926 0.617170 -0.009526
v 0.119799 0.615498 -0.009526
v 0.125235 0.614661 0.000000
v 0.119799 0.615498 0.009526
v 0.108926 0.617170 0.009526
v 0.094347 0.480232 -0.000000
v 0.099846 0.480336 -0.009526
v 0.110844 0.480544 -0.009526
v 0.116343 0.480648 -0.000000
v 0.110844 0.480544 0.009526
v 0.099846 0.480336 0.009526
v 0.102837 0.399020 -0.000000
v 0.108232 0.400085 -0.009526
v 0.119024 0.402216 -0.009526
v 0.124420 0.403281 -0.000000
v 0.119024 0.402216 0.009526
v 0.108232 0.400085 0.009526
v 0.125310 0.322466 -0.000000
v 0.130462 0.324392 -0.009526
v 0.140765 0.328245 -0.009526
v 0.145916 0.330172 -0.000000
v 0.140765 0.328245 0.009526
v 0.130462 0.324392 0.009526
v 0.157283 0.252730 -0.000000
v 0.162142 0.255308 -0.009526
v 0.171858 0.260464 -0.009526
v 0.176717 0.263042 -0.000000
v 0.171858 0.260464 0.009526
v 0.162142 0.255308 0.009526
v 0.194374 0.191634 -0.000000
v 0.198932 0.194713 -0.009526
v 0.208047 0.200871 -0.009526
v 0.212604 0.203950 -0.000000
v 0.208047 0.200871 0.009526
v 0.198932 0.194713 0.009526
v 0.232190 0.141109 -0.000000
v 0.236485 0.144544 -0.009526
v 0.245077 0.151413 -0.009526
v 0.249373 0.154847 -0.000000
v 0.245077 0.151413 0.009526
v 0.236485 0.144544 0.009526
v 0.273135 0.093101 -0.000000
v 0.277299 0.096694 -0.009526
v 0.285628 0.103880 -0.009526
v 0.289792 0.107472 -0.000000
v 0.285628 0.103880 0.009526
v 0.277299 0.096694 0.009526
v 0.298511 0.064045 -0.000000
v 0.302850 0.067425 -0.009526
v 0.311527 0.074186 -0.009526
v 0.315866 0.077566 -0.000000
v 0.311527 0.074186 0.009526
v 0.302850 0.067425 0.009526
v 0.311429 0.045633 -0.000000
v 0.316393 0.048003 -0.009526
v 0.326320 0.052741 -0.009526
v 0.331283 0.055111 0.000000
v 0.326320 0.052741 0.009526
v 0.316393 0.048003 0.009526
v 0.316511 0.028038 -0.000000
v 0.321938 0.028931 -0.009526
v 0.332792 0.030718 -0.009526
v 0.338219 0.031611 0.000000
v 0.332792 0.030718 0.009526
v 0.321938 0.028931 0.009526
v 0.317612 -0.000000 -0.000000
v 0.323112 -0.000000 -0.009526
v 0.334112 0.000000 -0.009526
v 0.339612 0.000000 -0.000000
v 0.334112 0.000000 0.009526
v 0.323112 -0.000000 0.009526
v -0.121415 0.899150 -0.210298
v -0.131879 0.895887 -0.209369
v -0.136307 0.889363 -0.217039
v -0.130271 0.886100 -0.225637
v -0.119807 0.889363 -0.226565
v -0.115379 0.895887 -0.218895
v -0.101418 0.848014 -0.175660
v -0.111874 0.844731 -0.174719
v -0.116287 0.838165 -0.182362
v -0.110243 0.834882 -0.190947
v -0.099787 0.838165 -0.191888
v -0.095374 0.844731 -0.184245
v -0.081389 0.791302 -0.140969
v -0.092011 0.788521 -0.140315
v -0.096756 0.782958 -0.148534
v -0.090878 0.780177 -0.157406
v -0.080256 0.782958 -0.158060
v -0.075511 0.788521 -0.149842
v -0.063944 0.718089 -0.110755
v -0.074785 0.716245 -0.110479
v -0.079967 0.712556 -0.119454
v -0.074308 0.710712 -0.128705
v -0.063467 0.712556 -0.128980
v -0.058285 0.716245 -0.120006
v -0.051745 0.618006 -0.089625
v -0.062713 0.617170 -0.089570
v -0.068149 0.615498 -0.098985
v -0.062617 0.614661 -0.108456
v -0.051649 0.615498 -0.108512
v -0.046213 0.617170 -0.099096
v -0.047173 0.480232 -0.081706
v -0.058173 0.480336 -0.081706
v -0.063672 0.480544 -0.091230
v -0.058171 0.480648 -0.100756
v -0.047172 0.480544 -0.100756
v -0.041673 0.480336 -0.091232
v -0.051418 0.399020 -0.089059
v -0.062366 0.400085 -0.088969
v -0.067762 0.402216 -0.098315
v -0.062210 0.403281 -0.107751
v -0.051262 0.402216 -0.107841
v -0.045866 0.400085 -0.098495
v -0.062655 0.322466 -0.108522
v -0.073481 0.324392 -0.108220
v -0.078632 0.328245 -0.117143
v -0.072958 0.330172 -0.126367
v -0.062132 0.328245 -0.126669
v -0.056981 0.324392 -0.117746
v -0.078642 0.252730 -0.136211
v -0.089321 0.255308 -0.135656
v -0.094179 0.260464 -0.144071
v -0.088358 0.263042 -0.153041
v -0.077679 0.260464 -0.153597
v -0.072821 0.255308 -0.145182
v -0.097187 0.191634 -0.168333
v -0.107716 0.194713 -0.167517
v -0.112273 0.200871 -0.175410
v -0.106302 0.203950 -0.184120
v -0.095773 0.200871 -0.184937
v -0.091216 0.194713 -0.177043
v -0.116095 0.141109 -0.201082
v -0.126493 0.144544 -0.200039
v -0.130789 0.151413 -0.207480
v -0.124687 0.154847 -0.215963
v -0.114289 0.151413 -0.217006
v -0.109993 0.144544 -0.209566
v -0.136567 0.093101 -0.236541
v -0.146900 0.096694 -0.235385
v -0.151064 0.103880 -0.242598
v -0.144896 0.107472 -0.250967
v -0.134564 0.103880 -0.252124
v -0.130400 0.096694 -0.244911
v -0.149256 0.064045 -0.258518
v -0.159675 0.067425 -0.257513
v -0.164014 0.074186 -0.265027
v -0.157933 0.077566 -0.273548
v -0.147514 0.074186 -0.274554
v -0.143175 0.067425 -0.267039
v -0.155715 0.045633 -0.269706
v -0.166446 0.048003 -0.269241
v -0.171410 0.052741 -0.277838
v -0.165642 0.055111 -0.286900
v -0.154910 0.052741 -0.287364
v -0.149946 0.048003 -0.278767
v -0.158255 0.028038 -0.274106
v -0.169219 0.028931 -0.274043
v -0.174646 0.030718 -0.283443
v -0.169109 0.031611 -0.292906
v -0.158146 0.030718 -0.292969
v -0.152719 0.028931 -0.283569
v -0.158806 -0.000000 -0.275060
v -0.169806 -0.000000 -0.275060
v -0.175306 0.000000 -0.284586
v -0.169806 0.000000 -0.294113
v -0.158806 0.000000 -0.294113
v -0.153306 -0.000000 -0.284586
v -0.121415 0.899150 0.210298
v -0.115379 0.895887 0.218896
v -0.119807 0.889363 0.226565
v -0.130271 0.886100 0.225637
v -0.136307 0.889363 0.217039
v -0.131879 0.895887 0.209369
v -0.101418 0.848014 0.175660
v -0.095374 0.844731 0.184245
v -0.099787 0.838165 0.191888
v -0.110243 0.834882 0.190947
v -0.116287 0.838165 0.182362
v -0.111874 0.844731 0.174719
v -0.081389 0.791302 0.140969
v -0.075511 0.788521 0.149842
v -0.080256 0.782958 0.158060
v -0.090878 0.780177 0.157406
v -0.096756 0.782958 0.148534
v -0.092011 0.788521 0.140315
v -0.063944 0.718089 0.110755
v -0.058285 0.716245 0.120006
v -0.063467 0.712556 0.128980
v -0.074308 0.710712 0.128705
v -0.079967 0.712556 0.119454
v -0.074785 0.716245 0.110479
v -0.051745 0.618006 0.089625
v -0.046213 0.617170 0.099096
v -0.051649 0.615498 0.108512
v -0.062617 0.614661 0.108456
v -0.068149 0.615498 0.098985
v -0.062713 0.617170 0.089570
v -0.047173 0.480232 0.081706
v -0.041673 0.480336 0.091232
v -0.047172 0.480544 0.100756
v -0.058171 0.480648 0.100756
v -0.063672 0.480544 0.091230
v -0.058173 0.480336 0.081706
v -0.051418 0.399020 0.089059
v -0.045866 0.400085 0.098495
v -0.051262 0.402216 0.107841
v -0.062210 0.403281 0.107751
v -0.067762 0.402216 0.098315
v -0.062366 0.400085 0.088969
v -0.062655 0.322466 0.108522
v -0.056981 0.324392 0.117746
v -0.062132 0.328245 0.126669
v -0.072958 0.330172 0.126367
v -0.078632 0.328245 0.117143
v -0.073481 0.324392 0.108220
v -0.078642 0.252730 0.136211
v -0.072821 0.255308 0.145182
v -0.077679 0.260464 0.153597
v -0.088358 0.263042 0.153041
v -0.094179 0.260464 0.144071
v -0.089321 0.255308 0.135656
v -0.097187 0.191634 0.168333
v -0.091216 0.194713 0.177043
v -0.095773 0.200871 0.184937
v -0.106302 0.203950 0.184120
v -0.112273 0.200871 0.175411
v -0.107716 0.194713 0.167517
v -0.116095 0.141109 0.201082
v -0.109993 0.144544 0.209566
v -0.114289 0.151413 0.217006
v -0.124686 0.154847 0.215963
v -0.130789 0.151413 0.207480
v -0.126493 0.144544 0.200039
v -0.136567 0.093101 0.236542
v -0.130399 0.096694 0.244911
v -0.134564 0.103880 0.252124
v -0.144896 0.107472 0.250967
v -0.151064 0.103880 0.242598
v -0.146899 0.096694 0.235385
v -0.149256 0.064045 0.258518
v -0.143175 0.067425 0.267039
v -0.147514 0.074186 0.274554
v -0.157933 0.077566 0.273548
v -0.164014 0.074186 0.265028
v -0.159675 0.067425 0.257513
v -0.155715 0.045633 0.269706
v -0.149946 0.048003 0.278767
v -0.154910 0.052741 0.287364
v -0.165642 0.055111 0.286900
v -0.171410 0.052741 0.277838
v -0.166446 0.048003 0.269241
v -0.158255 0.028038 0.274106
v -0.152719 0.028931 0.283569
v -0.158146 0.030718 0.292969
v -0.169109 0.031611 0.292906
v -0.174646 0.030718 0.283443
v -0.169219 0.028931 0.274043
v -0.158806 -0.000000 0.275060
v -0.153306 -0.000000 0.284586
v -0.158806 0.000000 0.294113
v -0.169806 0.000000 0.294113
v -0.175306 0.000000 0.284587
v -0.169806 -0.000000 0.275060
vn -0.7877 0.6161 -0.0000
vn -0.3885 0.3039 -0.8699
vn 0.3993 -0.3123 -0.8620
vn 0.7877 -0.6161 -0.0000
vn 0.3993 -0.3123 0.8620
vn -0.3885 0.3039 0.8699
vn -0.8024 0.5967 -0.0000
vn -0.4060 0.3019 -0.8626
vn 0.3966 -0.2952 -0.8692
vn 0.8022 -0.5970 -0.0000
vn 0.3966 -0.2952 0.8692
vn -0.4060 0.3019 0.8626
vn -0.8629 0.5055 -0.0000
vn -0.4484 0.2627 -0.8543
vn 0.4132 -0.2424 -0.8778
vn 0.8626 -0.5060 -0.0000
vn 0.4132 -0.2424 0.8778
vn -0.4484 0.2627 0.8543
vn -0.9421 0.3353 -0.0000
vn -0.4933 0.1756 -0.8520
vn 0.4470 -0.1591 -0.8803
vn 0.9421 -0.3353 -0.0000
vn 0.4470 -0.1591 0.8803
vn -0.4933 0.1756 0.8520
vn -0.9884 0.1521 -0.0000
vn -0.5141 0.0791 -0.8541
vn 0.4734 -0.0728 -0.8779
vn 0.9884 -0.1520 -0.0000
vn 0.4734 -0.0728 0.8779
vn -0.5141 0.0791 0.8541
vn -0.9998 -0.0189 -0.0000
vn -0.5197 -0.0098 -0.8543
vn 0.4791 0.0091 -0.8777
vn 0.9998 0.0189 -0.0000
vn 0.4791 0.0091 0.8777
vn -0.5197 -0.0098 0.8543
vn -0.9811 -0.1936 -0.0000
vn -0.5111 -0.1009 -0.8536
vn 0.4686 0.0925 -0.8786
vn 0.9811 0.1937 -0.0000
vn 0.4686 0.0925 0.8786
vn -0.5111 -0.1009 0.8536
vn -0.9367 -0.3502 -0.0000
vn -0.4841 -0.1810 -0.8561
vn 0.4518 0.1690 -0.8759
vn 0.9366 0.3504 -0.0000
vn 0.4518 0.1690 0.8759
vn -0.4841 -0.1810 0.8561
vn -0.8834 -0.4687 -0.0000
vn -0.4537 -0.2407 -0.8580
vn 0.4293 0.2278 -0.8740
vn 0.8833 0.4688 -0.0000
vn 0.4293 0.2278 0.8740
vn -0.4537 -0.2407 0.8580
vn -0.8287 -0.5598 -0.0000
vn -0.4238 -0.2862 -0.8594
vn 0.4046 0.2734 -0.8727
vn 0.8286 0.5599 -0.0000
vn 0.4046 0.2734 0.8727
vn -0.4238 -0.2862 0.8594
vn -0.7811 -0.6244 -0.0000
vn -0.3964 -0.3169 -0.8616
vn 0.3845 0.3075 -0.8704
vn 0.7810 0.6245 -0.0000
vn 0.3845 0.3075 0.8704
vn -0.3964 -0.3169 0.8616
vn -0.7571 -0.6533 -0.0000
vn -0.3796 -0.3276 -0.8652
vn 0.3777 0.3258 -0.8667
vn 0.7572 0.6531 -0.0000
vn 0.3777 0.3258 0.8667
vn -0.3796 -0.3276 0.8652
vn -0.7875 -0.6163 -0.0000
vn -0.3838 -0.3003 -0.8732
vn 0.4059 0.3149 -0.8580
vn 0.7900 0.6131 -0.0000
vn 0.4059 0.3149 0.8580
vn -0.3838 -0.3003 0.8732
vn -0.9021 -0.4315 -0.0000
vn -0.4135 -0.1977 -0.8888
vn 0.4833 0.2302 -0.8447
vn 0.9028 0.4301 -0.0000
vn 0.4833 0.2302 0.8447
vn -0.4135 -0.1977 0.8888
vn -0.9871 -0.1603 -0.0000
vn -0.4639 -0.0754 -0.8827
vn 0.5206 0.0867 -0.8494
vn 0.9864 0.1642 -0.0000
vn 0.5206 0.0867 0.8494
vn -0.4639 -0.0754 0.8827
vn -0.9992 -0.0399 -0.0000
vn -0.4907 -0.0196 -0.8711
vn 0.5106 0.0222 -0.8595
vn 0.9991 0.0435 -0.0000
vn 0.5106 0.0222 0.8595
vn -0.4907 -0.0196 0.8711
vn 0.3938 0.6161 0.6822
vn -0.5591 0.3039 0.7714
vn -0.9462 -0.3123 0.0852
vn -0.3939 -0.6161 -0.6822
vn 0.5468 -0.3123 -0.7768
vn 0.9476 0.3039 -0.0985
vn 0.4012 0.5967 0.6949
vn -0.5440 0.3019 0.7829
vn -0.9511 -0.2952 0.0911
vn -0.4011 -0.5970 -0.6947
vn 0.5545 -0.2952 -0.7781
vn 0.9500 0.3019 -0.0797
vn 0.4314 0.5055 0.7473
vn -0.5157 0.2627 0.8155
vn -0.9668 -0.2424 0.0811
vn -0.4313 -0.5060 -0.7470
vn 0.5536 -0.2424 -0.7967
vn 0.9641 0.2627 -0.0388
vn 0.4711 0.3353 0.8159
vn -0.4912 0.1756 0.8532
vn -0.9858 -0.1591 0.0530
vn -0.4711 -0.3353 -0.8159
vn 0.5388 -0.1591 -0.8272
vn 0.9845 0.1756 0.0012
vn 0.4942 0.1521 0.8560
vn -0.4826 0.0791 0.8722
vn -0.9969 -0.0728 0.0290
vn -0.4942 -0.1520 -0.8560
vn 0.5236 -0.0728 -0.8489
vn 0.9967 0.0791 0.0182
vn 0.4999 -0.0189 0.8659
vn -0.4800 -0.0098 0.8772
vn -0.9997 0.0091 0.0240
vn -0.4999 0.0189 -0.8659
vn 0.5206 0.0091 -0.8538
vn 0.9997 -0.0098 0.0229
vn 0.4905 -0.1936 0.8496
vn -0.4837 -0.1009 0.8694
vn -0.9951 0.0925 0.0335
vn -0.4905 0.1937 -0.8496
vn 0.5266 0.0925 -0.8451
vn 0.9948 -0.1009 0.0158
vn 0.4683 -0.3502 0.8112
vn -0.4993 -0.1810 0.8473
vn -0.9845 0.1691 0.0467
vn -0.4683 0.3504 -0.8111
vn 0.5327 0.1690 -0.8293
vn 0.9834 -0.1810 -0.0088
vn 0.4417 -0.4687 0.7650
vn -0.5163 -0.2407 0.8219
vn -0.9715 0.2278 0.0652
vn -0.4417 0.4688 -0.7650
vn 0.5422 0.2278 -0.8087
vn 0.9699 -0.2407 -0.0361
vn 0.4143 -0.5598 0.7176
vn -0.5323 -0.2862 0.7967
vn -0.9581 0.2734 0.0860
vn -0.4143 0.5599 -0.7176
vn 0.5535 0.2734 -0.7867
vn 0.9561 -0.2862 -0.0627
vn 0.3906 -0.6244 0.6765
vn -0.5480 -0.3169 0.7741
vn -0.9461 0.3075 0.1022
vn -0.3905 0.6245 -0.6764
vn 0.5615 0.3075 -0.7682
vn 0.9444 -0.3169 -0.0875
vn 0.3785 -0.6533 0.6556
vn -0.5594 -0.3276 0.7614
vn -0.9395 0.3258 0.1063
vn -0.3786 0.6531 -0.6558
vn 0.5618 0.3258 -0.7605
vn 0.9391 -0.3276 -0.1038
vn 0.3937 -0.6163 0.6820
vn -0.5644 -0.3003 0.7690
vn -0.9460 0.3149 0.0775
vn -0.3950 0.6131 -0.6842
vn 0.5401 0.3149 -0.7805
vn 0.9481 -0.3003 -0.1043
vn 0.4510 -0.4315 0.7812
vn -0.5630 -0.1977 0.8025
vn -0.9731 0.2302 0.0038
vn -0.4514 0.4301 -0.7818
vn 0.4899 0.2302 -0.8409
vn 0.9764 -0.1977 -0.0863
vn 0.4935 -0.1603 0.8548
vn -0.5325 -0.0754 0.8431
vn -0.9959 0.0867 -0.0262
vn -0.4932 0.1642 -0.8543
vn 0.4753 0.0867 -0.8756
vn 0.9964 -0.0754 -0.0396
vn 0.4996 -0.0399 0.8653
vn -0.5090 -0.0196 0.8605
vn -0.9997 0.0222 -0.0124
vn -0.4995 0.0435 -0.8652
vn 0.4891 0.0222 -0.8719
vn 0.9998 -0.0196 -0.0106
vn 0.3938 0.6161 -0.6822
vn 0.9476 0.3039 0.0985
vn 0.5468 -0.3123 0.7768
vn -0.3939 -0.6161 0.6822
vn -0.9462 -0.3123 -0.0852
vn -0.5591 0.3039 -0.7714
vn 0.4012 0.5967 -0.6949
vn 0.9500 0.3019 0.0797
vn 0.5545 -0.2952 0.7781
vn -0.4011 -0.5970 0.6947
vn -0.9511 -0.2952 -0.0911
vn -0.5440 0.3019 -0.7829
vn 0.4314 0.5055 -0.7473
vn 0.9641 0.2627 0.0388
vn 0.5536 -0.2424 0.7967
vn -0.4313 -0.5060 0.7470
vn -0.9668 -0.2424 -0.0811
vn -0.5157 0.2627 -0.8155
vn 0.4711 0.3353 -0.8159
vn 0.9845 0.1756 -0.0012
vn 0.5388 -0.1591 0.8272
vn -0.4710 -0.3353 0.8159
vn -0.9858 -0.1591 -0.0530
vn -0.4912 0.1756 -0.8532
vn 0.4942 0.1521 -0.8560
vn 0.9967 0.0791 -0.0182
vn 0.5236 -0.0728 0.8489
vn -0.4942 -0.1520 0.8560
vn -0.9969 -0.0728 -0.0290
vn -0.4826 0.0791 -0.8722
vn 0.4999 -0.0189 -0.8659
vn 0.9997 -0.0098 -0.0229
vn 0.5206 0.0091 0.8538
vn -0.4999 0.0189 0.8659
vn -0.9997 0.0091 -0.0240
vn -0.4800 -0.0098 -0.8772
vn 0.4905 -0.1936 -0.8496
vn 0.9948 -0.1009 -0.0158
vn 0.5266 0.0925 0.8451
vn -0.4905 0.1937 0.8496
vn -0.9951 0.0925 -0.0335
vn -0.4837 -0.1009 -0.8694
vn 0.4683 -0.3502 -0.8112
vn 0.9834 -0.1810 0.0088
vn 0.5327 0.1690 0.8293
vn -0.4683 0.3504 0.8111
vn -0.9845 0.1690 -0.0467
vn -0.4993 -0.1810 -0.8473
vn 0.4417 -0.4687 -0.7650
vn 0.9699 -0.2407 0.0361
vn 0.5422 0.2278 0.8087
vn -0.4417 0.4688 0.7650
vn -0.9715 0.2278 -0.0652
vn -0.5163 -0.2407 -0.8219
vn 0.4143 -0.5598 -0.7176
vn 0.9561 -0.2862 0.0627
vn 0.5535 0.2734 0.7867
vn -0.4143 0.5599 0.7176
vn -0.9581 0.2734 -0.0860
vn -0.5323 -0.2862 -0.7967
vn 0.3906 -0.6244 -0.6765
vn 0.9444 -0.3169 0.0875
vn 0.5615 0.3075 0.7682
vn -0.3905 0.6245 0.6764
vn -0.9461 0.3075 -0.1022
vn -0.5480 -0.3169 -0.7741
vn 0.3785 -0.6533 -0.6556
vn 0.9391 -0.3276 0.1038
vn 0.5618 0.3258 0.7605
vn -0.3786 0.6531 0.6558
vn -0.9395 0.3258 -0.1063
vn -0.5594 -0.3276 -0.7614
vn 0.3937 -0.6163 -0.6820
vn 0.9481 -0.3003 0.1043
vn 0.5401 0.3149 0.7805
vn -0.3950 0.6131 0.6842
vn -0.9460 0.3149 -0.0775
vn -0.5644 -0.3003 -0.7690
vn 0.4510 -0.4315 -0.7812
vn 0.9764 -0.1977 0.0863
vn 0.4899 0.2302 0.8409
vn -0.4514 0.4301 0.7818
vn -0.9731 0.2302 -0.0038
vn -0.5630 -0.1977 -0.8025
vn 0.4935 -0.1603 -0.8548
vn 0.9964 -0.0754 0.0396
vn 0.4753 0.0867 0.8756
vn -0.4932 0.1642 0.8543
vn -0.9959 0.0867 0.0262
vn -0.5325 -0.0754 -0.8431
vn 0.4996 -0.0399 -0.8653
vn 0.9998 -0.0196 0.0106
vn 0.4891 0.0222 0.8719
vn -0.4995 0.0435 0.8652
vn -0.9997 0.0222 0.0124
vn -0.5090 -0.0196 -0.8605
vt 0.000000 1.000000
vt 0.066667 1.000000
vt 0.066667 0.833333
vt 0.000000 0.833333
vt 0.000000 0.166667
vt 0.066667 0.166667
vt 0.066667 0.000000
vt 0.000000 0.000000
vt 0.000000 0.333333
vt 0.066667 0.333333
vt 0.000000 0.500000
vt 0.066667 0.500000
vt 0.000000 0.666667
vt 0.066667 0.666667
vt 0.133333 1.000000
vt 0.133333 0.833333
vt 0.133333 0.166667
vt 0.133333 0.000000
vt 0.133333 0.333333
vt 0.133333 0.500000
vt 0.133333 0.666667
vt 0.200000 1.000000
vt 0.200000 0.833333
vt 0.200000 0.166667
vt 0.200000 0.000000
vt 0.200000 0.333333
vt 0.200000 0.500000
vt 0.200000 0.666667
vt 0.266667 1.000000
vt 0.266667 0.833333
vt 0.266667 0.166667
vt 0.266667 0.000000
vt 0.266667 0.333333
vt 0.266667 0.500000
vt 0.266667 0.666667
vt 0.333333 1.000000
vt 0.333333 0.833333
vt 0.333333 0.166667
vt 0.333333 0.000000
vt 0.333333 0.333333
vt 0.333333 0.500000
vt 0.333333 0.666667
vt 0.400000 1.000000
vt 0.400000 0.833333
vt 0.400000 0.166667
vt 0.400000 0.000000
vt 0.400000 0.333333
vt 0.400000 0.500000
vt 0.400000 0.666667
vt 0.466667 1.000000
vt 0.466667 0.833333
vt 0.466667 0.166667
vt 0.466667 0.000000
vt 0.466667 0.333333
vt 0.466667 0.500000
vt 0.466667 0.666667
vt 0.533333 1.000000
vt 0.533333 0.833333
vt 0.533333 0.166667
vt 0.533333 0.000000
vt 0.533333 0.333333
vt 0.533333 0.500000
vt 0.533333 0.666667
vt 0.600000 1.000000
vt 0.600000 0.833333
vt 0.600000 0.166667
vt 0.600000 0.000000
vt 0.600000 0.333333
vt 0.600000 0.500000
vt 0.600000 0.666667
vt 0.666667 1.000000
vt 0.666667 0.833333
vt 0.666667 0.166667
vt 0.666667 0.000000
vt 0.666667 0.333333
vt 0.666667 0.500000
vt 0.666667 0.666667
vt 0.733333 1.000000
vt 0.733333 0.833333
vt 0.733333 0.166667
vt 0.733333 0.000000
vt 0.733333 0.333333
vt 0.733333 0.500000
vt 0.733333 0.666667
vt 0.800000 1.000000
vt 0.800000 0.833333
vt 0.800000 0.166667
vt 0.800000 0.000000
vt 0.800000 0.333333
vt 0.800000 0.500000
vt 0.800000 0.666667
vt 0.866667 1.000000
vt 0.866667 0.833333
vt 0.866667 0.166667
vt 0.866667 0.000000
vt 0.866667 0.333333
vt 0.866667 0.500000
vt 0.866667 0.666667
vt 0.933333 1.000000
vt 0.933333 0.833333
vt 0.933333 0.166667
vt 0.933333 0.000000
vt 0.933333 0.333333
vt 0.933333 0.500000
vt 0.933333 0.666667
vt 1.000000 1.000000
vt 1.000000 0.833333
vt 1.000000 0.166667
vt 1.000000 0.000000
vt 1.000000 0.333333
vt 1.000000 0.500000
vt 1.000000 0.666667
s 1
f 339/228/339 345/229/345 350/230/350 344/231/344
f 340/232/340 346/233/346 345/234/345 339/235/339
f 341/236/341 347/237/347 346/233/346 340/232/340
f 342/238/342 348/239/348 347/237/347 341/236/341
f 343/240/343 349/241/349 348/239/348 342/238/342
f 344/231/344 350/230/350 349/241/349 343/240/343
f 345/229/345 351/242/351 356/243/356 350/230/350
f 346/233/346 352/244/352 351/245/351 345/234/345
f 347/237/347 353/246/353 352/244/352 346/233/346
f 348/239/348 354/247/354 353/246/353 347/237/347
f 349/241/349 355/248/355 354/247/354 348/239/348
f 350/230/350 356/243/356 355/248/355 349/241/349
f 351/242/351 357/249/357 362/250/362 356/243/356
f 352/244/352 358/251/358 357/252/357 351/245/351
f 353/246/353 359/253/359 358/251/358 352/244/352
f 354/247/354 360/254/360 359/253/359 353/246/353
f 355/248/355 361/255/361 360/254/360 354/247/354
f 356/243/356 362/250/362 361/255/361 355/248/355
f 357/249/357 363/256/363 368/257/368 362/250/362
f 358/251/358 364/258/364 363/259/363 357/252/357
f 359/253/359 365/260/365 364/258/364 358/251/358
f 360/254/360 366/261/366 365/260/365 359/253/359
f 361/255/361 367/262/367 366/261/366 360/254/360
f 362/250/362 368/257/368 367/262/367 361/255/361
f 363/256/363 369/263/369 374/264/374 368/257/368
f 364/258/364 370/265/370 369/266/369 363/259/363
f 365/260/365 371/267/371 370/265/370 364/258/364
f 366/261/366 372/268/372 371/267/371 365/260/365
f 367/262/367 373/269/373 372/268/372 366/261/366
f 368/257/368 374/264/374 373/269/373 367/262/367
f 369/263/369 375/270/375 380/271/380 374/264/374
f 370/265/370 376/272/376 375/273/375 369/266/369
f 371/267/371 377/274/377 376/272/376 370/265/370
f 372/268/372 378/275/378 377/274/377 371/267/371
f 373/269/373 379/276/379 378/275/378 372/268/372
f 374/264/374 380/271/380 379/276/379 373/269/373
f 375/270/375 381/277/381 386/278/386 380/271/380
f 376/272/376 382/279/382 381/280/381 375/273/375
f 377/274/377 383/281/383 382/279/382 376/272/376
f 378/275/378 384/282/384 383/281/383 377/274/377
f 379/276/379 385/283/385 384/282/384 378/275/378
f 380/271/380 386/278/386 385/283/385 379/276/379
f 381/277/381 387/284/387 392/285/392 386/278/386
f 382/279/382 388/286/388 387/287/387 381/280/381
f 383/281/383 389/288/389 388/286/388 382/279/382
f 384/282/384 390/289/390 389/288/389 383/281/383
f 385/283/385 391/290/391 390/289/390 384/282/384
f 386/278/386 392/285/392 391/290/391 385/283/385
f 387/284/387 393/291/393 398/292/398 392/285/392
f 388/286/388 394/293/394 393/294/393 387/287/387
f 389/288/389 395/295/395 394/293/394 388/286/388
f 390/289/390 396/296/396 395/295/395 389/288/389
f 391/290/391 397/297/397 396/296/396 390/289/390
f 392/285/392 398/292/398 397/297/397 391/290/391
f 393/291/393 399/298/399 404/299/404 398/292/398
f 394/293/394 400/300/400 399/301/399 393/294/393
f 395/295/395 401/302/401 400/300/400 394/293/394
f 396/296/396 402/303/402 401/302/401 395/295/395
f 397/297/397 403/304/403 402/303/402 396/296/396
f 398/292/398 404/299/404 403/304/403 397/297/397
f 399/298/399 405/305/405 410/306/410 404/299/404
f 400/300/400 406/307/406 405/308/405 399/301/399
f 401/302/401 407/309/407 406/307/406 400/300/400
f 402/303/402 408/310/408 407/309/407 401/302/401
f 403/304/403 409/311/409 408/310/408 402/303/402
f 404/299/404 410/306/410 409/311/409 403/304/403
f 405/305/405 411/312/411 416/313/416 410/306/410
f 406/307/406 412/314/412 411/315/411 405/308/405
f 407/309/407 413/316/413 412/314/412 406/307/406
f 408/310/408 414/317/414 413/316/413 407/309/407
f 409/311/409 415/318/415 414/317/414 408/310/408
f 410/306/410 416/313/416 415/318/415 409/311/409
f 411/312/411 417/319/417 422/320/422 416/313/416
f 412/314/412 418/321/418 417/322/417 411/315/411
f 413/316/413 419/323/419 418/321/418 412/314/412
f 414/317/414 420/324/420 419/323/419 413/316/413
f 415/318/415 421/325/421 420/324/420 414/317/414
f 416/313/416 422/320/422 421/325/421 415/318/415
f 417/319/417 423/326/423 428/327/428 422/320/422
f 418/321/418 424/328/424 423/329/423 417/322/417
f 419/323/419 425/330/425 424/328/424 418/321/418
f 420/324/420 426/331/426 425/330/425 419/323/419
f 421/325/421 427/332/427 426/331/426 420/324/420
f 422/320/422 428/327/428 427/332/427 421/325/421
f 423/326/423 429/333/429 434/334/434 428/327/428
f 424/328/424 430/335/430 429/336/429 423/329/423
f 425/330/425 431/337/431 430/335/430 424/328/424
f 426/331/426 432/338/432 431/337/431 425/330/425
f 427/332/427 433/339/433 432/338/432 426/331/426
f 428/327/428 434/334/434 433/339/433 427/332/427
f 435/228/435 441/229/441 446/230/446 440/231/440
f 436/232/436 442/233/442 441/234/441 435/235/435
f 437/236/437 443/237/443 442/233/442 436/232/436
f 438/238/438 444/239/444 443/237/443 437/236/437
f 439/240/439 445/241/445 444/239/444 438/238/438
f 440/231/440 446/230/446 445/241/445 439/240/439
f 441/229/441 447/242/447 452/243/452 446/230/446
f 442/233/442 448/244/448 447/245/447 441/234/441
f 443/237/443 449/246/449 448/244/448 442/233/442
f 444/239/444 450/247/450 449/246/449 443/237/443
f 445/241/445 451/248/451 450/247/450 444/239/444
f 446/230/446 452/243/452 451/248/451 445/241/445
f 447/242/447 453/249/453 458/250/458 452/243/452
f 448/244/448 454/251/454 453/252/453 447/245/447
f 449/246/449 455/253/455 454/251/454 448/244/448
f 450/247/450 456/254/456 455/253/455 449/246/449
f 451/248/451 457/255/457 456/254/456 450/247/450
f 452/243/452 458/250/458 457/255/457 451/248/451
f 453/249/453 459/256/459 464/257/464 458/250/458
f 454/251/454 460/258/460 459/259/459 453/252/453
f 455/253/455 461/260/461 460/258/460 454/251/454
f 456/254/456 462/261/462 461/260/461 455/253/455
f 457/255/457 463/262/463 462/261/462 456/254/456
f 458/250/458 464/257/464 463/262/463 457/255/457
f 459/256/459 465/263/465 470/264/470 464/257/464
f 460/258/460 466/265/466 465/266/465 459/259/459
f 461/260/461 467/267/467 466/265/466 460/258/460
f 462/261/462 468/268/468 467/267/467 461/260/461
f 463/262/463 469/269/469 468/268/468 462/261/462
f 464/257/464 470/264/470 469/269/469 463/262/463
f 465/263/465 471/270/471 476/271/476 470/264/470
f 466/265/466 472/272/472 471/273/471 465/266/465
f 467/267/467 473/274/473 472/272/472 466/265/466
f 468/268/468 474/275/474 473/274/473 467/267/467
f 469/269/469 475/276/475 474/275/474 468/268/468
f 470/264/470 476/271/476 475/276/475 469/269/469
f 471/270/471 477/277/477 482/278/482 476/271/476
f 472/272/472 478/279/478 477/280/477 471/273/471
f 473/274/473 479/281/479 478/279/478 472/272/472
f 474/275/474 480/282/480 479/281/479 473/274/473
f 475/276/475 481/283/481 480/282/480 474/275/474
f 476/271/476 482/278/482 481/283/481 475/276/475
f 477/277/477 483/284/483 488/285/488 482/278/482
f 478/279/478 484/286/484 483/287/483 477/280/477
f 479/281/479 485/288/485 484/286/484 478/279/478
f 480/282/480 486/289/486 485/288/485 479/281/479
f 481/283/481 487/290/487 486/289/486 480/282/480
f 482/278/482 488/285/488 487/290/487 481/283/481
f 483/284/483 489/291/489 494/292/494 488/285/488
f 484/286/484 490/293/490 489/294/489 483/287/483
f 485/288/485 491/295/491 490/293/490 484/286/484
f 486/289/486 492/296/492 491/295/491 485/288/485
f 487/290/487 493/297/493 492/296/492 486/289/486
f 488/285/488 494/292/494 493/297/493 487/290/487
f 489/291/489 495/298/495 500/299/500 494/292/494
f 490/293/490 496/300/496 495/301/495 489/294/489
f 491/295/491 497/302/497 496/300/496 490/293/490
f 492/296/492 498/303/498 497/302/497 491/295/491
f 493/297/493 499/304/499 498/303/498 492/296/492
f 494/292/494 500/299/500 499/304/499 493/297/493
f 495/298/495 501/305/501 506/306/506 500/299/500
f 496/300/496 502/307/502 501/308/501 495/301/495
f 497/302/497 503/309/503 502/307/502 496/300/496
f 498/303/498 504/310/504 503/309/503 497/302/497
f 499/304/499 505/311/505 504/310/504 498/303/498
f 500/299/500 506/306/506 505/311/505 499/304/499
f 501/305/501 507/312/507 512/313/512 506/306/506
f 502/307/502 508/314/508 507/315/507 501/308/501
f 503/309/503 509/316/509 508/314/508 502/307/502
f 504/310/504 510/317/510 509/316/509 503/309/503
f 505/311/505 511/318/511 510/317/510 504/310/504
f 506/306/506 512/313/512 511/318/511 505/311/505
f 507/312/507 513/319/513 518/320/518 512/313/512
f 508/314/508 514/321/514 513/322/513 507/315/507
f 509/316/509 515/323/515 514/321/514 508/314/508
f 510/317/510 516/324/516 515/323/515 509/316/509
f 511/318/511 517/325/517 516/324/516 510/317/510
f 512/313/512 518/320/518 517/325/517 511/318/511
f 513/319/513 519/326/519 524/327/524 518/320/518
f 514/321/514 520/328/520 519/329/519 513/322/513
f 515/323/515 521/330/521 520/328/520 514/321/514
f 516/324/516 522/331/522 521/330/521 515/323/515
f 517/325/517 523/332/523 522/331/522 516/324/516
f 518/320/518 524/327/524 523/332/523 517/325/517
f 519/326/519 525/333/525 530/334/530 524/327/524
f 520/328/520 526/335/526 525/336/525 519/329/519
f 521/330/521 527/337/527 526/335/526 520/328/520
f 522/331/522 528/338/528 527/337/527 521/330/521
f 523/332/523 529/339/529 528/338/528 522/331/522
f 524/327/524 530/334/530 529/339/529 523/332/523
f 531/228/531 537/229/537 542/230/542 536/231/536
f 532/232/532 538/233/538 537/234/537 531/235/531
f 533/236/533 539/237/539 538/233/538 532/232/532
f 534/238/534 540/239/540 539/237/539 533/236/533
f 535/240/535 541/241/541 540/239/540 534/238/534
f 536/231/536 542/230/542 541/241/541 535/240/535
f 537/229/537 543/242/543 548/243/548 542/230/542
f 538/233/538 544/244/544 543/245/543 537/234/537
f 539/237/539 545/246/545 544/244/544 538/233/538
f 540/239/540 546/247/546 545/246/545 539/237/539
f 541/241/541 547/248/547 546/247/546 540/239/540
f 542/230/542 548/243/548 547/248/547 541/241/541
f 543/242/543 549/249/549 554/250/554 548/243/548
f 544/244/544 550/251/550 549/252/549 543/245/543
f 545/246/545 551/253/551 550/251/550 544/244/544
f 546/247/546 552/254/552 551/253/551 545/246/545
f 547/248/547 553/255/553 552/254/552 546/247/546
f 548/243/548 554/250/554 553/255/553 547/248/547
f 549/249/549 555/256/555 560/257/560 554/250/554
f 550/251/550 556/258/556 555/259/555 549/252/549
f 551/253/551 557/260/557 556/258/556 550/251/550
f 552/254/552 558/261/558 557/260/557 551/253/551
f 553/255/553 559/262/559 558/261/558 552/254/552
f 554/250/554 560/257/560 559/262/559 553/255/553
f 555/256/555 561/263/561 566/264/566 560/257/560
f 556/258/556 562/265/562 561/266/561 555/259/555
f 557/260/557 563/267/563 562/265/562 556/258/556
f 558/261/558 564/268/564 563/267/563 557/260/557
f 559/262/559 565/269/565 564/268/564 558/261/558
f 560/257/560 566/264/566 565/269/565 559/262/559
f 561/263/561 567/270/567 572/271/572 566/264/566
f 562/265/562 568/272/568 567/273/567 561/266/561
f 563/267/563 569/274/569 568/272/568 562/265/562
f 564/268/564 570/275/570 569/274/569 563/267/563
f 565/269/565 571/276/571 570/275/570 564/268/564
f 566/264/566 572/271/572 571/276/571 565/269/565
f 567/270/567 573/277/573 578/278/578 572/271/572
f 568/272/568 574/279/574 573/280/573 567/273/567
f 569/274/569 575/281/575 574/279/574 568/272/568
f 570/275/570 576/282/576 575/281/575 569/274/569
f 571/276/571 577/283/577 576/282/576 570/275/570
f 572/271/572 578/278/578 577/283/577 571/276/571
f 573/277/573 579/284/579 584/285/584 578/278/578
f 574/279/574 580/286/580 579/287/579 573/280/573
f 575/281/575 581/288/581 580/286/580 574/279/574
f 576/282/576 582/289/582 581/288/581 575/281/575
f 577/283/577 583/290/583 582/289/582 576/282/576
f 578/278/578 584/285/584 583/290/583 577/283/577
f 579/284/579 585/291/585 590/292/590 584/285/584
f 580/286/580 586/293/586 585/294/585 579/287/579
f 581/288/581 587/295/587 586/293/586 580/286/580
f 582/289/582 588/296/588 587/295/587 581/288/581
f 583/290/583 589/297/589 588/296/588 582/289/582
f 584/285/584 590/292/590 589/297/589 583/290/583
f 585/291/585 591/298/591 596/299/596 590/292/590
f 586/293/586 592/300/592 591/301/591 585/294/585
f 587/295/587 593/302/593 592/300/592 586/293/586
f 588/296/588 594/303/594 593/302/593 587/295/587
f 589/297/589 595/304/595 594/303/594 588/296/588
f 590/292/590 596/299/596 595/304/595 589/297/589
f 591/298/591 597/305/597 602/306/602 596/299/596
f 592/300/592 598/307/598 597/308/597 591/301/591
f 593/302/593 599/309/599 598/307/598 592/300/592
f 594/303/594 600/310/600 599/309/599 593/302/593
f 595/304/595 601/311/601 600/310/600 594/303/594
f 596/299/596 602/306/602 601/311/601 595/304/595
f 597/305/597 603/312/603 608/313/608 602/306/602
f 598/307/598 604/314/604 603/315/603 597/308/597
f 599/309/599 605/316/605 604/314/604 598/307/598
f 600/310/600 606/317/606 605/316/605 599/309/599
f 601/311/601 607/318/607 606/317/606 600/310/600
f 602/306/602 608/313/608 607/318/607 601/311/601
f 603/312/603 609/319/609 614/320/614 608/313/608
f 604/314/604 610/321/610 609/322/609 603/315/603
f 605/316/605 611/323/611 610/321/610 604/314/604
f 606/317/606 612/324/612 611/323/611 605/316/605
f 607/318/607 613/325/613 612/324/612 606/317/606
f 608/313/608 614/320/614 613/325/613 607/318/607
f 609/319/609 615/326/615 620/327/620 614/320/614
f 610/321/610 616/328/616 615/329/615 609/322/609
f 611/323/611 617/330/617 616/328/616 610/321/610
f 612/324/612 618/331/618 617/330/617 611/323/611
f 613/325/613 619/332/619 618/331/618 612/324/612
f 614/320/614 620/327/620 619/332/619 613/325/613
f 615/326/615 621/333/621 626/334/626 620/327/620
f 616/328/616 622/335/622 621/336/621 615/329/615
f 617/330/617 623/337/623 622/335/622 616/328/616
f 618/331/618 624/338/624 623/337/623 617/330/617
f 619/332/619 625/339/625 624/338/624 618/331/618
f 620/327/620 626/334/626 625/339/625 619/332/619
o sh_table_ring
v 0.000000 0.488307 0.101336
v 0.000000 0.488307 0.092033
v 0.000000 0.480251 0.087382
v -0.000000 0.472195 0.092033
v -0.000000 0.472195 0.101336
v 0.000000 0.480251 0.105987
v -0.051122 0.488307 0.087506
v -0.046461 0.488307 0.079456
v -0.044131 0.480251 0.075431
v -0.046461 0.472195 0.079456
v -0.051122 0.472195 0.087506
v -0.053453 0.480251 0.091531
v -0.087506 0.488307 0.051122
v -0.079456 0.488307 0.046461
v -0.075431 0.480251 0.044131
v -0.079456 0.472195 0.046461
v -0.087506 0.472195 0.051122
v -0.091531 0.480251 0.053453
v -0.101336 0.488307 0.000000
v -0.092033 0.488307 0.000000
v -0.087382 0.480251 -0.000000
v -0.092033 0.472195 -0.000000
v -0.101336 0.472195 -0.000000
v -0.105987 0.480251 0.000000
v -0.087506 0.488307 -0.051122
v -0.079456 0.488307 -0.046461
v -0.075431 0.480251 -0.044131
v -0.079456 0.472195 -0.046461
v -0.087506 0.472195 -0.051122
v -0.091531 0.480251 -0.053453
v -0.051122 0.488307 -0.087506
v -0.046461 0.488307 -0.079456
v -0.044131 0.480251 -0.075431
v -0.046461 0.472195 -0.079456
v -0.051122 0.472195 -0.087506
v -0.053453 0.480251 -0.091531
v -0.000000 0.488307 -0.101336
v -0.000000 0.488307 -0.092033
v 0.000000 0.480251 -0.087382
v 0.000000 0.472195 -0.092033
v 0.000000 0.472195 -0.101336
v -0.000000 0.480251 -0.105987
v 0.051122 0.488307 -0.087506
v 0.046461 0.488307 -0.079456
v 0.044131 0.480251 -0.075431
v 0.046461 0.472195 -0.079456
v 0.051122 0.472195 -0.087506
v 0.053453 0.480251 -0.091531
v 0.087506 0.488307 -0.051122
v 0.079456 0.488307 -0.046461
v 0.075431 0.480251 -0.044131
v 0.079456 0.472195 -0.046461
v 0.087506 0.472195 -0.051122
v 0.091531 0.480251 -0.053453
v 0.101336 0.488307 -0.000000
v 0.092033 0.488307 -0.000000
v 0.087382 0.480251 -0.000000
v 0.092033 0.472195 0.000000
v 0.101336 0.472195 0.000000
v 0.105987 0.480251 0.000000
v 0.087506 0.488307 0.051122
v 0.079456 0.488307 0.046461
v 0.075431 0.480251 0.044131
v 0.079456 0.472195 0.046461
v 0.087506 0.472195 0.051122
v 0.091531 0.480251 0.053453
v 0.051122 0.488307 0.087506
v 0.046461 0.488307 0.079456
v 0.044131 0.480251 0.075431
v 0.046461 0.472195 0.079456
v 0.051122 0.472195 0.087506
v 0.053453 0.480251 0.091531
vn -0.0000 0.8300 0.5577
vn -0.0000 0.9020 -0.4317
vn -0.0000 -0.0000 -1.0000
vn -0.0000 -0.9020 -0.4317
vn -0.0000 -0.8300 0.5577
vn -0.0000 -0.0000 1.0000
vn -0.2791 0.8304 0.4822
vn 0.2169 0.9015 -0.3746
vn 0.5011 -0.0000 -0.8654
vn 0.2169 -0.9015 -0.3746
vn -0.2791 -0.8304 0.4822
vn -0.5010 -0.0000 0.8654
vn -0.4822 0.8304 0.2791
vn 0.3746 0.9015 -0.2169
vn 0.8654 -0.0000 -0.5011
vn 0.3746 -0.9015 -0.2169
vn -0.4822 -0.8304 0.2791
vn -0.8654 -0.0000 0.5010
vn -0.5577 0.8300 -0.0000
vn 0.4317 0.9020 -0.0000
vn 1.0000 -0.0000 -0.0000
vn 0.4317 -0.9020 -0.0000
vn -0.5577 -0.8300 -0.0000
vn -1.0000 -0.0000 -0.0000
vn -0.4822 0.8304 -0.2791
vn 0.3746 0.9015 0.2169
vn 0.8654 -0.0000 0.5011
vn 0.3746 -0.9015 0.2169
vn -0.4822 -0.8304 -0.2791
vn -0.8654 -0.0000 -0.5010
vn -0.2791 0.8304 -0.4822
vn 0.2169 0.9015 0.3746
vn 0.5011 -0.0000 0.8654
vn 0.2169 -0.9015 0.3746
vn -0.2791 -0.8304 -0.4822
vn -0.5010 -0.0000 -0.8654
vn -0.0000 0.8300 -0.5577
vn -0.0000 0.9020 0.4317
vn -0.0000 -0.9020 0.4317
vn -0.0000 -0.8300 -0.5577
vn 0.2791 0.8304 -0.4822
vn -0.2169 0.9015 0.3746
vn -0.5011 -0.0000 0.8654
vn -0.2169 -0.9015 0.3746
vn 0.2791 -0.8304 -0.4822
vn 0.5010 -0.0000 -0.8654
vn 0.4822 0.8304 -0.2791
vn -0.3746 0.9015 0.2169
vn -0.8654 -0.0000 0.5011
vn -0.3746 -0.9015 0.2169
vn 0.4822 -0.8304 -0.2791
vn 0.8654 -0.0000 -0.5010
vn 0.5577 0.8300 -0.0000
vn -0.4317 0.9020 -0.0000
vn -0.4317 -0.9020 -0.0000
vn 0.5577 -0.8300 -0.0000
vn 0.4822 0.8304 0.2791
vn -0.3746 0.9015 -0.2169
vn -0.8654 -0.0000 -0.5011
vn -0.3746 -0.9015 -0.2169
vn 0.4822 -0.8304 0.2791
vn 0.8654 -0.0000 0.5010
vn 0.2791 0.8304 0.4822
vn -0.2169 0.9015 -0.3746
vn -0.5011 -0.0000 -0.8654
vn -0.2169 -0.9015 -0.3746
vn 0.2791 -0.8304 0.4822
vn 0.5010 -0.0000 0.8654
vt 0.000000 1.000000
vt 0.083333 1.000000
vt 0.083333 0.833333
vt 0.000000 0.833333
vt 0.000000 0.166667
vt 0.083333 0.166667
vt 0.083333 0.000000
vt 0.000000 0.000000
vt 0.000000 0.333333
vt 0.083333 0.333333
vt 0.000000 0.500000
vt 0.083333 0.500000
vt 0.000000 0.666667
vt 0.083333 0.666667
vt 0.166667 1.000000
vt 0.166667 0.833333
vt 0.166667 0.166667
vt 0.166667 0.000000
vt 0.166667 0.333333
vt 0.166667 0.500000
vt 0.166667 0.666667
vt 0.250000 1.000000
vt 0.250000 0.833333
vt 0.250000 0.166667
vt 0.250000 0.000000
vt 0.250000 0.333333
vt 0.250000 0.500000
vt 0.250000 0.666667
vt 0.333333 1.000000
vt 0.333333 0.833333
vt 0.333333 0.166667
vt 0.333333 0.000000
vt 0.333333 0.333333
vt 0.333333 0.500000
vt 0.333333 0.666667
vt 0.416667 1.000000
vt 0.416667 0.833333
vt 0.416667 0.166667
vt 0.416667 0.000000
vt 0.416667 0.333333
vt 0.416667 0.500000
vt 0.416667 0.666667
vt 0.500000 1.000000
vt 0.500000 0.833333
vt 0.500000 0.166667
vt 0.500000 0.000000
vt 0.500000 0.333333
vt 0.500000 0.500000
vt 0.500000 0.666667
vt 0.583333 1.000000
vt 0.583333 0.833333
vt 0.583333 0.166667
vt 0.583333 0.000000
vt 0.583333 0.333333
vt 0.583333 0.500000
vt 0.583333 0.666667
vt 0.666667 1.000000
vt 0.666667 0.833333
vt 0.666667 0.166667
vt 0.666667 0.000000
vt 0.666667 0.333333
vt 0.666667 0.500000
vt 0.666667 0.666667
vt 0.750000 1.000000
vt 0.750000 0.833333
vt 0.750000 0.166667
vt 0.750000 0.000000
vt 0.750000 0.333333
vt 0.750000 0.500000
vt 0.750000 0.666667
vt 0.833333 1.000000
vt 0.833333 0.833333
vt 0.833333 0.166667
vt 0.833333 0.000000
vt 0.833333 0.333333
vt 0.833333 0.500000
vt 0.833333 0.666667
vt 0.916667 1.000000
vt 0.916667 0.833333
vt 0.916667 0.166667
vt 0.916667 0.000000
vt 0.916667 0.333333
vt 0.916667 0.500000
vt 0.916667 0.666667
vt 1.000000 1.000000
vt 1.000000 0.833333
vt 1.000000 0.166667
vt 1.000000 0.000000
vt 1.000000 0.333333
vt 1.000000 0.500000
vt 1.000000 0.666667
s 1
f 627/340/627 633/341/633 638/342/638 632/343/632
f 628/344/628 634/345/634 633/346/633 627/347/627
f 629/348/629 635/349/635 634/345/634 628/344/628
f 630/350/630 636/351/636 635/349/635 629/348/629
f 631/352/631 637/353/637 636/351/636 630/350/630
f 632/343/632 638/342/638 637/353/637 631/352/631
f 633/341/633 639/354/639 644/355/644 638/342/638
f 634/345/634 640/356/640 639/357/639 633/346/633
f 635/349/635 641/358/641 640/356/640 634/345/634
f 636/351/636 642/359/642 641/358/641 635/349/635
f 637/353/637 643/360/643 642/359/642 636/351/636
f 638/342/638 644/355/644 643/360/643 637/353/637
f 639/354/639 645/361/645 650/362/650 644/355/644
f 640/356/640 646/363/646 645/364/645 639/357/639
f 641/358/641 647/365/647 646/363/646 640/356/640
f 642/359/642 648/366/648 647/365/647 641/358/641
f 643/360/643 649/367/649 648/366/648 642/359/642
f 644/355/644 650/362/650 649/367/649 643/360/643
f 645/361/645 651/368/651 656/369/656 650/362/650
f 646/363/646 652/370/652 651/371/651 645/364/645
f 647/365/647 653/372/653 652/370/652 646/363/646
f 648/366/648 654/373/654 653/372/653 647/365/647
f 649/367/649 655/374/655 654/373/654 648/366/648
f 650/362/650 656/369/656 655/374/655 649/367/649
f 651/368/651 657/375/657 662/376/662 656/369/656
f 652/370/652 658/377/658 657/378/657 651/371/651
f 653/372/653 659/379/659 658/377/658 652/370/652
f 654/373/654 660/380/660 659/379/659 653/372/653
f 655/374/655 661/381/661 660/380/660 654/373/654
f 656/369/656 662/376/662 661/381/661 655/374/655
f 657/375/657 663/382/663 668/383/629 662/376/662
f 658/377/658 664/384/664 663/385/663 657/378/657
f 659/379/659 665/386/632 664/384/664 658/377/658
f 660/380/660 666/387/665 665/386/632 659/379/659
f 661/381/661 667/388/666 666/387/665 660/380/660
f 662/376/662 668/383/629 667/388/666 661/381/661
f 663/382/663 669/389/667 674/390/672 668/383/629
f 664/384/664 670/391/668 669/392/667 663/385/663
f 665/386/632 671/393/669 670/391/668 664/384/664
f 666/387/665 672/394/670 671/393/669 665/386/632
f 667/388/666 673/395/671 672/394/670 666/387/665
f 668/383/629 674/390/672 673/395/671 667/388/666
f 669/389/667 675/396/673 680/397/678 674/390/672
f 670/391/668 676/398/674 675/399/673 669/392/667
f 671/393/669 677/400/675 676/398/674 670/391/668
f 672/394/670 678/401/676 677/400/675 671/393/669
f 673/395/671 679/402/677 678/401/676 672/394/670
f 674/390/672 680/397/678 679/402/677 673/395/671
f 675/396/673 681/403/679 686/404/647 680/397/678
f 676/398/674 682/405/680 681/406/679 675/399/673
f 677/400/675 683/407/650 682/405/680 676/398/674
f 678/401/676 684/408/681 683/407/650 677/400/675
f 679/402/677 685/409/682 684/408/681 678/401/676
f 680/397/678 686/404/647 685/409/682 679/402/677
f 681/403/679 687/410/683 692/411/688 686/404/647
f 682/405/680 688/412/684 687/413/683 681/406/679
f 683/407/650 689/414/685 688/412/684 682/405/680
f 684/408/681 690/415/686 689/414/685 683/407/650
f 685/409/682 691/416/687 690/415/686 684/408/681
f 686/404/647 692/411/688 691/416/687 685/409/682
f 687/410/683 693/417/689 698/418/694 692/411/688
f 688/412/684 694/419/690 693/420/689 687/413/683
f 689/414/685 695/421/691 694/419/690 688/412/684
f 690/415/686 696/422/692 695/421/691 689/414/685
f 691/416/687 697/423/693 696/422/692 690/415/686
f 692/411/688 698/418/694 697/423/693 691/416/687
f 693/417/689 627/424/627 632/425/632 698/418/694
f 694/419/690 628/426/628 627/427/627 693/420/689
f 695/421/691 629/428/629 628/426/628 694/419/690
f 696/422/692 630/429/630 629/428/629 695/421/691
f 697/423/693 631/430/631 630/429/630 696/422/692
f 698/418/694 632/425/632 631/430/631 697/423/693
o sh_table_ring
v 0.000000 0.488307 0.101336
v 0.000000 0.488307 0.092033
v 0.000000 0.480251 0.087382
v -0.000000 0.472195 0.092033
v -0.000000 0.472195 0.101336
v 0.000000 0.480251 0.105987
v -0.051122 0.488307 0.087506
v -0.046461 0.488307 0.079456
v -0.044131 0.480251 0.075431
v -0.046461 0.472195 0.079456
v -0.051122 0.472195 0.087506
v -0.053453 0.480251 0.091531
v -0.087506 0.488307 0.051122
v -0.079456 0.488307 0.046461
v -0.075431 0.480251 0.044131
v -0.079456 0.472195 0.046461
v -0.087506 0.472195 0.051122
v -0.091531 0.480251 0.053453
v -0.101336 0.488307 0.000000
v -0.092033 0.488307 0.000000
v -0.087382 0.480251 -0.000000
v -0.092033 0.472195 -0.000000
v -0.101336 0.472195 -0.000000
v -0.105987 0.480251 0.000000
v -0.087506 0.488307 -0.051122
v -0.079456 0.488307 -0.046461
v -0.075431 0.480251 -0.044131
v -0.079456 0.472195 -0.046461
v -0.087506 0.472195 -0.051122
v -0.091531 0.480251 -0.053453
v -0.051122 0.488307 -0.087506
v -0.046461 0.488307 -0.079456
v -0.044131 0.480251 -0.075431
v -0.046461 0.472195 -0.079456
v -0.051122 0.472195 -0.087506
v -0.053453 0.480251 -0.091531
v -0.000000 0.488307 -0.101336
v -0.000000 0.488307 -0.092033
v 0.000000 0.480251 -0.087382
v 0.000000 0.472195 -0.092033
v 0.000000 0.472195 -0.101336
v -0.000000 0.480251 -0.105987
v 0.051122 0.488307 -0.087506
v 0.046461 0.488307 -0.079456
v 0.044131 0.480251 -0.075431
v 0.046461 0.472195 -0.079456
v 0.051122 0.472195 -0.087506
v 0.053453 0.480251 -0.091531
v 0.087506 0.488307 -0.051122
v 0.079456 0.488307 -0.046461
v 0.075431 0.480251 -0.044131
v 0.079456 0.472195 -0.046461
v 0.087506 0.472195 -0.051122
v 0.091531 0.480251 -0.053453
v 0.101336 0.488307 -0.000000
v 0.092033 0.488307 -0.000000
v 0.087382 0.480251 -0.000000
v 0.092033 0.472195 0.000000
v 0.101336 0.472195 0.000000
v 0.105987 0.480251 0.000000
v 0.087506 0.488307 0.051122
v 0.079456 0.488307 0.046461
v 0.075431 0.480251 0.044131
v 0.079456 0.472195 0.046461
v 0.087506 0.472195 0.051122
v 0.091531 0.480251 0.053453
v 0.051122 0.488307 0.087506
v 0.046461 0.488307 0.079456
v 0.044131 0.480251 0.075431
v 0.046461 0.472195 0.079456
v 0.051122 0.472195 0.087506
v 0.053453 0.480251 0.091531
vn -0.0000 0.8300 0.5577
vn -0.0000 0.9020 -0.4317
vn -0.0000 -0.0000 -1.0000
vn -0.0000 -0.9020 -0.4317
vn -0.0000 -0.8300 0.5577
vn -0.0000 -0.0000 1.0000
vn -0.2791 0.8304 0.4822
vn 0.2169 0.9015 -0.3746
vn 0.5011 -0.0000 -0.8654
vn 0.2169 -0.9015 -0.3746
vn -0.2791 -0.8304 0.4822
vn -0.5010 -0.0000 0.8654
vn -0.4822 0.8304 0.2791
vn 0.3746 0.9015 -0.2169
vn 0.8654 -0.0000 -0.5011
vn 0.3746 -0.9015 -0.2169
vn -0.4822 -0.8304 0.2791
vn -0.8654 -0.0000 0.5010
vn -0.5577 0.8300 -0.0000
vn 0.4317 0.9020 -0.0000
vn 1.0000 -0.0000 -0.0000
vn 0.4317 -0.9020 -0.0000
vn -0.5577 -0.8300 -0.0000
vn -1.0000 -0.0000 -0.0000
vn -0.4822 0.8304 -0.2791
vn 0.3746 0.9015 0.2169
vn 0.8654 -0.0000 0.5011
vn 0.3746 -0.9015 0.2169
vn -0.4822 -0.8304 -0.2791
vn -0.8654 -0.0000 -0.5010
vn -0.2791 0.8304 -0.4822
vn 0.2169 0.9015 0.3746
vn 0.5011 -0.0000 0.8654
vn 0.2169 -0.9015 0.3746
vn -0.2791 -0.8304 -0.4822
vn -0.5010 -0.0000 -0.8654
vn -0.0000 0.8300 -0.5577
vn -0.0000 0.9020 0.4317
vn -0.0000 -0.9020 0.4317
vn -0.0000 -0.8300 -0.5577
vn 0.2791 0.8304 -0.4822
vn -0.2169 0.9015 0.3746
vn -0.5011 -0.0000 0.8654
vn -0.2169 -0.9015 0.3746
vn 0.2791 -0.8304 -0.4822
vn 0.5010 -0.0000 -0.8654
vn 0.4822 0.8304 -0.2791
vn -0.3746 0.9015 0.2169
vn -0.8654 -0.0000 0.5011
vn -0.3746 -0.9015 0.2169
vn 0.4822 -0.8304 -0.2791
vn 0.8654 -0.0000 -0.5010
vn 0.5577 0.8300 -0.0000
vn -0.4317 0.9020 -0.0000
vn -0.4317 -0.9020 -0.0000
vn 0.5577 -0.8300 -0.0000
vn 0.4822 0.8304 0.2791
vn -0.3746 0.9015 -0.2169
vn -0.8654 -0.0000 -0.5011
vn -0.3746 -0.9015 -0.2169
vn 0.4822 -0.8304 0.2791
vn 0.8654 -0.0000 0.5010
vn 0.2791 0.8304 0.4822
vn -0.2169 0.9015 -0.3746
vn -0.5011 -0.0000 -0.8654
vn -0.2169 -0.9015 -0.3746
vn 0.2791 -0.8304 0.4822
vn 0.5010 -0.0000 0.8654
vt 0.000000 1.000000
vt 0.083333 1.000000
vt 0.083333 0.833333
vt 0.000000 0.833333
vt 0.000000 0.166667
vt 0.083333 0.166667
vt 0.083333 0.000000
vt 0.000000 0.000000
vt 0.000000 0.333333
vt 0.083333 0.333333
vt 0.000000 0.500000
vt 0.083333 0.500000
vt 0.000000 0.666667
vt 0.083333 0.666667
vt 0.166667 1.000000
vt 0.166667 0.833333
vt 0.166667 0.166667
vt 0.166667 0.000000
vt 0.166667 0.333333
vt 0.166667 0.500000
vt 0.166667 0.666667
vt 0.250000 1.000000
vt 0.250000 0.833333
vt 0.250000 0.166667
vt 0.250000 0.000000
vt 0.250000 0.333333
vt 0.250000 0.500000
vt 0.250000 0.666667
vt 0.333333 1.000000
vt 0.333333 0.833333
vt 0.333333 0.166667
vt 0.333333 0.000000
vt 0.333333 0.333333
vt 0.333333 0.500000
vt 0.333333 0.666667
vt 0.416667 1.000000
vt 0.416667 0.833333
vt 0.416667 0.166667
vt 0.416667 0.000000
vt 0.416667 0.333333
vt 0.416667 0.500000
vt 0.416667 0.666667
vt 0.500000 1.000000
vt 0.500000 0.833333
vt 0.500000 0.166667
vt 0.500000 0.000000
vt 0.500000 0.333333
vt 0.500000 0.500000
vt 0.500000 0.666667
vt 0.583333 1.000000
vt 0.583333 0.833333
vt 0.583333 0.166667
vt 0.583333 0.000000
vt 0.583333 0.333333
vt 0.583333 0.500000
vt 0.583333 0.666667
vt 0.666667 1.000000
vt 0.666667 0.833333
vt 0.666667 0.166667
vt 0.666667 0.000000
vt 0.666667 0.333333
vt 0.666667 0.500000
vt 0.666667 0.666667
vt 0.750000 1.000000
vt 0.750000 0.833333
vt 0.750000 0.166667
vt 0.750000 0.000000
vt 0.750000 0.333333
vt 0.750000 0.500000
vt 0.750000 0.666667
vt 0.833333 1.000000
vt 0.833333 0.833333
vt 0.833333 0.166667
vt 0.833333 0.000000
vt 0.833333 0.333333
vt 0.833333 0.500000
vt 0.833333 0.666667
vt 0.916667 1.000000
vt 0.916667 0.833333
vt 0.916667 0.166667
vt 0.916667 0.000000
vt 0.916667 0.333333
vt 0.916667 0.500000
vt 0.916667 0.666667
vt 1.000000 1.000000
vt 1.000000 0.833333
vt 1.000000 0.166667
vt 1.000000 0.000000
vt 1.000000 0.333333
vt 1.000000 0.500000
vt 1.000000 0.666667
s 1
f 699/431/695 705/432/701 710/433/706 704/434/700
f 700/435/696 706/436/702 705/437/701 699/438/695
f 701/439/697 707/440/703 706/436/702 700/435/696
f 702/441/698 708/442/704 707/440/703 701/439/697
f 703/443/699 709/444/705 708/442/704 702/441/698
f 704/434/700 710/433/706 709/444/705 703/443/699
f 705/432/701 711/445/707 716/446/712 710/433/706
f 706/436/702 712/447/708 711/448/707 705/437/701
f 707/440/703 713/449/709 712/447/708 706/436/702
f 708/442/704 714/450/710 713/449/709 707/440/703
f 709/444/705 715/451/711 714/450/710 708/442/704
f 710/433/706 716/446/712 715/451/711 709/444/705
f 711/445/707 717/452/713 722/453/718 716/446/712
f 712/447/708 718/454/714 717/455/713 711/448/707
f 713/449/709 719/456/715 718/454/714 712/447/708
f 714/450/710 720/457/716 719/456/715 713/449/709
f 715/451/711 721/458/717 720/457/716 714/450/710
f 716/446/712 722/453/718 721/458/717 715/451/711
f 717/452/713 723/459/719 728/460/724 722/453/718
f 718/454/714 724/461/720 723/462/719 717/455/713
f 719/456/715 725/463/721 724/461/720 718/454/714
f 720/457/716 726/464/722 725/463/721 719/456/715
f 721/458/717 727/465/723 726/464/722 720/457/716
f 722/453/718 728/460/724 727/465/723 721/458/717
f 723/459/719 729/466/725 734/467/730 728/460/724
f 724/461/720 730/468/726 729/469/725 723/462/719
f 725/463/721 731/470/727 730/468/726 724/461/720
f 726/464/722 732/471/728 731/470/727 725/463/721
f 727/465/723 733/472/729 732/471/728 726/464/722
f 728/460/724 734/467/730 733/472/729 727/465/723
f 729/466/725 735/473/731 740/474/697 734/467/730
f 730/468/726 736/475/732 735/476/731 729/469/725
f 731/470/727 737/477/700 736/475/732 730/468/726
f 732/471/728 738/478/733 737/477/700 731/470/727
f 733/472/729 739/479/734 738/478/733 732/471/728
f 734/467/730 740/474/697 739/479/734 733/472/729
f 735/473/731 741/480/735 746/481/740 740/474/697
f 736/475/732 742/482/736 741/483/735 735/476/731
f 737/477/700 743/484/737 742/482/736 736/475/732
f 738/478/733 744/485/738 743/484/737 737/477/700
f 739/479/734 745/486/739 744/485/738 738/478/733
f 740/474/697 746/481/740 745/486/739 739/479/734
f 741/480/735 747/487/741 752/488/746 746/481/740
f 742/482/736 748/489/742 747/490/741 741/483/735
f 743/484/737 749/491/743 748/489/742 742/482/736
f 744/485/738 750/492/744 749/491/743 743/484/737
f 745/486/739 751/493/745 750/492/744 744/485/738
f 746/481/740 752/488/746 751/493/745 745/486/739
f 747/487/741 753/494/747 758/495/715 752/488/746
f 748/489/742 754/496/748 753/497/747 747/490/741
f 749/491/743 755/498/718 754/496/748 748/489/742
f 750/492/744 756/499/749 755/498/718 749/491/743
f 751/493/745 757/500/750 756/499/749 750/492/744
f 752/488/746 758/495/715 757/500/750 751/493/745
f 753/494/747 759/501/751 764/502/756 758/495/715
f 754/496/748 760/503/752 759/504/751 753/497/747
f 755/498/718 761/505/753 760/503/752 754/496/748
f 756/499/749 762/506/754 761/505/753 755/498/718
f 757/500/750 763/507/755 762/506/754 756/499/749
f 758/495/715 764/502/756 763/507/755 757/500/750
f 759/501/751 765/508/757 770/509/762 764/502/756
f 760/503/752 766/510/758 765/511/757 759/504/751
f 761/505/753 767/512/759 766/510/758 760/503/752
f 762/506/754 768/513/760 767/512/759 761/505/753
f 763/507/755 769/514/761 768/513/760 762/506/754
f 764/502/756 770/509/762 769/514/761 763/507/755
f 765/508/757 699/515/695 704/516/700 770/509/762
f 766/510/758 700/517/696 699/518/695 765/511/757
f 767/512/759 701/519/697 700/517/696 766/510/758
f 768/513/760 702/520/698 701/519/697 767/512/759
f 769/514/761 703/521/699 702/520/698 768/513/760
f 770/509/762 704/516/700 703/521/699 769/514/761
o sh_table_metal_extrude
v 0.105132 0.399473 0.005000
v 0.105132 0.399473 -0.005000
v 0.113628 0.401151 -0.010000
v 0.122125 0.402828 -0.005000
v 0.122125 0.402828 0.005000
v 0.113628 0.401151 0.010000
v 0.127502 0.323285 0.005000
v 0.127502 0.323285 -0.005000
v 0.135613 0.326319 -0.010000
v 0.143725 0.329352 -0.005000
v 0.143725 0.329352 0.005000
v 0.135613 0.326319 0.010000
v 0.146016 0.330026 0.006412
v 0.146016 0.330026 -0.006412
v 0.135552 0.326301 -0.012774
v 0.125180 0.322603 -0.006357
v 0.135552 0.326301 0.012774
v 0.125180 0.322603 0.006357
v 0.124412 0.403500 0.006419
v 0.124412 0.403500 -0.006419
v 0.113551 0.401128 -0.012773
v 0.102806 0.398790 -0.006350
v 0.113551 0.401128 0.012773
v 0.102806 0.398790 0.006350
v -0.048236 0.399473 -0.093547
v -0.056896 0.399473 -0.088547
v -0.065474 0.401151 -0.093405
v -0.065392 0.402828 -0.103263
v -0.056732 0.402828 -0.108263
v -0.048154 0.401151 -0.103405
v -0.059421 0.323285 -0.112920
v -0.068081 0.323285 -0.107920
v -0.076467 0.326319 -0.112445
v -0.076193 0.329352 -0.121969
v -0.067532 0.329352 -0.126969
v -0.059146 0.326319 -0.122445
v -0.067455 0.330026 -0.129660
v -0.078561 0.330026 -0.123247
v -0.078838 0.326301 -0.111005
v -0.068096 0.322603 -0.105230
v -0.056714 0.326301 -0.123778
v -0.057084 0.322603 -0.111588
v -0.056647 0.403500 -0.110953
v -0.067765 0.403500 -0.104534
v -0.067838 0.401128 -0.091951
v -0.056902 0.398790 -0.085858
v -0.045714 0.401128 -0.104725
v -0.045904 0.398790 -0.092208
v -0.056896 0.399473 0.088547
v -0.048236 0.399473 0.093547
v -0.048154 0.401151 0.103405
v -0.056732 0.402828 0.108263
v -0.065392 0.402828 0.103263
v -0.065474 0.401151 0.093405
v -0.068081 0.323285 0.107920
v -0.059421 0.323285 0.112920
v -0.059146 0.326319 0.122445
v -0.067532 0.329352 0.126969
v -0.076193 0.329352 0.121969
v -0.076467 0.326319 0.112445
v -0.078561 0.330026 0.123247
v -0.067455 0.330026 0.129660
v -0.056714 0.326301 0.123778
v -0.057084 0.322603 0.111588
v -0.078838 0.326301 0.111005
v -0.068095 0.322603 0.105230
v -0.067765 0.403500 0.104534
v -0.056647 0.403500 0.110953
v -0.045714 0.401128 0.104725
v -0.045904 0.398790 0.092208
v -0.067838 0.401128 0.091952
v -0.056902 0.398790 0.085858
vn 0.3047 -0.9524 0.0132
vn 0.3271 -0.9450 -0.0006
vn 0.3271 -0.9450 -0.0014
vn 0.3050 -0.9522 0.0134
vn 0.3044 -0.9524 0.0143
vn 0.3271 -0.9450 0.0006
vn 0.3271 -0.9450 0.0014
vn 0.3040 -0.9526 0.0141
vn -0.2531 0.9673 -0.0180
vn -0.2240 0.9746 -0.0008
vn -0.2240 0.9746 -0.0021
vn -0.2536 0.9671 -0.0177
vn 0.3047 -0.9524 -0.0132
vn 0.3050 -0.9522 -0.0134
vn 0.3044 -0.9524 -0.0143
vn 0.3040 -0.9526 -0.0141
vn -0.2530 0.9673 0.0165
vn -0.2525 0.9675 0.0168
vn -0.2240 0.9746 0.0008
vn -0.2531 0.9673 0.0180
vn -0.2536 0.9672 0.0177
vn -0.2240 0.9746 0.0021
vn -0.2530 0.9673 -0.0165
vn -0.2525 0.9675 -0.0168
vn -0.0259 -0.0076 0.9996
vn -0.0213 -0.0062 0.9998
vn 0.8259 0.2428 0.5089
vn 0.8247 0.2425 0.5109
vn 0.8259 0.2428 -0.5089
vn 0.8247 0.2425 -0.5109
vn -0.0213 -0.0062 -0.9998
vn -0.0259 -0.0076 -0.9996
vn -0.8365 -0.2457 -0.4897
vn -0.8377 -0.2460 -0.4876
vn -0.8365 -0.2457 0.4897
vn -0.8377 -0.2460 0.4876
vn -0.1409 -0.9524 -0.2705
vn -0.1641 -0.9450 -0.2830
vn -0.1648 -0.9450 -0.2826
vn -0.1409 -0.9522 -0.2709
vn -0.1398 -0.9524 -0.2707
vn -0.1630 -0.9450 -0.2836
vn -0.1623 -0.9450 -0.2840
vn -0.1399 -0.9526 -0.2703
vn 0.1109 0.9673 0.2282
vn 0.1113 0.9746 0.1944
vn 0.1102 0.9746 0.1951
vn 0.1115 0.9672 0.2285
vn -0.1638 -0.9524 -0.2573
vn -0.1641 -0.9522 -0.2575
vn -0.1645 -0.9524 -0.2565
vn -0.1642 -0.9526 -0.2563
vn 0.1408 0.9673 0.2109
vn 0.1408 0.9675 0.2102
vn 0.1127 0.9746 0.1936
vn 0.1421 0.9673 0.2102
vn 0.1421 0.9672 0.2108
vn 0.1138 0.9746 0.1930
vn 0.1122 0.9673 0.2274
vn 0.1117 0.9675 0.2271
vn 0.8787 -0.0076 -0.4774
vn 0.8765 -0.0062 -0.4814
vn 0.0278 0.2428 -0.9697
vn 0.0301 0.2425 -0.9697
vn -0.8537 0.2428 -0.4608
vn -0.8548 0.2425 -0.4588
vn -0.8552 -0.0062 0.5183
vn -0.8528 -0.0076 0.5222
vn -0.0059 -0.2457 0.9693
vn -0.0035 -0.2460 0.9693
vn 0.8424 -0.2457 0.4796
vn 0.8411 -0.2460 0.4816
vn -0.1638 -0.9524 0.2573
vn -0.1630 -0.9450 0.2836
vn -0.1623 -0.9450 0.2840
vn -0.1641 -0.9522 0.2575
vn -0.1645 -0.9524 0.2565
vn -0.1641 -0.9450 0.2830
vn -0.1648 -0.9450 0.2826
vn -0.1642 -0.9526 0.2563
vn 0.1422 0.9673 -0.2102
vn 0.1127 0.9746 -0.1936
vn 0.1138 0.9746 -0.1930
vn 0.1421 0.9672 -0.2108
vn -0.1409 -0.9524 0.2705
vn -0.1409 -0.9522 0.2709
vn -0.1398 -0.9524 0.2707
vn -0.1398 -0.9526 0.2703
vn 0.1122 0.9673 -0.2274
vn 0.1117 0.9675 -0.2271
vn 0.1113 0.9746 -0.1944
vn 0.1109 0.9673 -0.2282
vn 0.1115 0.9672 -0.2285
vn 0.1102 0.9746 -0.1951
vn 0.1408 0.9673 -0.2109
vn 0.1408 0.9675 -0.2102
vn -0.8528 -0.0076 -0.5222
vn -0.8552 -0.0062 -0.5183
vn -0.8537 0.2428 0.4608
vn -0.8548 0.2425 0.4588
vn 0.0278 0.2428 0.9697
vn 0.0301 0.2425 0.9697
vn 0.8765 -0.0062 0.4814
vn 0.8787 -0.0076 0.4774
vn 0.8424 -0.2457 -0.4796
vn 0.8411 -0.2460 -0.4816
vn -0.0059 -0.2457 -0.9693
vn -0.0035 -0.2460 -0.9693
vt 0.466667 0.500000
vt 0.466667 0.333333
vt 0.466667 1.000000
vt 0.466667 0.833333
vt 0.400000 0.166667
vt 0.400000 0.333333
vt 0.466667 0.666667
vt 0.466667 0.166667
vt 0.466667 0.000000
vt 0.400000 0.500000
vt 0.400000 0.833333
vt 0.400000 1.000000
vt 0.400000 0.666667
vt 0.400000 0.000000
s 1
f 780/522/763 779/523/764 785/523/765 784/522/766
f 777/524/767 782/525/768 787/525/769 788/524/770
f 772/526/771 773/527/772 791/527/773 792/526/774
f 782/525/768 781/528/775 783/528/776 787/525/769
f 778/529/777 777/530/767 788/530/770 786/529/778
f 781/528/775 780/522/763 784/522/766 783/528/776
f 773/527/772 774/531/779 790/531/780 791/527/773
f 779/523/764 778/529/777 786/529/778 785/523/765
f 776/532/781 771/533/782 794/533/783 793/532/784
f 775/534/785 776/532/781 793/532/784 789/534/786
f 771/535/782 772/526/771 792/526/774 794/535/783
f 774/531/779 775/534/785 789/534/786 790/531/780
f 793/532/787 787/525/788 783/528/789 789/534/790
f 789/534/790 783/528/789 784/522/791 790/531/792
f 790/531/792 784/522/791 785/523/793 791/527/794
f 791/527/794 785/523/793 786/529/795 792/526/796
f 792/526/796 786/529/795 788/530/797 794/535/798
f 794/533/798 788/524/797 787/525/788 793/532/787
f 804/522/799 803/523/800 809/523/801 808/522/802
f 801/524/803 806/525/804 811/525/805 812/524/806
f 796/526/807 797/527/808 815/527/809 816/526/810
f 806/525/804 805/528/811 807/528/812 811/525/805
f 802/529/813 801/530/803 812/530/806 810/529/814
f 805/528/811 804/522/799 808/522/802 807/528/812
f 797/527/808 798/531/815 814/531/816 815/527/809
f 803/523/800 802/529/813 810/529/814 809/523/801
f 800/532/817 795/533/818 818/533/819 817/532/820
f 799/534/821 800/532/817 817/532/820 813/534/822
f 795/535/818 796/526/807 816/526/810 818/535/819
f 798/531/815 799/534/821 813/534/822 814/531/816
f 817/532/823 811/525/824 807/528/825 813/534/826
f 813/534/826 807/528/825 808/522/827 814/531/828
f 814/531/828 808/522/827 809/523/829 815/527/830
f 815/527/830 809/523/829 810/529/831 816/526/832
f 816/526/832 810/529/831 812/530/833 818/535/834
f 818/533/834 812/524/833 811/525/824 817/532/823
f 828/522/835 827/523/836 833/523/837 832/522/838
f 825/524/839 830/525/840 835/525/841 836/524/842
f 820/526/843 821/527/844 839/527/845 840/526/846
f 830/525/840 829/528/847 831/528/848 835/525/841
f 826/529/849 825/530/839 836/530/842 834/529/850
f 829/528/847 828/522/835 832/522/838 831/528/848
f 821/527/844 822/531/851 838/531/852 839/527/845
f 827/523/836 826/529/849 834/529/850 833/523/837
f 824/532/853 819/533/854 842/533/855 841/532/856
f 823/534/857 824/532/853 841/532/856 837/534/858
f 819/535/854 820/526/843 840/526/846 842/535/855
f 822/531/851 823/534/857 837/534/858 838/531/852
f 841/532/859 835/525/860 831/528/861 837/534/862
f 837/534/862 831/528/861 832/522/863 838/531/864
f 838/531/864 832/522/863 833/523/865 839/527/866
f 839/527/866 833/523/865 834/529/867 840/526/868
f 840/526/868 834/529/867 836/530/869 842/535/870
f 842/533/870 836/524/869 835/525/860 841/532/859
o sh_table_foot
v -0.145419 0.000000 -0.284107
v -0.149763 0.018600 -0.284107
v -0.149763 0.009386 -0.284107
v -0.145419 0.009386 -0.284107
v -0.152923 0.018600 -0.284107
v -0.155248 0.028972 -0.284107
v -0.154724 0.000000 -0.300224
v -0.156896 0.018600 -0.296462
v -0.156896 0.009386 -0.296462
v -0.154724 0.009386 -0.300224
v -0.158476 0.018600 -0.293726
v -0.159639 0.028972 -0.291711
v -0.173334 0.000000 -0.300224
v -0.171162 0.018600 -0.296462
v -0.171162 0.009386 -0.296462
v -0.173334 0.009386 -0.300224
v -0.169583 0.018600 -0.293726
v -0.168420 0.028972 -0.291711
v -0.182639 0.000000 -0.284107
v -0.178295 0.018600 -0.284107
v -0.178295 0.009386 -0.284107
v -0.182639 0.009386 -0.284107
v -0.175136 0.018600 -0.284107
v -0.172810 0.028972 -0.284107
v -0.173334 0.000000 -0.267990
v -0.171162 0.018600 -0.271752
v -0.171162 0.009386 -0.271752
v -0.173334 0.009386 -0.267990
v -0.169583 0.018600 -0.274488
v -0.168420 0.028972 -0.276503
v -0.154724 0.000000 -0.267990
v -0.156896 0.018600 -0.271752
v -0.156896 0.009386 -0.271752
v -0.154724 0.009386 -0.267990
v -0.158476 0.018600 -0.274488
v -0.159639 0.028972 -0.276503
v -0.173334 0.000000 0.267990
v -0.171162 0.018600 0.271752
v -0.171162 0.009386 0.271752
v -0.173334 0.009386 0.267990
v -0.169582 0.018600 0.274488
v -0.168420 0.028972 0.276503
v -0.182639 0.000000 0.284107
v -0.178295 0.018600 0.284107
v -0.178295 0.009386 0.284107
v -0.182639 0.009386 0.284107
v -0.175136 0.018600 0.284107
v -0.172810 0.028972 0.284107
v -0.173334 0.000000 0.300224
v -0.171162 0.018600 0.296462
v -0.171162 0.009386 0.296462
v -0.173334 0.009386 0.300224
v -0.169582 0.018600 0.293726
v -0.168420 0.028972 0.291711
v -0.154724 0.000000 0.300224
v -0.156896 0.018600 0.296462
v -0.156896 0.009386 0.296462
v -0.154724 0.009386 0.300224
v -0.158476 0.018600 0.293726
v -0.159639 0.028972 0.291711
v -0.145419 0.000000 0.284107
v -0.149763 0.018600 0.284107
v -0.149763 0.009386 0.284107
v -0.145419 0.009386 0.284107
v -0.152923 0.018600 0.284107
v -0.155248 0.028972 0.284107
v -0.154724 0.000000 0.267990
v -0.156896 0.018600 0.271752
v -0.156896 0.009386 0.271752
v -0.154724 0.009386 0.267990
v -0.158476 0.018600 0.274488
v -0.159639 0.028972 0.276503
v 0.318753 0.000000 0.016117
v 0.320925 0.018600 0.012355
v 0.320925 0.009386 0.012355
v 0.318753 0.009386 0.016117
v 0.322505 0.018600 0.009619
v 0.323668 0.028972 0.007604
v 0.337363 0.000000 0.016117
v 0.335191 0.018600 0.012355
v 0.335191 0.009386 0.012355
v 0.337363 0.009386 0.016117
v 0.333612 0.018600 0.009619
v 0.332449 0.028972 0.007604
v 0.346668 0.000000 -0.000000
v 0.342324 0.018600 -0.000000
v 0.342324 0.009386 -0.000000
v 0.346668 0.009386 -0.000000
v 0.339165 0.018600 -0.000000
v 0.336839 0.028972 -0.000000
v 0.337363 0.000000 -0.016117
v 0.335191 0.018600 -0.012355
v 0.335191 0.009386 -0.012355
v 0.337363 0.009386 -0.016117
v 0.333612 0.018600 -0.009619
v 0.332449 0.028972 -0.007604
v 0.318753 0.000000 -0.016117
v 0.320925 0.018600 -0.012355
v 0.320925 0.009386 -0.012355
v 0.318753 0.009386 -0.016117
v 0.322505 0.018600 -0.009619
v 0.323668 0.028972 -0.007604
v 0.309449 0.000000 -0.000000
v 0.313792 0.018600 -0.000000
v 0.313792 0.009386 -0.000000
v 0.309449 0.009386 -0.000000
v 0.316952 0.018600 -0.000000
v 0.319278 0.028972 -0.000000
vn -0.8501 -0.1906 0.4908
vn -0.0000 -0.1906 0.9817
vn 0.8501 -0.1906 0.4908
vn 0.8501 -0.1906 -0.4908
vn -0.0000 -0.1906 -0.9817
vn -0.8501 -0.1906 -0.4908
vn -0.0000 -1.0000 -0.0000
vn -0.8660 -0.0000 0.5000
vn -0.0000 -0.0000 1.0000
vn 0.8660 -0.0000 0.5000
vn 0.8660 -0.0000 -0.5000
vn -0.0000 -0.0000 -1.0000
vn -0.8660 -0.0000 -0.5000
vt 0.000000 0.018600
vt 0.000000 0.028972
vt 0.166667 0.028972
vt 0.166667 0.018600
vt 0.333333 0.028972
vt 0.333333 0.018600
vt 0.500000 0.028972
vt 0.500000 0.018600
vt 0.666667 0.028972
vt 0.666667 0.018600
vt 0.833333 0.028972
vt 0.833333 0.018600
vt 1.000000 0.028972
vt 1.000000 0.018600
vt 0.000000 0.009386
vt 0.166667 0.009386
vt 0.333333 0.009386
vt 0.500000 0.009386
vt 0.666667 0.009386
vt 0.833333 0.009386
vt 1.000000 0.009386
vt 0.000000 0.000000
vt 0.166667 0.000000
vt 0.333333 0.000000
vt 0.500000 0.000000
vt 0.666667 0.000000
vt 0.833333 0.000000
vt 1.000000 0.000000
s 0
f 847/536/871 848/537/871 854/538/871 853/539/871
f 853/539/872 854/538/872 860/540/872 859/541/872
f 859/541/873 860/540/873 866/542/873 865/543/873
f 865/543/874 866/542/874 872/544/874 871/545/874
f 871/545/875 872/544/875 878/546/875 877/547/875
f 877/547/876 878/546/876 848/548/876 847/549/876
f 844/536/877 847/536/877 853/539/877 850/539/877
f 850/539/877 853/539/877 859/541/877 856/541/877
f 856/541/877 859/541/877 865/543/877 862/543/877
f 862/543/877 865/543/877 871/545/877 868/545/877
f 868/545/877 871/545/877 877/547/877 874/547/877
f 874/547/877 877/547/877 847/549/877 844/549/877
f 845/550/878 844/536/878 850/539/878 851/551/878
f 851/551/879 850/539/879 856/541/879 857/552/879
f 857/552/880 856/541/880 862/543/880 863/553/880
f 863/553/881 862/543/881 868/545/881 869/554/881
f 869/554/882 868/545/882 874/547/882 875/555/882
f 875/555/883 874/547/883 844/549/883 845/556/883
f 846/550/877 845/550/877 851/551/877 852/551/877
f 852/551/877 851/551/877 857/552/877 858/552/877
f 858/552/877 857/552/877 863/553/877 864/553/877
f 864/553/877 863/553/877 869/554/877 870/554/877
f 870/554/877 869/554/877 875/555/877 876/555/877
f 876/555/877 875/555/877 845/556/877 846/556/877
f 843/557/878 846/550/878 852/551/878 849/558/878
f 849/558/879 852/551/879 858/552/879 855/559/879
f 855/559/880 858/552/880 864/553/880 861/560/880
f 861/560/881 864/553/881 870/554/881 867/561/881
f 867/561/882 870/554/882 876/555/882 873/562/882
f 873/562/883 876/555/883 846/556/883 843/563/883
f 883/536/873 884/537/873 890/538/873 889/539/873
f 889/539/874 890/538/874 896/540/874 895/541/874
f 895/541/875 896/540/875 902/542/875 901/543/875
f 901/543/876 902/542/876 908/544/876 907/545/876
f 907/545/871 908/544/871 914/546/871 913/547/871
f 913/547/872 914/546/872 884/548/872 883/549/872
f 880/536/877 883/536/877 889/539/877 886/539/877
f 886/539/877 889/539/877 895/541/877 892/541/877
f 892/541/877 895/541/877 901/543/877 898/543/877
f 898/543/877 901/543/877 907/545/877 904/545/877
f 904/545/877 907/545/877 913/547/877 910/547/877
f 910/547/877 913/547/877 883/549/877 880/549/877
f 881/550/880 880/536/880 886/539/880 887/551/880
f 887/551/881 886/539/881 892/541/881 893/552/881
f 893/552/882 892/541/882 898/543/882 899/553/882
f 899/553/883 898/543/883 904/545/883 905/554/883
f 905/554/878 904/545/878 910/547/878 911/555/878
f 911/555/879 910/547/879 880/549/879 881/556/879
f 882/550/877 881/550/877 887/551/877 888/551/877
f 888/551/877 887/551/877 893/552/877 894/552/877
f 894/552/877 893/552/877 899/553/877 900/553/877
f 900/553/877 899/553/877 905/554/877 906/554/877
f 906/554/877 905/554/877 911/555/877 912/555/877
f 912/555/877 911/555/877 881/556/877 882/556/877
f 879/557/880 882/550/880 888/551/880 885/558/880
f 885/558/881 888/551/881 894/552/881 891/559/881
f 891/559/882 894/552/882 900/553/882 897/560/882
f 897/560/883 900/553/883 906/554/883 903/561/883
f 903/561/878 906/554/878 912/555/878 909/562/878
f 909/562/879 912/555/879 882/556/879 879/563/879
f 919/536/875 920/537/875 926/538/875 925/539/875
f 925/539/876 926/538/876 932/540/876 931/541/876
f 931/541/871 932/540/871 938/542/871 937/543/871
f 937/543/872 938/542/872 944/544/872 943/545/872
f 943/545/873 944/544/873 950/546/873 949/547/873
f 949/547/874 950/546/874 920/548/874 919/549/874
f 916/536/877 919/536/877 925/539/877 922/539/877
f 922/539/877 925/539/877 931/541/877 928/541/877
f 928/541/877 931/541/877 937/543/877 934/543/877
f 934/543/877 937/543/877 943/545/877 940/545/877
f 940/545/877 943/545/877 949/547/877 946/547/877
f 946/547/877 949/547/877 919/549/877 916/549/877
f 917/550/882 916/536/882 922/539/882 923/551/882
f 923/551/883 922/539/883 928/541/883 929/552/883
f 929/552/878 928/541/878 934/543/878 935/553/878
f 935/553/879 934/543/879 940/545/879 941/554/879
f 941/554/880 940/545/880 946/547/880 947/555/880
f 947/555/881 946/547/881 916/549/881 917/556/881
f 918/550/877 917/550/877 923/551/877 924/551/877
f 924/551/877 923/551/877 929/552/877 930/552/877
f 930/552/877 929/552/877 935/553/877 936/553/877
f 936/553/877 935/553/877 941/554/877 942/554/877
f 942/554/877 941/554/877 947/555/877 948/555/877
f 948/555/877 947/555/877 917/556/877 918/556/877
f 915/557/882 918/550/882 924/551/882 921/558/882
f 921/558/883 924/551/883 930/552/883 927/559/883
f 927/559/878 930/552/878 936/553/878 933/560/878
f 933/560/879 936/553/879 942/554/879 939/561/879
f 939/561/880 942/554/880 948/555/880 945/562/880
f 945/562/881 948/555/881 918/556/881 915/563/881
o sh_table_triangle_foot_bevel
v 0.322748 0.001799 -0.006964
v 0.322748 0.007049 -0.006964
v 0.322748 0.007049 0.006964
v 0.322748 0.001799 0.006964
v -0.155343 0.001799 0.282990
v -0.155343 0.007049 0.282990
v -0.167405 0.007049 0.276026
v -0.167405 0.001799 0.276026
v -0.167405 0.001799 -0.276026
v -0.167405 0.007049 -0.276026
v -0.155343 0.007049 -0.282990
v -0.155343 0.001799 -0.282990
v 0.324539 0.004424 -0.008756
v 0.324539 0.004424 0.008756
v -0.154687 0.004424 0.285437
v -0.169852 0.004424 0.276682
v -0.169852 0.004424 -0.276682
v -0.154687 0.004424 -0.285437
v 0.000480 0.001799 -0.013096
v 0.011101 0.001799 -0.006964
v 0.004021 0.001799 -0.000324
v -0.001730 0.001799 -0.003644
v 0.011101 0.007049 -0.006964
v 0.000480 0.007049 -0.013096
v -0.001730 0.007049 -0.003644
v 0.004021 0.007049 -0.000324
v 0.011101 0.001799 0.006964
v 0.000480 0.001799 0.013096
v -0.001730 0.001799 0.003644
v 0.004021 0.001799 0.000324
v 0.000480 0.007049 0.013096
v 0.011101 0.007049 0.006964
v 0.004021 0.007049 0.000324
v -0.001730 0.007049 0.003644
v -0.011581 0.001799 0.006132
v -0.011581 0.001799 -0.006132
v -0.002291 0.001799 -0.003320
v -0.002291 0.001799 0.003320
v -0.011581 0.007049 -0.006132
v -0.011581 0.007049 0.006132
v -0.002291 0.007049 0.003320
v -0.002291 0.007049 -0.003320
v 0.012366 0.004424 -0.009149
v 0.001741 0.004424 -0.015284
v 0.012366 0.004424 0.009149
v 0.001741 0.004424 0.015284
v -0.014106 0.004424 0.006134
v -0.014106 0.004424 -0.006134
vn 0.3692 -0.8584 -0.3561
vn 0.3692 0.8584 -0.3561
vn 0.3692 0.8584 0.3561
vn 0.3692 -0.8584 0.3561
vn 0.1237 -0.8584 0.4978
vn 0.1237 0.8584 0.4978
vn -0.4930 0.8584 0.1417
vn -0.4930 -0.8584 0.1417
vn -0.4930 -0.8584 -0.1417
vn -0.4930 0.8584 -0.1417
vn 0.1237 0.8584 -0.4978
vn 0.1237 -0.8584 -0.4978
vn 0.7196 -0.0000 -0.6944
vn 0.7196 -0.0000 0.6944
vn 0.2416 -0.0000 0.9704
vn -0.9612 -0.0000 0.2760
vn -0.9612 -0.0000 -0.2760
vn 0.2416 -0.0000 -0.9704
vn 0.2401 -0.9379 -0.2505
vn 0.0969 -0.9379 -0.3332
vn -0.0000 -1.0000 -0.0000
vn 0.0969 0.9379 -0.3332
vn 0.2401 0.9379 -0.2505
vn -0.0000 1.0000 -0.0000
vn 0.0969 -0.9379 0.3332
vn 0.2401 -0.9379 0.2505
vn 0.2401 0.9379 0.2505
vn 0.0969 0.9379 0.3332
vn -0.3370 -0.9379 -0.0827
vn -0.3370 -0.9379 0.0827
vn -0.3370 0.9379 0.0827
vn -0.3370 0.9379 -0.0827
vn 0.2199 -0.0000 -0.9755
vn 0.7349 -0.0000 -0.6782
vn 0.2199 -0.0000 0.9755
vn 0.7349 -0.0000 0.6782
vn -0.9548 -0.0000 -0.2973
vn -0.9548 -0.0000 0.2973
vt 0.333333 0.500000
vt 0.333333 0.750000
vt -0.000000 0.750000
vt -0.000000 0.500000
vt 1.000000 0.750000
vt 1.000000 1.000000
vt 0.666667 1.000000
vt 0.666667 0.750000
vt 0.333333 1.000000
vt -0.000000 1.000000
vt 0.666667 0.500000
vt 1.000000 0.500000
vt -0.000000 0.668475
vt 0.079456 0.500000
vt -0.000000 0.831525
vt 0.079456 1.000000
vt 0.507754 0.500000
vt 0.706395 0.500000
vt 0.666667 0.957881
vt 0.746123 1.000000
vt 0.587210 1.000000
vt 0.174421 0.500000
vt 0.373061 0.500000
vt 0.333333 0.957881
vt 0.412789 1.000000
vt 0.253877 1.000000
vt 0.841088 0.500000
vt 0.650912 0.318375
vt 0.759670 0.130000
vt 0.740330 0.130000
vt 0.641242 0.301625
vt 0.841088 1.000000
vt 0.259670 0.130000
vt 0.358758 0.301625
vt 0.349088 0.318375
vt 0.150912 0.318375
vt 0.141242 0.301625
vt 0.240330 0.130000
vt 0.849088 0.318375
vt 0.858758 0.301625
s 1
f 959/564/892 967/565/900 968/566/901 962/567/895
f 963/568/896 952/569/885 953/570/886 964/571/897
f 965/571/898 956/570/889 957/572/890 966/565/899
f 967/565/900 960/572/893 961/573/894 968/566/901
f 955/574/888 965/571/898 966/565/899 958/564/891
f 951/575/884 963/568/896 964/571/897 954/574/887
f 969/567/902 970/576/903 971/567/904 972/577/904
f 973/578/905 974/573/906 975/579/907 976/573/907
f 977/574/908 978/574/909 979/580/904 980/581/904
f 981/570/910 982/582/911 983/583/907 984/584/907
f 985/564/912 986/564/913 987/585/904 988/586/904
f 989/572/914 990/587/915 991/588/907 992/589/907
f 994/566/917 974/573/906 973/578/905 993/566/916
f 996/571/919 978/574/909 977/574/908 995/571/918
f 998/565/921 986/564/913 985/564/912 997/565/920
f 969/567/902 994/566/917 993/566/916 970/576/903
f 981/570/910 996/571/919 995/571/918 982/582/911
f 989/572/914 998/565/921 997/565/920 990/587/915
f 971/590/904 970/575/903 977/574/908 980/581/904
f 969/567/902 962/567/895 968/566/901 994/566/917
f 993/568/916 963/568/896 951/575/884 970/575/903
f 972/591/904 979/592/904 988/593/904 987/594/904
f 987/585/904 986/564/913 969/567/902 972/577/904
f 983/583/907 982/582/911 973/569/905 976/595/907
f 994/566/917 968/566/901 961/573/894 974/573/906
f 984/596/907 983/597/907 976/598/907 975/599/907
f 973/569/905 952/569/885 963/568/896 993/568/916
f 975/579/907 974/573/906 989/572/914 992/589/907
f 996/571/919 965/571/898 955/574/888 978/574/909
f 977/574/908 954/574/887 964/571/897 995/571/918
f 979/580/904 978/574/909 985/564/912 988/586/904
f 981/570/910 956/570/889 965/571/898 996/571/919
f 995/571/918 964/571/897 953/570/886 982/582/911
f 991/588/907 990/587/915 981/570/910 984/584/907
f 998/565/921 967/565/900 959/564/892 986/564/913
f 985/564/912 958/564/891 966/565/899 997/565/920
f 989/572/914 960/572/893 967/565/900 998/565/921
f 997/565/920 966/565/899 957/572/890 990/587/915
f 981/570/910 990/587/915 957/572/890 956/570/889
f 989/572/914 974/573/906 961/573/894 960/572/893
f 973/569/905 982/582/911 953/570/886 952/569/885
f 975/599/907 992/600/907 991/601/907 984/596/907
f 979/592/904 972/591/904 971/602/904 980/603/904
f 969/567/902 986/564/913 959/564/892 962/567/895
f 977/574/908 970/575/903 951/575/884 954/574/887
f 985/564/912 978/574/909 955/574/888 958/564/891
